<VMAF version="47950a6">
  <params qualityWidth="1280" qualityHeight="720" />
  <fyi fps="14.00" />
  <frames>
    <frame frameNum="0" adm2="0.978227" adm_scale0="0.966999" adm_scale1="0.960947" adm_scale2="0.977564" adm_scale3="0.987723" motion2="0.000000" vif_scale0="0.602234" vif_scale1="0.934582" vif_scale2="0.968340" vif_scale3="0.980189" vmaf="89.698072" />
    <frame frameNum="1" adm2="0.965658" adm_scale0="0.951611" adm_scale1="0.937820" adm_scale2="0.964315" adm_scale3="0.981166" motion2="5.639671" vif_scale0="0.553351" vif_scale1="0.902676" vif_scale2="0.950593" vif_scale3="0.970552" vmaf="92.311378" />
    <frame frameNum="2" adm2="0.969333" adm_scale0="0.957528" adm_scale1="0.943425" adm_scale2="0.968870" adm_scale3="0.982895" motion2="5.106677" vif_scale0="0.567565" vif_scale1="0.913974" vif_scale2="0.957203" vif_scale3="0.974429" vmaf="93.082378" />
    <frame frameNum="3" adm2="0.964594" adm_scale0="0.951450" adm_scale1="0.935531" adm_scale2="0.963334" adm_scale3="0.980161" motion2="4.350933" vif_scale0="0.548261" vif_scale1="0.901646" vif_scale2="0.949567" vif_scale3="0.969588" vmaf="90.462336" />
    <frame frameNum="4" adm2="0.972006" adm_scale0="0.958014" adm_scale1="0.949041" adm_scale2="0.970352" adm_scale3="0.985327" motion2="3.279224" vif_scale0="0.553596" vif_scale1="0.918343" vif_scale2="0.961145" vif_scale3="0.977237" vmaf="91.902764" />
    <frame frameNum="5" adm2="0.964424" adm_scale0="0.949268" adm_scale1="0.935601" adm_scale2="0.961911" adm_scale3="0.980827" motion2="3.279224" vif_scale0="0.535771" vif_scale1="0.899683" vif_scale2="0.949735" vif_scale3="0.970319" vmaf="89.234793" />
    <frame frameNum="6" adm2="0.968754" adm_scale0="0.954832" adm_scale1="0.944152" adm_scale2="0.966828" adm_scale3="0.982874" motion2="4.885628" vif_scale0="0.560655" vif_scale1="0.914441" vif_scale2="0.957869" vif_scale3="0.975048" vmaf="92.781180" />
    <frame frameNum="7" adm2="0.965558" adm_scale0="0.954262" adm_scale1="0.937414" adm_scale2="0.964961" adm_scale3="0.980008" motion2="4.776041" vif_scale0="0.565318" vif_scale1="0.905338" vif_scale2="0.950865" vif_scale3="0.970276" vmaf="91.269702" />
    <frame frameNum="8" adm2="0.972829" adm_scale0="0.960340" adm_scale1="0.948554" adm_scale2="0.973497" adm_scale3="0.985346" motion2="4.056862" vif_scale0="0.567381" vif_scale1="0.927719" vif_scale2="0.965829" vif_scale3="0.980020" vmaf="93.440103" />
    <frame frameNum="9" adm2="0.966081" adm_scale0="0.953687" adm_scale1="0.937246" adm_scale2="0.965871" adm_scale3="0.980699" motion2="4.056862" vif_scale0="0.552771" vif_scale1="0.908902" vif_scale2="0.954086" vif_scale3="0.972552" vmaf="90.866947" />
    <frame frameNum="10" adm2="0.968465" adm_scale0="0.954825" adm_scale1="0.941917" adm_scale2="0.968933" adm_scale3="0.982106" motion2="6.112095" vif_scale0="0.570274" vif_scale1="0.914812" vif_scale2="0.957362" vif_scale3="0.973776" vmaf="94.019728" />
    <frame frameNum="11" adm2="0.963835" adm_scale0="0.952975" adm_scale1="0.931533" adm_scale2="0.961794" adm_scale3="0.980283" motion2="4.545020" vif_scale0="0.554720" vif_scale1="0.907656" vif_scale2="0.953173" vif_scale3="0.972007" vmaf="90.874667" />
    <frame frameNum="12" adm2="0.971477" adm_scale0="0.957665" adm_scale1="0.944361" adm_scale2="0.971961" adm_scale3="0.985053" motion2="3.989195" vif_scale0="0.567730" vif_scale1="0.924782" vif_scale2="0.963698" vif_scale3="0.978663" vmaf="92.860862" />
    <frame frameNum="13" adm2="0.964458" adm_scale0="0.951644" adm_scale1="0.934057" adm_scale2="0.962515" adm_scale3="0.980663" motion2="3.152309" vif_scale0="0.559996" vif_scale1="0.910134" vif_scale2="0.953368" vif_scale3="0.971518" vmaf="89.320952" />
    <frame frameNum="14" adm2="0.968003" adm_scale0="0.955024" adm_scale1="0.940510" adm_scale2="0.965354" adm_scale3="0.983451" motion2="3.152309" vif_scale0="0.564335" vif_scale1="0.917940" vif_scale2="0.959458" vif_scale3="0.976238" vmaf="90.724071" />
    <frame frameNum="15" adm2="0.964825" adm_scale0="0.951559" adm_scale1="0.934989" adm_scale2="0.964279" adm_scale3="0.980074" motion2="3.406580" vif_scale0="0.562317" vif_scale1="0.914335" vif_scale2="0.956606" vif_scale3="0.973894" vmaf="90.034894" />
    <frame frameNum="16" adm2="0.977796" adm_scale0="0.966215" adm_scale1="0.956788" adm_scale2="0.978389" adm_scale3="0.988153" motion2="4.074044" vif_scale0="0.607464" vif_scale1="0.943516" vif_scale2="0.973577" vif_scale3="0.984392" vmaf="95.235479" />
    <frame frameNum="17" adm2="0.969828" adm_scale0="0.957419" adm_scale1="0.941666" adm_scale2="0.970120" adm_scale3="0.983363" motion2="3.065302" vif_scale0="0.576668" vif_scale1="0.924931" vif_scale2="0.963143" vif_scale3="0.978027" vmaf="91.311996" />
    <frame frameNum="18" adm2="0.971348" adm_scale0="0.958275" adm_scale1="0.944605" adm_scale2="0.970016" adm_scale3="0.985451" motion2="3.065302" vif_scale0="0.579592" vif_scale1="0.926952" vif_scale2="0.964930" vif_scale3="0.979207" vmaf="91.811403" />
    <frame frameNum="19" adm2="0.969233" adm_scale0="0.957578" adm_scale1="0.940494" adm_scale2="0.970372" adm_scale3="0.982784" motion2="3.216635" vif_scale0="0.571447" vif_scale1="0.923466" vif_scale2="0.962571" vif_scale3="0.977491" vmaf="91.302354" />
    <frame frameNum="20" adm2="0.973406" adm_scale0="0.960670" adm_scale1="0.948228" adm_scale2="0.974078" adm_scale3="0.986172" motion2="2.992759" vif_scale0="0.577814" vif_scale1="0.933372" vif_scale2="0.968965" vif_scale3="0.981890" vmaf="92.572481" />
    <frame frameNum="21" adm2="0.969496" adm_scale0="0.957099" adm_scale1="0.940656" adm_scale2="0.969494" adm_scale3="0.983829" motion2="2.992759" vif_scale0="0.564938" vif_scale1="0.922465" vif_scale2="0.962099" vif_scale3="0.977579" vmaf="91.080896" />
    <frame frameNum="22" adm2="0.970478" adm_scale0="0.956847" adm_scale1="0.943866" adm_scale2="0.970168" adm_scale3="0.984369" motion2="3.364288" vif_scale0="0.557400" vif_scale1="0.919861" vif_scale2="0.961553" vif_scale3="0.977632" vmaf="91.723614" />
    <frame frameNum="23" adm2="0.969083" adm_scale0="0.954361" adm_scale1="0.942774" adm_scale2="0.969159" adm_scale3="0.983304" motion2="2.941125" vif_scale0="0.553194" vif_scale1="0.918759" vif_scale2="0.961239" vif_scale3="0.977385" vmaf="90.884879" />
    <frame frameNum="24" adm2="0.973667" adm_scale0="0.962223" adm_scale1="0.949263" adm_scale2="0.974398" adm_scale3="0.985451" motion2="2.941125" vif_scale0="0.566875" vif_scale1="0.925998" vif_scale2="0.964955" vif_scale3="0.979547" vmaf="92.200945" />
    <frame frameNum="25" adm2="0.969012" adm_scale0="0.957901" adm_scale1="0.942853" adm_scale2="0.967316" adm_scale3="0.983226" motion2="2.852221" vif_scale0="0.557035" vif_scale1="0.917297" vif_scale2="0.960175" vif_scale3="0.976746" vmaf="90.658206" />
    <frame frameNum="26" adm2="0.970236" adm_scale0="0.959035" adm_scale1="0.945762" adm_scale2="0.967733" adm_scale3="0.984319" motion2="2.776766" vif_scale0="0.562361" vif_scale1="0.921131" vif_scale2="0.962099" vif_scale3="0.977774" vmaf="90.994749" />
    <frame frameNum="27" adm2="0.969009" adm_scale0="0.957159" adm_scale1="0.941130" adm_scale2="0.968013" adm_scale3="0.983875" motion2="2.509950" vif_scale0="0.555907" vif_scale1="0.917311" vif_scale2="0.960147" vif_scale3="0.976257" vmaf="90.205255" />
    <frame frameNum="28" adm2="0.972295" adm_scale0="0.960519" adm_scale1="0.944874" adm_scale2="0.973392" adm_scale3="0.985253" motion2="2.509950" vif_scale0="0.567361" vif_scale1="0.927807" vif_scale2="0.966415" vif_scale3="0.980406" vmaf="91.516760" />
    <frame frameNum="29" adm2="0.968410" adm_scale0="0.957191" adm_scale1="0.939322" adm_scale2="0.969286" adm_scale3="0.982237" motion2="2.816446" vif_scale0="0.560030" vif_scale1="0.917485" vif_scale2="0.959902" vif_scale3="0.976316" vmaf="90.436152" />
    <frame frameNum="30" adm2="0.969602" adm_scale0="0.958055" adm_scale1="0.942337" adm_scale2="0.968383" adm_scale3="0.984014" motion2="2.816446" vif_scale0="0.564424" vif_scale1="0.921248" vif_scale2="0.962533" vif_scale3="0.977843" vmaf="90.928137" />
    <frame frameNum="31" adm2="0.969286" adm_scale0="0.956079" adm_scale1="0.942619" adm_scale2="0.968936" adm_scale3="0.983827" motion2="2.870256" vif_scale0="0.558675" vif_scale1="0.921694" vif_scale2="0.962295" vif_scale3="0.977609" vmaf="90.904810" />
    <frame frameNum="32" adm2="0.976810" adm_scale0="0.964288" adm_scale1="0.953942" adm_scale2="0.978425" adm_scale3="0.987957" motion2="2.870256" vif_scale0="0.590054" vif_scale1="0.939350" vif_scale2="0.972391" vif_scale3="0.983741" vmaf="93.457434" />
    <frame frameNum="33" adm2="0.968414" adm_scale0="0.958496" adm_scale1="0.939030" adm_scale2="0.969014" adm_scale3="0.981874" motion2="4.198459" vif_scale0="0.564903" vif_scale1="0.920131" vif_scale2="0.961097" vif_scale3="0.976982" vmaf="92.196719" />
    <frame frameNum="34" adm2="0.968968" adm_scale0="0.956405" adm_scale1="0.938587" adm_scale2="0.968689" adm_scale3="0.984005" motion2="4.198459" vif_scale0="0.562409" vif_scale1="0.919744" vif_scale2="0.961737" vif_scale3="0.977926" vmaf="92.419956" />
    <frame frameNum="35" adm2="0.966924" adm_scale0="0.955529" adm_scale1="0.936841" adm_scale2="0.965302" adm_scale3="0.982267" motion2="5.916987" vif_scale0="0.559592" vif_scale1="0.913746" vif_scale2="0.958288" vif_scale3="0.975367" vmaf="93.629202" />
    <frame frameNum="36" adm2="0.971532" adm_scale0="0.960333" adm_scale1="0.945226" adm_scale2="0.969872" adm_scale3="0.984906" motion2="6.934131" vif_scale0="0.589394" vif_scale1="0.924432" vif_scale2="0.964120" vif_scale3="0.979250" vmaf="96.372454" />
    <frame frameNum="37" adm2="0.966969" adm_scale0="0.957486" adm_scale1="0.934690" adm_scale2="0.963025" adm_scale3="0.983417" motion2="7.691448" vif_scale0="0.574705" vif_scale1="0.910236" vif_scale2="0.956150" vif_scale3="0.974445" vmaf="95.486373" />
    <frame frameNum="38" adm2="0.966192" adm_scale0="0.959373" adm_scale1="0.932943" adm_scale2="0.964550" adm_scale3="0.980569" motion2="8.290002" vif_scale0="0.585528" vif_scale1="0.914216" vif_scale2="0.957395" vif_scale3="0.975066" vmaf="96.102403" />
    <frame frameNum="39" adm2="0.965370" adm_scale0="0.957408" adm_scale1="0.938102" adm_scale2="0.959882" adm_scale3="0.980038" motion2="9.201682" vif_scale0="0.585633" vif_scale1="0.911480" vif_scale2="0.954449" vif_scale3="0.972526" vmaf="96.598093" />
    <frame frameNum="40" adm2="0.970465" adm_scale0="0.963011" adm_scale1="0.946508" adm_scale2="0.967611" adm_scale3="0.982210" motion2="9.585089" vif_scale0="0.595739" vif_scale1="0.922202" vif_scale2="0.961426" vif_scale3="0.977570" vmaf="98.847649" />
    <frame frameNum="41" adm2="0.966626" adm_scale0="0.959985" adm_scale1="0.938515" adm_scale2="0.960977" adm_scale3="0.981085" motion2="9.823271" vif_scale0="0.585553" vif_scale1="0.910889" vif_scale2="0.954566" vif_scale3="0.972887" vmaf="97.576026" />
    <frame frameNum="42" adm2="0.966664" adm_scale0="0.961365" adm_scale1="0.941865" adm_scale2="0.959134" adm_scale3="0.981018" motion2="9.695138" vif_scale0="0.582859" vif_scale1="0.912136" vif_scale2="0.955699" vif_scale3="0.973890" vmaf="97.572977" />
    <frame frameNum="43" adm2="0.964810" adm_scale0="0.959930" adm_scale1="0.935654" adm_scale2="0.960267" adm_scale3="0.978837" motion2="9.695138" vif_scale0="0.579425" vif_scale1="0.910635" vif_scale2="0.953959" vif_scale3="0.972535" vmaf="96.985691" />
    <frame frameNum="44" adm2="0.967393" adm_scale0="0.962386" adm_scale1="0.939644" adm_scale2="0.961785" adm_scale3="0.981609" motion2="9.964064" vif_scale0="0.595936" vif_scale1="0.921389" vif_scale2="0.960934" vif_scale3="0.977506" vmaf="98.565451" />
    <frame frameNum="45" adm2="0.961858" adm_scale0="0.958165" adm_scale1="0.931677" adm_scale2="0.954236" adm_scale3="0.977740" motion2="9.690370" vif_scale0="0.585467" vif_scale1="0.909770" vif_scale2="0.953486" vif_scale3="0.972308" vmaf="96.310214" />
    <frame frameNum="46" adm2="0.963577" adm_scale0="0.960179" adm_scale1="0.934109" adm_scale2="0.957850" adm_scale3="0.977922" motion2="9.690370" vif_scale0="0.604406" vif_scale1="0.921891" vif_scale2="0.959346" vif_scale3="0.975598" vmaf="97.236290" />
    <frame frameNum="47" adm2="0.963237" adm_scale0="0.962928" adm_scale1="0.933993" adm_scale2="0.955845" adm_scale3="0.977125" motion2="9.335769" vif_scale0="0.606282" vif_scale1="0.920588" vif_scale2="0.957702" vif_scale3="0.973673" vmaf="96.552283" />
    <frame frameNum="48" adm2="0.979188" adm_scale0="0.968898" adm_scale1="0.957408" adm_scale2="0.977590" adm_scale3="0.990085" motion2="9.335769" vif_scale0="0.659977" vif_scale1="0.956159" vif_scale2="0.977982" vif_scale3="0.986516" vmaf="102.083181" />
    <frame frameNum="49" adm2="0.966083" adm_scale0="0.961594" adm_scale1="0.936357" adm_scale2="0.961417" adm_scale3="0.979744" motion2="9.337810" vif_scale0="0.613307" vif_scale1="0.926950" vif_scale2="0.961359" vif_scale3="0.975934" vmaf="97.527839" />
    <frame frameNum="50" adm2="0.968632" adm_scale0="0.963876" adm_scale1="0.939154" adm_scale2="0.963551" adm_scale3="0.982114" motion2="9.054583" vif_scale0="0.605322" vif_scale1="0.922868" vif_scale2="0.960541" vif_scale3="0.976773" vmaf="97.780861" />
    <frame frameNum="51" adm2="0.966214" adm_scale0="0.960636" adm_scale1="0.934135" adm_scale2="0.960305" adm_scale3="0.981289" motion2="9.041745" vif_scale0="0.597092" vif_scale1="0.918803" vif_scale2="0.958133" vif_scale3="0.975149" vmaf="96.995075" />
    <frame frameNum="52" adm2="0.972015" adm_scale0="0.964797" adm_scale1="0.945521" adm_scale2="0.969376" adm_scale3="0.984366" motion2="8.486893" vif_scale0="0.606037" vif_scale1="0.925850" vif_scale2="0.963540" vif_scale3="0.979060" vmaf="98.202370" />
    <frame frameNum="53" adm2="0.967103" adm_scale0="0.961265" adm_scale1="0.937660" adm_scale2="0.961092" adm_scale3="0.982495" motion2="7.573438" vif_scale0="0.573756" vif_scale1="0.907206" vif_scale2="0.954229" vif_scale3="0.973799" vmaf="95.243734" />
    <frame frameNum="54" adm2="0.971003" adm_scale0="0.961766" adm_scale1="0.947788" adm_scale2="0.969138" adm_scale3="0.982827" motion2="7.007406" vif_scale0="0.570597" vif_scale1="0.907184" vif_scale2="0.955235" vif_scale3="0.974507" vmaf="95.543970" />
    <frame frameNum="55" adm2="0.968746" adm_scale0="0.957587" adm_scale1="0.942078" adm_scale2="0.968633" adm_scale3="0.981795" motion2="6.151161" vif_scale0="0.551324" vif_scale1="0.900633" vif_scale2="0.953375" vif_scale3="0.974299" vmaf="93.976398" />
    <frame frameNum="56" adm2="0.972258" adm_scale0="0.961703" adm_scale1="0.947309" adm_scale2="0.969688" adm_scale3="0.985525" motion2="6.116088" vif_scale0="0.545346" vif_scale1="0.902499" vif_scale2="0.956690" vif_scale3="0.976522" vmaf="95.014970" />
    <frame frameNum="57" adm2="0.969204" adm_scale0="0.958230" adm_scale1="0.941117" adm_scale2="0.967664" adm_scale3="0.983401" motion2="6.116088" vif_scale0="0.546889" vif_scale1="0.899098" vif_scale2="0.953703" vif_scale3="0.974638" vmaf="94.074708" />
    <frame frameNum="58" adm2="0.969515" adm_scale0="0.959776" adm_scale1="0.944915" adm_scale2="0.965860" adm_scale3="0.983548" motion2="7.095902" vif_scale0="0.562352" vif_scale1="0.905853" vif_scale2="0.956385" vif_scale3="0.975534" vmaf="95.450675" />
    <frame frameNum="59" adm2="0.969542" adm_scale0="0.958412" adm_scale1="0.941862" adm_scale2="0.965991" adm_scale3="0.984382" motion2="7.340748" vif_scale0="0.557942" vif_scale1="0.904114" vif_scale2="0.954496" vif_scale3="0.974280" vmaf="95.549244" />
    <frame frameNum="60" adm2="0.973491" adm_scale0="0.962785" adm_scale1="0.948731" adm_scale2="0.972672" adm_scale3="0.985839" motion2="7.373094" vif_scale0="0.580819" vif_scale1="0.918469" vif_scale2="0.962602" vif_scale3="0.979348" vmaf="97.221297" />
    <frame frameNum="61" adm2="0.969623" adm_scale0="0.959060" adm_scale1="0.937141" adm_scale2="0.966618" adm_scale3="0.984863" motion2="7.932577" vif_scale0="0.566072" vif_scale1="0.907452" vif_scale2="0.955827" vif_scale3="0.974450" vmaf="96.307035" />
    <frame frameNum="62" adm2="0.969820" adm_scale0="0.959341" adm_scale1="0.937102" adm_scale2="0.968812" adm_scale3="0.984497" motion2="8.347490" vif_scale0="0.568981" vif_scale1="0.908998" vif_scale2="0.956905" vif_scale3="0.975379" vmaf="96.933704" />
    <frame frameNum="63" adm2="0.967570" adm_scale0="0.956256" adm_scale1="0.935783" adm_scale2="0.964312" adm_scale3="0.983081" motion2="8.881413" vif_scale0="0.574230" vif_scale1="0.912223" vif_scale2="0.957971" vif_scale3="0.976043" vmaf="97.143625" />
    <frame frameNum="64" adm2="0.976369" adm_scale0="0.962496" adm_scale1="0.951871" adm_scale2="0.975170" adm_scale3="0.989028" motion2="9.587723" vif_scale0="0.592247" vif_scale1="0.928647" vif_scale2="0.967906" vif_scale3="0.981751" vmaf="100.753007" />
    <frame frameNum="65" adm2="0.968215" adm_scale0="0.958067" adm_scale1="0.933319" adm_scale2="0.965977" adm_scale3="0.984066" motion2="10.133101" vif_scale0="0.564156" vif_scale1="0.907882" vif_scale2="0.956907" vif_scale3="0.975537" vmaf="98.530535" />
    <frame frameNum="66" adm2="0.968342" adm_scale0="0.957164" adm_scale1="0.932512" adm_scale2="0.967535" adm_scale3="0.983507" motion2="10.653828" vif_scale0="0.569844" vif_scale1="0.911479" vif_scale2="0.958479" vif_scale3="0.976270" vmaf="99.247643" />
    <frame frameNum="67" adm2="0.968077" adm_scale0="0.958068" adm_scale1="0.930860" adm_scale2="0.967352" adm_scale3="0.983894" motion2="11.115594" vif_scale0="0.577559" vif_scale1="0.911737" vif_scale2="0.956854" vif_scale3="0.974805" vmaf="99.500535" />
    <frame frameNum="68" adm2="0.972804" adm_scale0="0.960705" adm_scale1="0.943736" adm_scale2="0.971179" adm_scale3="0.986274" motion2="11.631356" vif_scale0="0.584023" vif_scale1="0.920252" vif_scale2="0.962794" vif_scale3="0.978851" vmaf="101.659663" />
    <frame frameNum="69" adm2="0.966064" adm_scale0="0.955934" adm_scale1="0.930625" adm_scale2="0.963864" adm_scale3="0.982098" motion2="11.631356" vif_scale0="0.587388" vif_scale1="0.913907" vif_scale2="0.956991" vif_scale3="0.974674" vmaf="99.617953" />
    <frame frameNum="70" adm2="0.966742" adm_scale0="0.958994" adm_scale1="0.928663" adm_scale2="0.963434" adm_scale3="0.982566" motion2="12.472349" vif_scale0="0.592685" vif_scale1="0.920124" vif_scale2="0.960097" vif_scale3="0.976342" vmaf="100.913701" />
    <frame frameNum="71" adm2="0.962481" adm_scale0="0.954847" adm_scale1="0.921783" adm_scale2="0.955589" adm_scale3="0.980567" motion2="12.472349" vif_scale0="0.594881" vif_scale1="0.918552" vif_scale2="0.958352" vif_scale3="0.975396" vmaf="99.846844" />
    <frame frameNum="72" adm2="0.968742" adm_scale0="0.960247" adm_scale1="0.937275" adm_scale2="0.965741" adm_scale3="0.983221" motion2="13.029011" vif_scale0="0.599144" vif_scale1="0.926329" vif_scale2="0.963141" vif_scale3="0.977913" vmaf="102.189326" />
    <frame frameNum="73" adm2="0.965386" adm_scale0="0.958354" adm_scale1="0.932437" adm_scale2="0.959857" adm_scale3="0.981092" motion2="12.860599" vif_scale0="0.590828" vif_scale1="0.916923" vif_scale2="0.957828" vif_scale3="0.974931" vmaf="100.793997" />
    <frame frameNum="74" adm2="0.968645" adm_scale0="0.960186" adm_scale1="0.934450" adm_scale2="0.965909" adm_scale3="0.983710" motion2="12.854736" vif_scale0="0.593706" vif_scale1="0.921047" vif_scale2="0.960706" vif_scale3="0.976639" vmaf="101.763643" />
    <frame frameNum="75" adm2="0.967397" adm_scale0="0.959506" adm_scale1="0.934167" adm_scale2="0.962049" adm_scale3="0.982878" motion2="12.854736" vif_scale0="0.595985" vif_scale1="0.919313" vif_scale2="0.958446" vif_scale3="0.974941" vmaf="101.265160" />
    <frame frameNum="76" adm2="0.973545" adm_scale0="0.965201" adm_scale1="0.941834" adm_scale2="0.971424" adm_scale3="0.986503" motion2="13.063421" vif_scale0="0.609807" vif_scale1="0.931955" vif_scale2="0.966294" vif_scale3="0.979765" vmaf="103.582293" />
    <frame frameNum="77" adm2="0.969941" adm_scale0="0.961408" adm_scale1="0.937890" adm_scale2="0.965386" adm_scale3="0.984550" motion2="12.974502" vif_scale0="0.600865" vif_scale1="0.922738" vif_scale2="0.960106" vif_scale3="0.975921" vmaf="102.101097" />
    <frame frameNum="78" adm2="0.968770" adm_scale0="0.960363" adm_scale1="0.933063" adm_scale2="0.965705" adm_scale3="0.983970" motion2="12.800354" vif_scale0="0.608596" vif_scale1="0.926990" vif_scale2="0.962048" vif_scale3="0.976815" vmaf="101.854741" />
    <frame frameNum="79" adm2="0.966093" adm_scale0="0.958250" adm_scale1="0.932159" adm_scale2="0.959417" adm_scale3="0.982675" motion2="12.800354" vif_scale0="0.602324" vif_scale1="0.921084" vif_scale2="0.958068" vif_scale3="0.973873" vmaf="100.847113" />
    <frame frameNum="80" adm2="0.978930" adm_scale0="0.966924" adm_scale1="0.953301" adm_scale2="0.978713" adm_scale3="0.989984" motion2="12.288285" vif_scale0="0.646711" vif_scale1="0.954735" vif_scale2="0.977792" vif_scale3="0.986373" vmaf="105.143693" />
    <frame frameNum="81" adm2="0.966667" adm_scale0="0.958253" adm_scale1="0.932150" adm_scale2="0.960271" adm_scale3="0.983779" motion2="12.156039" vif_scale0="0.600704" vif_scale1="0.923209" vif_scale2="0.960519" vif_scale3="0.976548" vmaf="100.632347" />
    <frame frameNum="82" adm2="0.966005" adm_scale0="0.955557" adm_scale1="0.926068" adm_scale2="0.962608" adm_scale3="0.983599" motion2="11.749644" vif_scale0="0.606579" vif_scale1="0.927229" vif_scale2="0.962688" vif_scale3="0.977399" vmaf="100.251705" />
    <frame frameNum="83" adm2="0.965090" adm_scale0="0.955287" adm_scale1="0.924466" adm_scale2="0.961842" adm_scale3="0.983060" motion2="11.213417" vif_scale0="0.595683" vif_scale1="0.920691" vif_scale2="0.959338" vif_scale3="0.975332" vmaf="99.153588" />
    <frame frameNum="84" adm2="0.969516" adm_scale0="0.958813" adm_scale1="0.936521" adm_scale2="0.967249" adm_scale3="0.984362" motion2="11.213417" vif_scale0="0.606758" vif_scale1="0.929226" vif_scale2="0.964878" vif_scale3="0.979279" vmaf="100.699335" />
    <frame frameNum="85" adm2="0.966970" adm_scale0="0.956742" adm_scale1="0.925697" adm_scale2="0.962628" adm_scale3="0.985030" motion2="10.529059" vif_scale0="0.588287" vif_scale1="0.917665" vif_scale2="0.957462" vif_scale3="0.973874" vmaf="98.624649" />
    <frame frameNum="86" adm2="0.965767" adm_scale0="0.955289" adm_scale1="0.928424" adm_scale2="0.962815" adm_scale3="0.982048" motion2="9.761002" vif_scale0="0.590541" vif_scale1="0.919423" vif_scale2="0.959253" vif_scale3="0.975619" vmaf="97.762960" />
    <frame frameNum="87" adm2="0.966116" adm_scale0="0.953765" adm_scale1="0.928975" adm_scale2="0.961392" adm_scale3="0.984053" motion2="9.214196" vif_scale0="0.585635" vif_scale1="0.914169" vif_scale2="0.955860" vif_scale3="0.973043" vmaf="96.879245" />
    <frame frameNum="88" adm2="0.967664" adm_scale0="0.956217" adm_scale1="0.932774" adm_scale2="0.966381" adm_scale3="0.983375" motion2="8.763312" vif_scale0="0.584692" vif_scale1="0.920167" vif_scale2="0.960567" vif_scale3="0.976462" vmaf="97.203300" />
    <frame frameNum="89" adm2="0.964354" adm_scale0="0.955651" adm_scale1="0.926404" adm_scale2="0.959065" adm_scale3="0.982782" motion2="8.763312" vif_scale0="0.579282" vif_scale1="0.915006" vif_scale2="0.957269" vif_scale3="0.974347" vmaf="96.165025" />
    <frame frameNum="90" adm2="0.965075" adm_scale0="0.954564" adm_scale1="0.926230" adm_scale2="0.963552" adm_scale3="0.982185" motion2="8.124693" vif_scale0="0.583610" vif_scale1="0.918460" vif_scale2="0.959107" vif_scale3="0.975623" vmaf="95.802421" />
    <frame frameNum="91" adm2="0.966885" adm_scale0="0.954985" adm_scale1="0.925824" adm_scale2="0.962019" adm_scale3="0.985419" motion2="8.066119" vif_scale0="0.575332" vif_scale1="0.914607" vif_scale2="0.957601" vif_scale3="0.974501" vmaf="95.962534" />
    <frame frameNum="92" adm2="0.970130" adm_scale0="0.958178" adm_scale1="0.937577" adm_scale2="0.968915" adm_scale3="0.985582" motion2="7.910059" vif_scale0="0.586940" vif_scale1="0.924365" vif_scale2="0.963241" vif_scale3="0.977834" vmaf="97.022936" />
    <frame frameNum="93" adm2="0.966805" adm_scale0="0.954765" adm_scale1="0.929569" adm_scale2="0.964363" adm_scale3="0.984151" motion2="7.162950" vif_scale0="0.564166" vif_scale1="0.912476" vif_scale2="0.956677" vif_scale3="0.973755" vmaf="94.826208" />
    <frame frameNum="94" adm2="0.969284" adm_scale0="0.957064" adm_scale1="0.936148" adm_scale2="0.967671" adm_scale3="0.984576" motion2="6.881777" vif_scale0="0.570682" vif_scale1="0.916381" vif_scale2="0.958828" vif_scale3="0.975369" vmaf="95.270496" />
    <frame frameNum="95" adm2="0.969305" adm_scale0="0.956102" adm_scale1="0.934399" adm_scale2="0.966292" adm_scale3="0.986471" motion2="6.881777" vif_scale0="0.559405" vif_scale1="0.913525" vif_scale2="0.957713" vif_scale3="0.974405" vmaf="95.144873" />
    <frame frameNum="96" adm2="0.977403" adm_scale0="0.963648" adm_scale1="0.953029" adm_scale2="0.977245" adm_scale3="0.989873" motion2="6.838077" vif_scale0="0.591951" vif_scale1="0.934525" vif_scale2="0.969465" vif_scale3="0.982124" vmaf="98.021461" />
    <frame frameNum="97" adm2="0.968531" adm_scale0="0.957035" adm_scale1="0.936175" adm_scale2="0.968201" adm_scale3="0.983100" motion2="6.494508" vif_scale0="0.574575" vif_scale1="0.917446" vif_scale2="0.958887" vif_scale3="0.974849" vmaf="94.629142" />
    <frame frameNum="98" adm2="0.970445" adm_scale0="0.957582" adm_scale1="0.938050" adm_scale2="0.969912" adm_scale3="0.985553" motion2="6.203431" vif_scale0="0.577934" vif_scale1="0.918556" vif_scale2="0.959489" vif_scale3="0.975488" vmaf="94.785836" />
    <frame frameNum="99" adm2="0.968547" adm_scale0="0.958078" adm_scale1="0.933827" adm_scale2="0.965971" adm_scale3="0.984622" motion2="6.203431" vif_scale0="0.575053" vif_scale1="0.915658" vif_scale2="0.957494" vif_scale3="0.974386" vmaf="94.197636" />
    <frame frameNum="100" adm2="0.973566" adm_scale0="0.960801" adm_scale1="0.943402" adm_scale2="0.972481" adm_scale3="0.987975" motion2="6.836185" vif_scale0="0.576029" vif_scale1="0.921957" vif_scale2="0.962372" vif_scale3="0.977544" vmaf="96.481471" />
    <frame frameNum="101" adm2="0.969830" adm_scale0="0.959141" adm_scale1="0.935918" adm_scale2="0.968120" adm_scale3="0.985426" motion2="7.031013" vif_scale0="0.569336" vif_scale1="0.914043" vif_scale2="0.957454" vif_scale3="0.974603" vmaf="95.433344" />
    <frame frameNum="102" adm2="0.971203" adm_scale0="0.961002" adm_scale1="0.942052" adm_scale2="0.970177" adm_scale3="0.985334" motion2="7.301840" vif_scale0="0.584930" vif_scale1="0.920772" vif_scale2="0.960052" vif_scale3="0.975444" vmaf="96.232922" />
    <frame frameNum="103" adm2="0.969514" adm_scale0="0.958692" adm_scale1="0.939148" adm_scale2="0.966253" adm_scale3="0.984695" motion2="7.677040" vif_scale0="0.583451" vif_scale1="0.918024" vif_scale2="0.958317" vif_scale3="0.974912" vmaf="96.168393" />
    <frame frameNum="104" adm2="0.975463" adm_scale0="0.965098" adm_scale1="0.950494" adm_scale2="0.975283" adm_scale3="0.987280" motion2="8.242241" vif_scale0="0.603727" vif_scale1="0.927926" vif_scale2="0.963569" vif_scale3="0.977606" vmaf="98.565607" />
    <frame frameNum="105" adm2="0.971589" adm_scale0="0.960772" adm_scale1="0.940418" adm_scale2="0.970318" adm_scale3="0.986557" motion2="8.252743" vif_scale0="0.588293" vif_scale1="0.918986" vif_scale2="0.958604" vif_scale3="0.974375" vmaf="97.236273" />
    <frame frameNum="106" adm2="0.972025" adm_scale0="0.961990" adm_scale1="0.947333" adm_scale2="0.971136" adm_scale3="0.984653" motion2="8.197223" vif_scale0="0.599202" vif_scale1="0.923511" vif_scale2="0.960790" vif_scale3="0.975988" vmaf="97.507961" />
    <frame frameNum="107" adm2="0.972418" adm_scale0="0.961258" adm_scale1="0.943598" adm_scale2="0.969162" adm_scale3="0.986958" motion2="8.151590" vif_scale0="0.605112" vif_scale1="0.923455" vif_scale2="0.959801" vif_scale3="0.974835" vmaf="97.411718" />
    <frame frameNum="108" adm2="0.976650" adm_scale0="0.964887" adm_scale1="0.950498" adm_scale2="0.975876" adm_scale3="0.989812" motion2="8.151590" vif_scale0="0.608306" vif_scale1="0.931656" vif_scale2="0.965624" vif_scale3="0.978908" vmaf="98.926999" />
    <frame frameNum="109" adm2="0.972948" adm_scale0="0.962772" adm_scale1="0.946617" adm_scale2="0.970880" adm_scale3="0.986735" motion2="8.173396" vif_scale0="0.607623" vif_scale1="0.925381" vif_scale2="0.961195" vif_scale3="0.976219" vmaf="97.727217" />
    <frame frameNum="110" adm2="0.975087" adm_scale0="0.963595" adm_scale1="0.951830" adm_scale2="0.974000" adm_scale3="0.987350" motion2="7.728574" vif_scale0="0.614750" vif_scale1="0.930534" vif_scale2="0.964579" vif_scale3="0.978183" vmaf="98.009056" />
    <frame frameNum="111" adm2="0.974963" adm_scale0="0.964005" adm_scale1="0.951806" adm_scale2="0.973150" adm_scale3="0.987495" motion2="7.173264" vif_scale0="0.611790" vif_scale1="0.928523" vif_scale2="0.963213" vif_scale3="0.977650" vmaf="97.240249" />
    <frame frameNum="112" adm2="0.983011" adm_scale0="0.974714" adm_scale1="0.970129" adm_scale2="0.982376" adm_scale3="0.991035" motion2="6.855636" vif_scale0="0.650597" vif_scale1="0.951357" vif_scale2="0.975566" vif_scale3="0.984698" vmaf="99.811578" />
    <frame frameNum="113" adm2="0.974349" adm_scale0="0.964378" adm_scale1="0.950614" adm_scale2="0.972541" adm_scale3="0.987221" motion2="6.519027" vif_scale0="0.610370" vif_scale1="0.929014" vif_scale2="0.963872" vif_scale3="0.977935" vmaf="96.405099" />
    <frame frameNum="114" adm2="0.976583" adm_scale0="0.963765" adm_scale1="0.955077" adm_scale2="0.976242" adm_scale3="0.988431" motion2="6.067085" vif_scale0="0.602520" vif_scale1="0.928239" vif_scale2="0.963637" vif_scale3="0.977803" vmaf="96.339816" />
    <frame frameNum="115" adm2="0.974546" adm_scale0="0.962821" adm_scale1="0.948895" adm_scale2="0.973468" adm_scale3="0.987715" motion2="5.705991" vif_scale0="0.612079" vif_scale1="0.927145" vif_scale2="0.961879" vif_scale3="0.976705" vmaf="95.309811" />
    <frame frameNum="116" adm2="0.976819" adm_scale0="0.967391" adm_scale1="0.953642" adm_scale2="0.977706" adm_scale3="0.987434" motion2="5.386418" vif_scale0="0.606855" vif_scale1="0.930664" vif_scale2="0.964861" vif_scale3="0.978732" vmaf="95.724789" />
    <frame frameNum="117" adm2="0.973881" adm_scale0="0.962623" adm_scale1="0.951247" adm_scale2="0.971578" adm_scale3="0.986881" motion2="5.075470" vif_scale0="0.596429" vif_scale1="0.921916" vif_scale2="0.959611" vif_scale3="0.975679" vmaf="94.233418" />
    <frame frameNum="118" adm2="0.975247" adm_scale0="0.963637" adm_scale1="0.953205" adm_scale2="0.972067" adm_scale3="0.988150" motion2="4.830062" vif_scale0="0.594586" vif_scale1="0.924621" vif_scale2="0.961721" vif_scale3="0.977202" vmaf="94.456635" />
    <frame frameNum="119" adm2="0.974620" adm_scale0="0.963068" adm_scale1="0.951669" adm_scale2="0.973524" adm_scale3="0.986709" motion2="4.830062" vif_scale0="0.585923" vif_scale1="0.919460" vif_scale2="0.959317" vif_scale3="0.975954" vmaf="94.110429" />
    <frame frameNum="120" adm2="0.977380" adm_scale0="0.966870" adm_scale1="0.959624" adm_scale2="0.976274" adm_scale3="0.987468" motion2="4.543947" vif_scale0="0.601930" vif_scale1="0.929511" vif_scale2="0.963868" vif_scale3="0.977794" vmaf="94.725572" />
    <frame frameNum="121" adm2="0.973187" adm_scale0="0.964259" adm_scale1="0.946607" adm_scale2="0.971334" adm_scale3="0.986806" motion2="4.543947" vif_scale0="0.577693" vif_scale1="0.918093" vif_scale2="0.959171" vif_scale3="0.975888" vmaf="93.452309" />
    <frame frameNum="122" adm2="0.974379" adm_scale0="0.964554" adm_scale1="0.950853" adm_scale2="0.972734" adm_scale3="0.986798" motion2="4.681951" vif_scale0="0.589097" vif_scale1="0.924745" vif_scale2="0.962475" vif_scale3="0.977439" vmaf="94.147298" />
    <frame frameNum="123" adm2="0.972898" adm_scale0="0.964120" adm_scale1="0.948395" adm_scale2="0.970358" adm_scale3="0.986141" motion2="4.436007" vif_scale0="0.580900" vif_scale1="0.919744" vif_scale2="0.959501" vif_scale3="0.975599" vmaf="93.254318" />
    <frame frameNum="124" adm2="0.977022" adm_scale0="0.965621" adm_scale1="0.953622" adm_scale2="0.976153" adm_scale3="0.989365" motion2="4.410894" vif_scale0="0.589349" vif_scale1="0.928267" vif_scale2="0.964625" vif_scale3="0.978915" vmaf="94.614288" />
    <frame frameNum="125" adm2="0.974054" adm_scale0="0.964745" adm_scale1="0.949451" adm_scale2="0.971153" adm_scale3="0.987388" motion2="4.410894" vif_scale0="0.589660" vif_scale1="0.921729" vif_scale2="0.960226" vif_scale3="0.976195" vmaf="93.551277" />
    <frame frameNum="126" adm2="0.974592" adm_scale0="0.964760" adm_scale1="0.951609" adm_scale2="0.971336" adm_scale3="0.987523" motion2="4.462180" vif_scale0="0.597003" vif_scale1="0.925831" vif_scale2="0.962115" vif_scale3="0.976778" vmaf="93.861850" />
    <frame frameNum="127" adm2="0.974143" adm_scale0="0.963812" adm_scale1="0.950249" adm_scale2="0.972898" adm_scale3="0.986460" motion2="4.368739" vif_scale0="0.587171" vif_scale1="0.923446" vif_scale2="0.962006" vif_scale3="0.976976" vmaf="93.664335" />
    <frame frameNum="128" adm2="0.981164" adm_scale0="0.971979" adm_scale1="0.965058" adm_scale2="0.981089" adm_scale3="0.989884" motion2="4.368739" vif_scale0="0.614830" vif_scale1="0.938207" vif_scale2="0.969604" vif_scale3="0.981792" vmaf="95.920619" />
    <frame frameNum="129" adm2="0.975471" adm_scale0="0.964205" adm_scale1="0.952605" adm_scale2="0.974815" adm_scale3="0.987080" motion2="4.662647" vif_scale0="0.602129" vif_scale1="0.925367" vif_scale2="0.961267" vif_scale3="0.976016" vmaf="94.190602" />
    <frame frameNum="130" adm2="0.976094" adm_scale0="0.964597" adm_scale1="0.952980" adm_scale2="0.975958" adm_scale3="0.987949" motion2="4.662647" vif_scale0="0.591825" vif_scale1="0.925028" vif_scale2="0.962544" vif_scale3="0.977161" vmaf="94.475036" />
    <frame frameNum="131" adm2="0.972851" adm_scale0="0.961606" adm_scale1="0.944368" adm_scale2="0.969890" adm_scale3="0.987709" motion2="4.836417" vif_scale0="0.583463" vif_scale1="0.918684" vif_scale2="0.958938" vif_scale3="0.975307" vmaf="93.668108" />
    <frame frameNum="132" adm2="0.977861" adm_scale0="0.966003" adm_scale1="0.955653" adm_scale2="0.977629" adm_scale3="0.989373" motion2="5.031696" vif_scale0="0.607281" vif_scale1="0.930537" vif_scale2="0.965684" vif_scale3="0.979883" vmaf="95.656848" />
    <frame frameNum="133" adm2="0.973005" adm_scale0="0.961128" adm_scale1="0.945836" adm_scale2="0.973712" adm_scale3="0.985875" motion2="5.123641" vif_scale0="0.577838" vif_scale1="0.919083" vif_scale2="0.960474" vif_scale3="0.976857" vmaf="94.232680" />
    <frame frameNum="134" adm2="0.973493" adm_scale0="0.961249" adm_scale1="0.945434" adm_scale2="0.974202" adm_scale3="0.986387" motion2="5.137451" vif_scale0="0.585871" vif_scale1="0.923822" vif_scale2="0.962602" vif_scale3="0.977693" vmaf="94.519837" />
    <frame frameNum="135" adm2="0.972828" adm_scale0="0.962445" adm_scale1="0.946878" adm_scale2="0.971742" adm_scale3="0.985749" motion2="5.556020" vif_scale0="0.594820" vif_scale1="0.920830" vif_scale2="0.960084" vif_scale3="0.975933" vmaf="94.610479" />
    <frame frameNum="136" adm2="0.976520" adm_scale0="0.964468" adm_scale1="0.952525" adm_scale2="0.976459" adm_scale3="0.988057" motion2="5.698411" vif_scale0="0.609887" vif_scale1="0.930174" vif_scale2="0.964569" vif_scale3="0.978695" vmaf="96.010613" />
    <frame frameNum="137" adm2="0.973368" adm_scale0="0.961716" adm_scale1="0.945985" adm_scale2="0.972399" adm_scale3="0.986659" motion2="5.907775" vif_scale0="0.603920" vif_scale1="0.924316" vif_scale2="0.961006" vif_scale3="0.975956" vmaf="95.187750" />
    <frame frameNum="138" adm2="0.973037" adm_scale0="0.960450" adm_scale1="0.940873" adm_scale2="0.972324" adm_scale3="0.987794" motion2="6.206720" vif_scale0="0.584652" vif_scale1="0.922980" vif_scale2="0.962204" vif_scale3="0.977769" vmaf="95.656965" />
    <frame frameNum="139" adm2="0.971686" adm_scale0="0.960449" adm_scale1="0.941158" adm_scale2="0.973200" adm_scale3="0.984237" motion2="6.419833" vif_scale0="0.593073" vif_scale1="0.923321" vif_scale2="0.961658" vif_scale3="0.976932" vmaf="95.522210" />
    <frame frameNum="140" adm2="0.975563" adm_scale0="0.962845" adm_scale1="0.946555" adm_scale2="0.973999" adm_scale3="0.989189" motion2="6.691042" vif_scale0="0.608000" vif_scale1="0.934177" vif_scale2="0.967877" vif_scale3="0.980711" vmaf="97.275089" />
    <frame frameNum="141" adm2="0.973797" adm_scale0="0.964271" adm_scale1="0.944127" adm_scale2="0.973666" adm_scale3="0.986447" motion2="7.202104" vif_scale0="0.613656" vif_scale1="0.929021" vif_scale2="0.963567" vif_scale3="0.977696" vmaf="97.041755" />
    <frame frameNum="142" adm2="0.973340" adm_scale0="0.961581" adm_scale1="0.944188" adm_scale2="0.971272" adm_scale3="0.987655" motion2="7.314528" vif_scale0="0.607905" vif_scale1="0.929103" vif_scale2="0.963971" vif_scale3="0.978115" vmaf="97.119602" />
    <frame frameNum="143" adm2="0.973524" adm_scale0="0.963046" adm_scale1="0.945055" adm_scale2="0.971075" adm_scale3="0.986702" motion2="7.495216" vif_scale0="0.622770" vif_scale1="0.930972" vif_scale2="0.964440" vif_scale3="0.977942" vmaf="97.385145" />
    <frame frameNum="144" adm2="0.979809" adm_scale0="0.971720" adm_scale1="0.958987" adm_scale2="0.979446" adm_scale3="0.989188" motion2="7.396393" vif_scale0="0.662936" vif_scale1="0.953470" vif_scale2="0.976306" vif_scale3="0.984810" vmaf="99.800589" />
    <frame frameNum="145" adm2="0.974070" adm_scale0="0.962542" adm_scale1="0.945545" adm_scale2="0.971602" adm_scale3="0.987792" motion2="7.396393" vif_scale0="0.630021" vif_scale1="0.935182" vif_scale2="0.966865" vif_scale3="0.979750" vmaf="97.655250" />
    <frame frameNum="146" adm2="0.979027" adm_scale0="0.967468" adm_scale1="0.953753" adm_scale2="0.978393" adm_scale3="0.990581" motion2="7.952742" vif_scale0="0.640790" vif_scale1="0.944027" vif_scale2="0.972060" vif_scale3="0.983298" vmaf="99.911658" />
    <frame frameNum="147" adm2="0.974267" adm_scale0="0.962611" adm_scale1="0.940379" adm_scale2="0.972048" adm_scale3="0.988924" motion2="8.263140" vif_scale0="0.635871" vif_scale1="0.934654" vif_scale2="0.966448" vif_scale3="0.978788" vmaf="98.593278" />
    <frame frameNum="148" adm2="0.974805" adm_scale0="0.965323" adm_scale1="0.946787" adm_scale2="0.974475" adm_scale3="0.986461" motion2="8.254028" vif_scale0="0.633750" vif_scale1="0.934768" vif_scale2="0.966403" vif_scale3="0.979172" vmaf="98.726771" />
    <frame frameNum="149" adm2="0.979889" adm_scale0="0.970517" adm_scale1="0.954716" adm_scale2="0.980565" adm_scale3="0.990243" motion2="8.254028" vif_scale0="0.648198" vif_scale1="0.946020" vif_scale2="0.972887" vif_scale3="0.983071" vmaf="100.473167" />
  </frames>
</VMAF>
