<VMAF version="47950a6">
  <params qualityWidth="1280" qualityHeight="720" />
  <fyi fps="14.52" />
  <frames>
    <frame frameNum="0" adm2="0.986864" adm_scale0="0.968585" adm_scale1="0.968552" adm_scale2="0.988420" adm_scale3="0.997048" motion2="0.000000" vif_scale0="0.603759" vif_scale1="0.941173" vif_scale2="0.973929" vif_scale3="0.984982" vmaf="92.194430" />
    <frame frameNum="1" adm2="0.974868" adm_scale0="0.953316" adm_scale1="0.943874" adm_scale2="0.975174" adm_scale3="0.992450" motion2="5.639671" vif_scale0="0.554441" vif_scale1="0.908363" vif_scale2="0.956136" vif_scale3="0.975676" vmaf="94.945322" />
    <frame frameNum="2" adm2="0.978624" adm_scale0="0.959858" adm_scale1="0.950504" adm_scale2="0.979553" adm_scale3="0.993932" motion2="5.106677" vif_scale0="0.568555" vif_scale1="0.919674" vif_scale2="0.962771" vif_scale3="0.979507" vmaf="95.741358" />
    <frame frameNum="3" adm2="0.973288" adm_scale0="0.953082" adm_scale1="0.941564" adm_scale2="0.974060" adm_scale3="0.990353" motion2="4.350933" vif_scale0="0.549342" vif_scale1="0.907435" vif_scale2="0.955307" vif_scale3="0.974936" vmaf="93.005545" />
    <frame frameNum="4" adm2="0.979997" adm_scale0="0.960048" adm_scale1="0.954256" adm_scale2="0.979940" adm_scale3="0.994857" motion2="3.279224" vif_scale0="0.554349" vif_scale1="0.923429" vif_scale2="0.966339" vif_scale3="0.982026" vmaf="94.238895" />
    <frame frameNum="5" adm2="0.971907" adm_scale0="0.951226" adm_scale1="0.941686" adm_scale2="0.971041" adm_scale3="0.989145" motion2="3.279224" vif_scale0="0.536627" vif_scale1="0.904835" vif_scale2="0.955083" vif_scale3="0.975381" vmaf="91.472126" />
    <frame frameNum="6" adm2="0.977092" adm_scale0="0.956699" adm_scale1="0.952048" adm_scale2="0.977423" adm_scale3="0.991561" motion2="4.885628" vif_scale0="0.561565" vif_scale1="0.920085" vif_scale2="0.963260" vif_scale3="0.979861" vmaf="95.204402" />
    <frame frameNum="7" adm2="0.974521" adm_scale0="0.956990" adm_scale1="0.943516" adm_scale2="0.975998" adm_scale3="0.990310" motion2="4.776041" vif_scale0="0.566508" vif_scale1="0.911613" vif_scale2="0.956847" vif_scale3="0.975699" vmaf="93.893764" />
    <frame frameNum="8" adm2="0.979744" adm_scale0="0.961781" adm_scale1="0.954375" adm_scale2="0.981481" adm_scale3="0.993437" motion2="4.056862" vif_scale0="0.567995" vif_scale1="0.932577" vif_scale2="0.970674" vif_scale3="0.984369" vmaf="95.502137" />
    <frame frameNum="9" adm2="0.974318" adm_scale0="0.955254" adm_scale1="0.942950" adm_scale2="0.976205" adm_scale3="0.990245" motion2="4.056862" vif_scale0="0.553656" vif_scale1="0.914399" vif_scale2="0.959625" vif_scale3="0.977529" vmaf="93.278739" />
    <frame frameNum="10" adm2="0.977289" adm_scale0="0.956280" adm_scale1="0.948869" adm_scale2="0.979705" adm_scale3="0.992278" motion2="6.112095" vif_scale0="0.571449" vif_scale1="0.920956" vif_scale2="0.963181" vif_scale3="0.979080" vmaf="96.609827" />
    <frame frameNum="11" adm2="0.973124" adm_scale0="0.954861" adm_scale1="0.937850" adm_scale2="0.973088" adm_scale3="0.991328" motion2="4.545020" vif_scale0="0.555779" vif_scale1="0.913447" vif_scale2="0.958840" vif_scale3="0.977231" vmaf="93.538175" />
    <frame frameNum="12" adm2="0.980046" adm_scale0="0.959206" adm_scale1="0.952718" adm_scale2="0.980988" adm_scale3="0.995279" motion2="3.989195" vif_scale0="0.568590" vif_scale1="0.930460" vif_scale2="0.969057" vif_scale3="0.983420" vmaf="95.334503" />
    <frame frameNum="13" adm2="0.972761" adm_scale0="0.953451" adm_scale1="0.940283" adm_scale2="0.971922" adm_scale3="0.990759" motion2="3.152309" vif_scale0="0.561199" vif_scale1="0.916649" vif_scale2="0.959436" vif_scale3="0.977033" vmaf="91.810625" />
    <frame frameNum="14" adm2="0.976876" adm_scale0="0.956549" adm_scale1="0.946285" adm_scale2="0.975474" adm_scale3="0.994601" motion2="3.152309" vif_scale0="0.565304" vif_scale1="0.923863" vif_scale2="0.965172" vif_scale3="0.981514" vmaf="93.310401" />
    <frame frameNum="15" adm2="0.973761" adm_scale0="0.952851" adm_scale1="0.942306" adm_scale2="0.974783" adm_scale3="0.990620" motion2="3.406580" vif_scale0="0.563383" vif_scale1="0.920056" vif_scale2="0.962109" vif_scale3="0.978881" vmaf="92.598030" />
    <frame frameNum="16" adm2="0.986129" adm_scale0="0.967629" adm_scale1="0.963190" adm_scale2="0.989807" adm_scale3="0.996949" motion2="4.074044" vif_scale0="0.608637" vif_scale1="0.949221" vif_scale2="0.978654" vif_scale3="0.988839" vmaf="97.638649" />
    <frame frameNum="17" adm2="0.978303" adm_scale0="0.959200" adm_scale1="0.948174" adm_scale2="0.979767" adm_scale3="0.993571" motion2="3.065302" vif_scale0="0.577715" vif_scale1="0.931300" vif_scale2="0.969140" vif_scale3="0.983449" vmaf="93.843999" />
    <frame frameNum="18" adm2="0.979850" adm_scale0="0.959797" adm_scale1="0.950919" adm_scale2="0.979449" adm_scale3="0.995983" motion2="3.065302" vif_scale0="0.580445" vif_scale1="0.932522" vif_scale2="0.970375" vif_scale3="0.984056" vmaf="94.280332" />
    <frame frameNum="19" adm2="0.976806" adm_scale0="0.959166" adm_scale1="0.945556" adm_scale2="0.979447" adm_scale3="0.991961" motion2="3.216635" vif_scale0="0.572376" vif_scale1="0.929577" vif_scale2="0.968452" vif_scale3="0.982694" vmaf="93.615300" />
    <frame frameNum="20" adm2="0.981546" adm_scale0="0.962280" adm_scale1="0.955343" adm_scale2="0.983361" adm_scale3="0.995752" motion2="2.992759" vif_scale0="0.578572" vif_scale1="0.938709" vif_scale2="0.974072" vif_scale3="0.986453" vmaf="94.929992" />
    <frame frameNum="21" adm2="0.978071" adm_scale0="0.958660" adm_scale1="0.946439" adm_scale2="0.979364" adm_scale3="0.994528" motion2="2.992759" vif_scale0="0.565832" vif_scale1="0.928093" vif_scale2="0.967646" vif_scale3="0.982533" vmaf="93.572848" />
    <frame frameNum="22" adm2="0.977725" adm_scale0="0.958884" adm_scale1="0.950478" adm_scale2="0.979350" adm_scale3="0.991979" motion2="3.364288" vif_scale0="0.558105" vif_scale1="0.924867" vif_scale2="0.966594" vif_scale3="0.982357" vmaf="93.887948" />
    <frame frameNum="23" adm2="0.976972" adm_scale0="0.956226" adm_scale1="0.949497" adm_scale2="0.978398" adm_scale3="0.992414" motion2="2.941125" vif_scale0="0.553856" vif_scale1="0.923684" vif_scale2="0.966398" vif_scale3="0.982367" vmaf="93.210061" />
    <frame frameNum="24" adm2="0.981808" adm_scale0="0.963450" adm_scale1="0.954948" adm_scale2="0.984188" adm_scale3="0.995313" motion2="2.941125" vif_scale0="0.567745" vif_scale1="0.931101" vif_scale2="0.969998" vif_scale3="0.983987" vmaf="94.540046" />
    <frame frameNum="25" adm2="0.976988" adm_scale0="0.959388" adm_scale1="0.950611" adm_scale2="0.975436" adm_scale3="0.992999" motion2="2.852221" vif_scale0="0.557845" vif_scale1="0.922469" vif_scale2="0.965393" vif_scale3="0.981602" vmaf="92.993878" />
    <frame frameNum="26" adm2="0.978609" adm_scale0="0.960955" adm_scale1="0.953187" adm_scale2="0.977679" adm_scale3="0.993805" motion2="2.776766" vif_scale0="0.563174" vif_scale1="0.926650" vif_scale2="0.967452" vif_scale3="0.982459" vmaf="93.411974" />
    <frame frameNum="27" adm2="0.978262" adm_scale0="0.959219" adm_scale1="0.948456" adm_scale2="0.979844" adm_scale3="0.994173" motion2="2.509950" vif_scale0="0.556728" vif_scale1="0.922646" vif_scale2="0.965469" vif_scale3="0.981127" vmaf="92.820050" />
    <frame frameNum="28" adm2="0.980603" adm_scale0="0.962480" adm_scale1="0.950035" adm_scale2="0.986596" adm_scale3="0.993180" motion2="2.509950" vif_scale0="0.568144" vif_scale1="0.932904" vif_scale2="0.971369" vif_scale3="0.984758" vmaf="93.879937" />
    <frame frameNum="29" adm2="0.976379" adm_scale0="0.958922" adm_scale1="0.945692" adm_scale2="0.979352" adm_scale3="0.991147" motion2="2.816446" vif_scale0="0.560977" vif_scale1="0.922944" vif_scale2="0.965241" vif_scale3="0.981200" vmaf="92.778000" />
    <frame frameNum="30" adm2="0.977823" adm_scale0="0.959865" adm_scale1="0.949767" adm_scale2="0.978726" adm_scale3="0.992938" motion2="2.816446" vif_scale0="0.565255" vif_scale1="0.926469" vif_scale2="0.967647" vif_scale3="0.982420" vmaf="93.293302" />
    <frame frameNum="31" adm2="0.978445" adm_scale0="0.957798" adm_scale1="0.948491" adm_scale2="0.982719" adm_scale3="0.993181" motion2="2.870256" vif_scale0="0.559505" vif_scale1="0.927001" vif_scale2="0.967687" vif_scale3="0.982476" vmaf="93.506972" />
    <frame frameNum="32" adm2="0.984722" adm_scale0="0.965327" adm_scale1="0.959703" adm_scale2="0.989686" adm_scale3="0.996355" motion2="2.870256" vif_scale0="0.590814" vif_scale1="0.944468" vif_scale2="0.977164" vif_scale3="0.987827" vmaf="95.717803" />
    <frame frameNum="33" adm2="0.976558" adm_scale0="0.960650" adm_scale1="0.945259" adm_scale2="0.977503" adm_scale3="0.992181" motion2="4.198459" vif_scale0="0.565816" vif_scale1="0.925647" vif_scale2="0.966600" vif_scale3="0.982052" vmaf="94.605043" />
    <frame frameNum="34" adm2="0.978379" adm_scale0="0.957848" adm_scale1="0.944450" adm_scale2="0.981742" adm_scale3="0.994543" motion2="4.198459" vif_scale0="0.563162" vif_scale1="0.925171" vif_scale2="0.967050" vif_scale3="0.982822" vmaf="95.079921" />
    <frame frameNum="35" adm2="0.973968" adm_scale0="0.957137" adm_scale1="0.943387" adm_scale2="0.974238" adm_scale3="0.989766" motion2="5.916987" vif_scale0="0.560542" vif_scale1="0.919069" vif_scale2="0.963403" vif_scale3="0.980136" vmaf="95.758034" />
    <frame frameNum="36" adm2="0.979212" adm_scale0="0.961527" adm_scale1="0.950068" adm_scale2="0.978745" adm_scale3="0.994578" motion2="6.934131" vif_scale0="0.590289" vif_scale1="0.929449" vif_scale2="0.968966" vif_scale3="0.983542" vmaf="98.600550" />
    <frame frameNum="37" adm2="0.975595" adm_scale0="0.958513" adm_scale1="0.940266" adm_scale2="0.973835" adm_scale3="0.993796" motion2="7.691448" vif_scale0="0.575885" vif_scale1="0.915287" vif_scale2="0.961269" vif_scale3="0.979250" vmaf="97.960883" />
    <frame frameNum="38" adm2="0.973055" adm_scale0="0.960522" adm_scale1="0.937407" adm_scale2="0.972977" adm_scale3="0.988847" motion2="8.290002" vif_scale0="0.586545" vif_scale1="0.918824" vif_scale2="0.962062" vif_scale3="0.979611" vmaf="98.156933" />
    <frame frameNum="39" adm2="0.972484" adm_scale0="0.958652" adm_scale1="0.944988" adm_scale2="0.967973" adm_scale3="0.988263" motion2="9.201682" vif_scale0="0.586808" vif_scale1="0.916277" vif_scale2="0.959253" vif_scale3="0.977032" vmaf="98.707699" />
    <frame frameNum="40" adm2="0.977462" adm_scale0="0.964120" adm_scale1="0.953740" adm_scale2="0.977437" adm_scale3="0.989037" motion2="9.585089" vif_scale0="0.596721" vif_scale1="0.926531" vif_scale2="0.965748" vif_scale3="0.981729" vmaf="100.891238" />
    <frame frameNum="41" adm2="0.974449" adm_scale0="0.961274" adm_scale1="0.943265" adm_scale2="0.973714" adm_scale3="0.988778" motion2="9.823271" vif_scale0="0.586614" vif_scale1="0.915312" vif_scale2="0.959122" vif_scale3="0.977322" vmaf="99.821756" />
    <frame frameNum="42" adm2="0.973355" adm_scale0="0.962571" adm_scale1="0.947984" adm_scale2="0.965925" adm_scale3="0.989379" motion2="9.695138" vif_scale0="0.583904" vif_scale1="0.916201" vif_scale2="0.959890" vif_scale3="0.977983" vmaf="99.531416" />
    <frame frameNum="43" adm2="0.971399" adm_scale0="0.961150" adm_scale1="0.940584" adm_scale2="0.968050" adm_scale3="0.986806" motion2="9.695138" vif_scale0="0.580570" vif_scale1="0.915149" vif_scale2="0.958563" vif_scale3="0.976981" vmaf="98.966433" />
    <frame frameNum="44" adm2="0.973363" adm_scale0="0.963298" adm_scale1="0.943735" adm_scale2="0.970236" adm_scale3="0.988209" motion2="9.964064" vif_scale0="0.596846" vif_scale1="0.925355" vif_scale2="0.964898" vif_scale3="0.981436" vmaf="100.350006" />
    <frame frameNum="45" adm2="0.968581" adm_scale0="0.959541" adm_scale1="0.938608" adm_scale2="0.961667" adm_scale3="0.985538" motion2="9.690370" vif_scale0="0.586493" vif_scale1="0.913764" vif_scale2="0.957643" vif_scale3="0.976510" vmaf="98.278969" />
    <frame frameNum="46" adm2="0.969693" adm_scale0="0.961080" adm_scale1="0.939772" adm_scale2="0.966823" adm_scale3="0.984061" motion2="9.690370" vif_scale0="0.605470" vif_scale1="0.926213" vif_scale2="0.963665" vif_scale3="0.979713" vmaf="99.082189" />
    <frame frameNum="47" adm2="0.970643" adm_scale0="0.963750" adm_scale1="0.940388" adm_scale2="0.966051" adm_scale3="0.985220" motion2="9.335769" vif_scale0="0.607536" vif_scale1="0.925390" vif_scale2="0.962519" vif_scale3="0.978238" vmaf="98.734690" />
    <frame frameNum="48" adm2="0.986583" adm_scale0="0.969752" adm_scale1="0.962802" adm_scale2="0.985145" adm_scale3="0.999929" motion2="9.335769" vif_scale0="0.660825" vif_scale1="0.960087" vif_scale2="0.981667" vif_scale3="0.989840" vmaf="104.139437" />
    <frame frameNum="49" adm2="0.972090" adm_scale0="0.963016" adm_scale1="0.940873" adm_scale2="0.967919" adm_scale3="0.987281" motion2="9.337810" vif_scale0="0.614437" vif_scale1="0.931492" vif_scale2="0.965823" vif_scale3="0.980080" vmaf="99.363031" />
    <frame frameNum="50" adm2="0.974506" adm_scale0="0.964736" adm_scale1="0.943613" adm_scale2="0.971613" adm_scale3="0.988584" motion2="9.054583" vif_scale0="0.606270" vif_scale1="0.926646" vif_scale2="0.964271" vif_scale3="0.980468" vmaf="99.516934" />
    <frame frameNum="51" adm2="0.972785" adm_scale0="0.961943" adm_scale1="0.938741" adm_scale2="0.969707" adm_scale3="0.988328" motion2="9.041745" vif_scale0="0.598084" vif_scale1="0.922990" vif_scale2="0.962341" vif_scale3="0.979337" vmaf="98.939525" />
    <frame frameNum="52" adm2="0.978352" adm_scale0="0.965886" adm_scale1="0.951134" adm_scale2="0.976278" adm_scale3="0.992073" motion2="8.486893" vif_scale0="0.606947" vif_scale1="0.929556" vif_scale2="0.967264" vif_scale3="0.982753" vmaf="100.041314" />
    <frame frameNum="53" adm2="0.974840" adm_scale0="0.962457" adm_scale1="0.943832" adm_scale2="0.968879" adm_scale3="0.992575" motion2="7.573438" vif_scale0="0.574724" vif_scale1="0.910972" vif_scale2="0.958233" vif_scale3="0.977960" vmaf="97.422465" />
    <frame frameNum="54" adm2="0.978010" adm_scale0="0.962990" adm_scale1="0.955446" adm_scale2="0.977758" adm_scale3="0.990192" motion2="7.007406" vif_scale0="0.571503" vif_scale1="0.910599" vif_scale2="0.958972" vif_scale3="0.978367" vmaf="97.530278" />
    <frame frameNum="55" adm2="0.976101" adm_scale0="0.958960" adm_scale1="0.947489" adm_scale2="0.977172" adm_scale3="0.990802" motion2="6.151161" vif_scale0="0.552171" vif_scale1="0.904120" vif_scale2="0.957321" vif_scale3="0.978538" vmaf="96.071164" />
    <frame frameNum="56" adm2="0.979386" adm_scale0="0.962730" adm_scale1="0.953475" adm_scale2="0.978845" adm_scale3="0.993388" motion2="6.116088" vif_scale0="0.546074" vif_scale1="0.905776" vif_scale2="0.960571" vif_scale3="0.980580" vmaf="97.046188" />
    <frame frameNum="57" adm2="0.977744" adm_scale0="0.959329" adm_scale1="0.946968" adm_scale2="0.980161" adm_scale3="0.992429" motion2="6.116088" vif_scale0="0.547804" vif_scale1="0.902876" vif_scale2="0.958107" vif_scale3="0.979187" vmaf="96.469404" />
    <frame frameNum="58" adm2="0.976187" adm_scale0="0.960717" adm_scale1="0.949735" adm_scale2="0.974527" adm_scale3="0.991227" motion2="7.095902" vif_scale0="0.563301" vif_scale1="0.909891" vif_scale2="0.960876" vif_scale3="0.980137" vmaf="97.456361" />
    <frame frameNum="59" adm2="0.977398" adm_scale0="0.959465" adm_scale1="0.948226" adm_scale2="0.976587" adm_scale3="0.992914" motion2="7.340748" vif_scale0="0.558900" vif_scale1="0.908173" vif_scale2="0.958968" vif_scale3="0.978892" vmaf="97.809018" />
    <frame frameNum="60" adm2="0.981010" adm_scale0="0.963779" adm_scale1="0.954356" adm_scale2="0.982674" adm_scale3="0.994250" motion2="7.373094" vif_scale0="0.581775" vif_scale1="0.922574" vif_scale2="0.967028" vif_scale3="0.983691" vmaf="99.396382" />
    <frame frameNum="61" adm2="0.977068" adm_scale0="0.960216" adm_scale1="0.942313" adm_scale2="0.976224" adm_scale3="0.993415" motion2="7.932577" vif_scale0="0.567205" vif_scale1="0.911822" vif_scale2="0.960549" vif_scale3="0.979267" vmaf="98.508254" />
    <frame frameNum="62" adm2="0.976917" adm_scale0="0.959984" adm_scale1="0.942354" adm_scale2="0.977586" adm_scale3="0.992922" motion2="8.347490" vif_scale0="0.569941" vif_scale1="0.913103" vif_scale2="0.961433" vif_scale3="0.979907" vmaf="99.029149" />
    <frame frameNum="63" adm2="0.975543" adm_scale0="0.956928" adm_scale1="0.940681" adm_scale2="0.975898" adm_scale3="0.991819" motion2="8.881413" vif_scale0="0.575411" vif_scale1="0.916917" vif_scale2="0.962959" vif_scale3="0.980982" vmaf="99.483191" />
    <frame frameNum="64" adm2="0.984535" adm_scale0="0.963171" adm_scale1="0.957574" adm_scale2="0.985567" adm_scale3="0.998672" motion2="9.587723" vif_scale0="0.593073" vif_scale1="0.932345" vif_scale2="0.971992" vif_scale3="0.985711" vmaf="103.028746" />
    <frame frameNum="65" adm2="0.976200" adm_scale0="0.958757" adm_scale1="0.938318" adm_scale2="0.976331" adm_scale3="0.993583" motion2="10.133101" vif_scale0="0.565002" vif_scale1="0.912051" vif_scale2="0.961551" vif_scale3="0.980307" vmaf="100.839896" />
    <frame frameNum="66" adm2="0.975876" adm_scale0="0.957666" adm_scale1="0.937211" adm_scale2="0.977689" adm_scale3="0.992251" motion2="10.653828" vif_scale0="0.570846" vif_scale1="0.915963" vif_scale2="0.963372" vif_scale3="0.981025" vmaf="101.471692" />
    <frame frameNum="67" adm2="0.976301" adm_scale0="0.958971" adm_scale1="0.935934" adm_scale2="0.978695" adm_scale3="0.993253" motion2="11.115594" vif_scale0="0.578670" vif_scale1="0.916481" vif_scale2="0.961856" vif_scale3="0.979599" vmaf="101.881170" />
    <frame frameNum="68" adm2="0.980157" adm_scale0="0.961410" adm_scale1="0.948225" adm_scale2="0.981267" adm_scale3="0.994679" motion2="11.631356" vif_scale0="0.584930" vif_scale1="0.924538" vif_scale2="0.967399" vif_scale3="0.983338" vmaf="103.815852" />
    <frame frameNum="69" adm2="0.974519" adm_scale0="0.956450" adm_scale1="0.934475" adm_scale2="0.974085" adm_scale3="0.993240" motion2="11.631356" vif_scale0="0.588548" vif_scale1="0.919098" vif_scale2="0.962296" vif_scale3="0.979703" vmaf="102.080734" />
    <frame frameNum="70" adm2="0.974125" adm_scale0="0.959632" adm_scale1="0.932662" adm_scale2="0.972415" adm_scale3="0.991922" motion2="12.472349" vif_scale0="0.593880" vif_scale1="0.925610" vif_scale2="0.965517" vif_scale3="0.981424" vmaf="103.157063" />
    <frame frameNum="71" adm2="0.969360" adm_scale0="0.955093" adm_scale1="0.925296" adm_scale2="0.962016" adm_scale3="0.990534" motion2="12.472349" vif_scale0="0.596204" vif_scale1="0.924339" vif_scale2="0.963989" vif_scale3="0.980657" vmaf="102.002916" />
    <frame frameNum="72" adm2="0.976659" adm_scale0="0.960654" adm_scale1="0.941638" adm_scale2="0.974242" adm_scale3="0.994109" motion2="13.029011" vif_scale0="0.600560" vif_scale1="0.932553" vif_scale2="0.969031" vif_scale3="0.983207" vmaf="104.591191" />
    <frame frameNum="73" adm2="0.972157" adm_scale0="0.958828" adm_scale1="0.936130" adm_scale2="0.968013" adm_scale3="0.989801" motion2="12.860599" vif_scale0="0.591936" vif_scale1="0.922070" vif_scale2="0.962970" vif_scale3="0.979886" vmaf="102.878447" />
    <frame frameNum="74" adm2="0.975477" adm_scale0="0.960628" adm_scale1="0.937935" adm_scale2="0.974675" adm_scale3="0.992252" motion2="12.854736" vif_scale0="0.594912" vif_scale1="0.926652" vif_scale2="0.966270" vif_scale3="0.981807" vmaf="103.901858" />
    <frame frameNum="75" adm2="0.975313" adm_scale0="0.960004" adm_scale1="0.939828" adm_scale2="0.972050" adm_scale3="0.992279" motion2="12.854736" vif_scale0="0.597101" vif_scale1="0.925098" vif_scale2="0.964201" vif_scale3="0.980280" vmaf="103.657392" />
    <frame frameNum="76" adm2="0.979618" adm_scale0="0.966008" adm_scale1="0.945901" adm_scale2="0.979005" adm_scale3="0.993728" motion2="13.063421" vif_scale0="0.610850" vif_scale1="0.937580" vif_scale2="0.971668" vif_scale3="0.984551" vmaf="105.525822" />
    <frame frameNum="77" adm2="0.977247" adm_scale0="0.961834" adm_scale1="0.942501" adm_scale2="0.976067" adm_scale3="0.992592" motion2="12.974502" vif_scale0="0.602062" vif_scale1="0.928736" vif_scale2="0.965951" vif_scale3="0.981236" vmaf="104.367371" />
    <frame frameNum="78" adm2="0.976017" adm_scale0="0.960860" adm_scale1="0.935336" adm_scale2="0.975103" adm_scale3="0.993351" motion2="12.800354" vif_scale0="0.609826" vif_scale1="0.933241" vif_scale2="0.967929" vif_scale3="0.982080" vmaf="104.109547" />
    <frame frameNum="79" adm2="0.973235" adm_scale0="0.958634" adm_scale1="0.937612" adm_scale2="0.969443" adm_scale3="0.990550" motion2="12.800354" vif_scale0="0.603425" vif_scale1="0.926703" vif_scale2="0.963513" vif_scale3="0.978830" vmaf="103.028417" />
    <frame frameNum="80" adm2="0.987737" adm_scale0="0.967340" adm_scale1="0.957823" adm_scale2="0.990177" adm_scale3="1.000881" motion2="12.288285" vif_scale0="0.647635" vif_scale1="0.960012" vif_scale2="0.982559" vif_scale3="0.990371" vmaf="107.608076" />
    <frame frameNum="81" adm2="0.974676" adm_scale0="0.958623" adm_scale1="0.936856" adm_scale2="0.969248" adm_scale3="0.994415" motion2="12.156039" vif_scale0="0.601852" vif_scale1="0.929083" vif_scale2="0.966361" vif_scale3="0.981871" vmaf="103.052099" />
    <frame frameNum="82" adm2="0.972592" adm_scale0="0.956008" adm_scale1="0.928620" adm_scale2="0.971201" adm_scale3="0.992008" motion2="11.749644" vif_scale0="0.607545" vif_scale1="0.932706" vif_scale2="0.968065" vif_scale3="0.982376" vmaf="102.317790" />
    <frame frameNum="83" adm2="0.972384" adm_scale0="0.956116" adm_scale1="0.929520" adm_scale2="0.969859" adm_scale3="0.992494" motion2="11.213417" vif_scale0="0.596724" vif_scale1="0.926314" vif_scale2="0.964988" vif_scale3="0.980689" vmaf="101.411461" />
    <frame frameNum="84" adm2="0.977510" adm_scale0="0.959152" adm_scale1="0.940237" adm_scale2="0.979183" adm_scale3="0.993491" motion2="11.213417" vif_scale0="0.607779" vif_scale1="0.935262" vif_scale2="0.970870" vif_scale3="0.984785" vmaf="103.145084" />
    <frame frameNum="85" adm2="0.974226" adm_scale0="0.957052" adm_scale1="0.930609" adm_scale2="0.973667" adm_scale3="0.992713" motion2="10.529059" vif_scale0="0.589270" vif_scale1="0.923239" vif_scale2="0.963075" vif_scale3="0.979028" vmaf="100.855875" />
    <frame frameNum="86" adm2="0.971832" adm_scale0="0.955830" adm_scale1="0.932986" adm_scale2="0.970697" adm_scale3="0.989028" motion2="9.761002" vif_scale0="0.591485" vif_scale1="0.924867" vif_scale2="0.964931" vif_scale3="0.980997" vmaf="99.758498" />
    <frame frameNum="87" adm2="0.973177" adm_scale0="0.954383" adm_scale1="0.933078" adm_scale2="0.968808" adm_scale3="0.993602" motion2="9.214196" vif_scale0="0.586654" vif_scale1="0.919571" vif_scale2="0.961349" vif_scale3="0.978296" vmaf="99.069063" />
    <frame frameNum="88" adm2="0.974328" adm_scale0="0.956701" adm_scale1="0.936595" adm_scale2="0.976532" adm_scale3="0.990596" motion2="8.763312" vif_scale0="0.585534" vif_scale1="0.925301" vif_scale2="0.966228" vif_scale3="0.981962" vmaf="99.338427" />
    <frame frameNum="89" adm2="0.971867" adm_scale0="0.956566" adm_scale1="0.931337" adm_scale2="0.967406" adm_scale3="0.992510" motion2="8.763312" vif_scale0="0.580154" vif_scale1="0.920296" vif_scale2="0.962989" vif_scale3="0.979953" vmaf="98.489827" />
    <frame frameNum="90" adm2="0.972802" adm_scale0="0.955248" adm_scale1="0.931646" adm_scale2="0.972098" adm_scale3="0.992192" motion2="8.124693" vif_scale0="0.584532" vif_scale1="0.923836" vif_scale2="0.964808" vif_scale3="0.981171" vmaf="98.171368" />
    <frame frameNum="91" adm2="0.973744" adm_scale0="0.955939" adm_scale1="0.930768" adm_scale2="0.971287" adm_scale3="0.993017" motion2="8.066119" vif_scale0="0.576118" vif_scale1="0.919859" vif_scale2="0.963292" vif_scale3="0.979965" vmaf="98.134332" />
    <frame frameNum="92" adm2="0.977394" adm_scale0="0.958810" adm_scale1="0.941396" adm_scale2="0.978933" adm_scale3="0.994179" motion2="7.910059" vif_scale0="0.587720" vif_scale1="0.929841" vif_scale2="0.969063" vif_scale3="0.983492" vmaf="99.312397" />
    <frame frameNum="93" adm2="0.974414" adm_scale0="0.955838" adm_scale1="0.933780" adm_scale2="0.973333" adm_scale3="0.993868" motion2="7.162950" vif_scale0="0.564977" vif_scale1="0.917980" vif_scale2="0.962854" vif_scale3="0.979756" vmaf="97.221857" />
    <frame frameNum="94" adm2="0.975977" adm_scale0="0.957856" adm_scale1="0.941845" adm_scale2="0.975672" adm_scale3="0.992377" motion2="6.881777" vif_scale0="0.571476" vif_scale1="0.922172" vif_scale2="0.965159" vif_scale3="0.981577" vmaf="97.495849" />
    <frame frameNum="95" adm2="0.977231" adm_scale0="0.956972" adm_scale1="0.938154" adm_scale2="0.975406" adm_scale3="0.996988" motion2="6.881777" vif_scale0="0.560085" vif_scale1="0.918701" vif_scale2="0.963539" vif_scale3="0.980310" vmaf="97.586942" />
    <frame frameNum="96" adm2="0.986120" adm_scale0="0.964339" adm_scale1="0.959013" adm_scale2="0.989663" adm_scale3="0.999503" motion2="6.838077" vif_scale0="0.592970" vif_scale1="0.940515" vif_scale2="0.975783" vif_scale3="0.987810" vmaf="100.662210" />
    <frame frameNum="97" adm2="0.974843" adm_scale0="0.957601" adm_scale1="0.941195" adm_scale2="0.976684" adm_scale3="0.990099" motion2="6.494508" vif_scale0="0.575432" vif_scale1="0.922918" vif_scale2="0.964882" vif_scale3="0.980680" vmaf="96.726502" />
    <frame frameNum="98" adm2="0.977468" adm_scale0="0.958508" adm_scale1="0.943586" adm_scale2="0.979565" adm_scale3="0.993138" motion2="6.203431" vif_scale0="0.578755" vif_scale1="0.924425" vif_scale2="0.965770" vif_scale3="0.981546" vmaf="97.070097" />
    <frame frameNum="99" adm2="0.974995" adm_scale0="0.959087" adm_scale1="0.940902" adm_scale2="0.974185" adm_scale3="0.991255" motion2="6.203431" vif_scale0="0.575909" vif_scale1="0.921626" vif_scale2="0.963830" vif_scale3="0.980255" vmaf="96.341844" />
    <frame frameNum="100" adm2="0.979903" adm_scale0="0.961882" adm_scale1="0.946936" adm_scale2="0.980854" adm_scale3="0.995432" motion2="6.836185" vif_scale0="0.576666" vif_scale1="0.927099" vif_scale2="0.968125" vif_scale3="0.983231" vmaf="98.567659" />
    <frame frameNum="101" adm2="0.977220" adm_scale0="0.960132" adm_scale1="0.940866" adm_scale2="0.977258" adm_scale3="0.994320" motion2="7.031013" vif_scale0="0.570176" vif_scale1="0.920054" vif_scale2="0.964095" vif_scale3="0.981198" vmaf="97.853048" />
    <frame frameNum="102" adm2="0.978499" adm_scale0="0.961673" adm_scale1="0.945730" adm_scale2="0.980259" adm_scale3="0.994052" motion2="7.301840" vif_scale0="0.585973" vif_scale1="0.927584" vif_scale2="0.967036" vif_scale3="0.982014" vmaf="98.653174" />
    <frame frameNum="103" adm2="0.977244" adm_scale0="0.959591" adm_scale1="0.945315" adm_scale2="0.975153" adm_scale3="0.994091" motion2="7.677040" vif_scale0="0.584344" vif_scale1="0.924385" vif_scale2="0.964956" vif_scale3="0.981127" vmaf="98.635500" />
    <frame frameNum="104" adm2="0.984509" adm_scale0="0.965859" adm_scale1="0.957379" adm_scale2="0.987987" adm_scale3="0.997142" motion2="8.242241" vif_scale0="0.605119" vif_scale1="0.935662" vif_scale2="0.971121" vif_scale3="0.984219" vmaf="101.406119" />
    <frame frameNum="105" adm2="0.980022" adm_scale0="0.961611" adm_scale1="0.946675" adm_scale2="0.981006" adm_scale3="0.996435" motion2="8.252743" vif_scale0="0.589248" vif_scale1="0.925773" vif_scale2="0.965722" vif_scale3="0.981010" vmaf="99.912960" />
    <frame frameNum="106" adm2="0.978400" adm_scale0="0.962591" adm_scale1="0.951920" adm_scale2="0.979100" adm_scale3="0.992335" motion2="8.197223" vif_scale0="0.600169" vif_scale1="0.930184" vif_scale2="0.967616" vif_scale3="0.982506" vmaf="99.720246" />
    <frame frameNum="107" adm2="0.979530" adm_scale0="0.962051" adm_scale1="0.949663" adm_scale2="0.979167" adm_scale3="0.994359" motion2="8.151590" vif_scale0="0.606162" vif_scale1="0.930393" vif_scale2="0.966657" vif_scale3="0.981255" vmaf="99.778095" />
    <frame frameNum="108" adm2="0.984481" adm_scale0="0.965448" adm_scale1="0.954890" adm_scale2="0.988169" adm_scale3="0.998112" motion2="8.151590" vif_scale0="0.609158" vif_scale1="0.937992" vif_scale2="0.972122" vif_scale3="0.985139" vmaf="101.425872" />
    <frame frameNum="109" adm2="0.979494" adm_scale0="0.963559" adm_scale1="0.951415" adm_scale2="0.980314" adm_scale3="0.993692" motion2="8.173396" vif_scale0="0.608655" vif_scale1="0.932158" vif_scale2="0.968066" vif_scale3="0.982417" vmaf="99.955322" />
    <frame frameNum="110" adm2="0.981803" adm_scale0="0.964362" adm_scale1="0.957551" adm_scale2="0.981745" adm_scale3="0.995450" motion2="7.728574" vif_scale0="0.615721" vif_scale1="0.937111" vif_scale2="0.971109" vif_scale3="0.984137" vmaf="100.244148" />
    <frame frameNum="111" adm2="0.982100" adm_scale0="0.964719" adm_scale1="0.956788" adm_scale2="0.983009" adm_scale3="0.995510" motion2="7.173264" vif_scale0="0.612943" vif_scale1="0.934973" vif_scale2="0.969827" vif_scale3="0.983984" vmaf="99.598651" />
    <frame frameNum="112" adm2="0.989832" adm_scale0="0.975748" adm_scale1="0.976517" adm_scale2="0.990506" adm_scale3="0.998881" motion2="6.855636" vif_scale0="0.651188" vif_scale1="0.955818" vif_scale2="0.980070" vif_scale3="0.988798" vmaf="101.841464" />
    <frame frameNum="113" adm2="0.982318" adm_scale0="0.965863" adm_scale1="0.956269" adm_scale2="0.981439" adm_scale3="0.997308" motion2="6.519027" vif_scale0="0.611232" vif_scale1="0.934420" vif_scale2="0.969650" vif_scale3="0.983447" vmaf="98.838277" />
    <frame frameNum="114" adm2="0.984641" adm_scale0="0.964795" adm_scale1="0.959551" adm_scale2="0.986043" adm_scale3="0.998667" motion2="6.067085" vif_scale0="0.603281" vif_scale1="0.933312" vif_scale2="0.969061" vif_scale3="0.982966" vmaf="98.747808" />
    <frame frameNum="115" adm2="0.982578" adm_scale0="0.963753" adm_scale1="0.954785" adm_scale2="0.983735" adm_scale3="0.997065" motion2="5.705991" vif_scale0="0.612978" vif_scale1="0.932869" vif_scale2="0.967558" vif_scale3="0.981954" vmaf="97.729656" />
    <frame frameNum="116" adm2="0.983803" adm_scale0="0.968841" adm_scale1="0.959131" adm_scale2="0.985124" adm_scale3="0.996265" motion2="5.386418" vif_scale0="0.607543" vif_scale1="0.936082" vif_scale2="0.970539" vif_scale3="0.984220" vmaf="97.938430" />
    <frame frameNum="117" adm2="0.980667" adm_scale0="0.964406" adm_scale1="0.960014" adm_scale2="0.979835" adm_scale3="0.993413" motion2="5.075470" vif_scale0="0.597284" vif_scale1="0.927615" vif_scale2="0.965596" vif_scale3="0.981370" vmaf="96.426188" />
    <frame frameNum="118" adm2="0.982447" adm_scale0="0.965078" adm_scale1="0.958908" adm_scale2="0.981830" adm_scale3="0.995878" motion2="4.830062" vif_scale0="0.595343" vif_scale1="0.930086" vif_scale2="0.967614" vif_scale3="0.982975" vmaf="96.742948" />
    <frame frameNum="119" adm2="0.981060" adm_scale0="0.964659" adm_scale1="0.956815" adm_scale2="0.982168" adm_scale3="0.993559" motion2="4.830062" vif_scale0="0.586793" vif_scale1="0.924776" vif_scale2="0.965143" vif_scale3="0.981836" vmaf="96.234159" />
    <frame frameNum="120" adm2="0.986244" adm_scale0="0.967968" adm_scale1="0.967984" adm_scale2="0.986607" adm_scale3="0.997733" motion2="4.543947" vif_scale0="0.603055" vif_scale1="0.935852" vif_scale2="0.970286" vif_scale3="0.983841" vmaf="97.423630" />
    <frame frameNum="121" adm2="0.980837" adm_scale0="0.965923" adm_scale1="0.952713" adm_scale2="0.980211" adm_scale3="0.995914" motion2="4.543947" vif_scale0="0.578388" vif_scale1="0.923174" vif_scale2="0.964849" vif_scale3="0.981843" vmaf="95.833993" />
    <frame frameNum="122" adm2="0.982275" adm_scale0="0.966080" adm_scale1="0.957692" adm_scale2="0.983659" adm_scale3="0.994875" motion2="4.681951" vif_scale0="0.589832" vif_scale1="0.930290" vif_scale2="0.968420" vif_scale3="0.983481" vmaf="96.607641" />
    <frame frameNum="123" adm2="0.980267" adm_scale0="0.965678" adm_scale1="0.954258" adm_scale2="0.978962" adm_scale3="0.994899" motion2="4.436007" vif_scale0="0.581690" vif_scale1="0.925344" vif_scale2="0.965661" vif_scale3="0.981581" vmaf="95.599925" />
    <frame frameNum="124" adm2="0.983971" adm_scale0="0.967084" adm_scale1="0.958080" adm_scale2="0.984740" adm_scale3="0.997675" motion2="4.410894" vif_scale0="0.590054" vif_scale1="0.933585" vif_scale2="0.970341" vif_scale3="0.984642" vmaf="96.836619" />
    <frame frameNum="125" adm2="0.981206" adm_scale0="0.966189" adm_scale1="0.955972" adm_scale2="0.978593" adm_scale3="0.996155" motion2="4.410894" vif_scale0="0.590510" vif_scale1="0.927438" vif_scale2="0.966394" vif_scale3="0.982269" vmaf="95.860279" />
    <frame frameNum="126" adm2="0.982074" adm_scale0="0.966260" adm_scale1="0.956306" adm_scale2="0.979509" adm_scale3="0.997202" motion2="4.462180" vif_scale0="0.597835" vif_scale1="0.931776" vif_scale2="0.968365" vif_scale3="0.982706" vmaf="96.237923" />
    <frame frameNum="127" adm2="0.981882" adm_scale0="0.964866" adm_scale1="0.955876" adm_scale2="0.983374" adm_scale3="0.995063" motion2="4.368739" vif_scale0="0.587842" vif_scale1="0.928718" vif_scale2="0.967957" vif_scale3="0.982788" vmaf="96.070022" />
    <frame frameNum="128" adm2="0.988909" adm_scale0="0.973160" adm_scale1="0.971173" adm_scale2="0.990553" adm_scale3="0.998950" motion2="4.368739" vif_scale0="0.615451" vif_scale1="0.943285" vif_scale2="0.975044" vif_scale3="0.987199" vmaf="98.286651" />
    <frame frameNum="129" adm2="0.982685" adm_scale0="0.965423" adm_scale1="0.958493" adm_scale2="0.982733" adm_scale3="0.995934" motion2="4.662647" vif_scale0="0.603079" vif_scale1="0.931406" vif_scale2="0.967480" vif_scale3="0.981803" vmaf="96.496679" />
    <frame frameNum="130" adm2="0.983225" adm_scale0="0.965968" adm_scale1="0.958865" adm_scale2="0.983607" adm_scale3="0.996791" motion2="4.662647" vif_scale0="0.592592" vif_scale1="0.930321" vif_scale2="0.968409" vif_scale3="0.983032" vmaf="96.752995" />
    <frame frameNum="131" adm2="0.980954" adm_scale0="0.962588" adm_scale1="0.950086" adm_scale2="0.979886" adm_scale3="0.997350" motion2="4.836417" vif_scale0="0.584331" vif_scale1="0.924091" vif_scale2="0.964889" vif_scale3="0.981254" vmaf="96.160648" />
    <frame frameNum="132" adm2="0.986073" adm_scale0="0.967490" adm_scale1="0.962015" adm_scale2="0.986969" adm_scale3="0.999354" motion2="5.031696" vif_scale0="0.608130" vif_scale1="0.936095" vif_scale2="0.971614" vif_scale3="0.985766" vmaf="98.180385" />
    <frame frameNum="133" adm2="0.980198" adm_scale0="0.962136" adm_scale1="0.951915" adm_scale2="0.983109" adm_scale3="0.993709" motion2="5.123641" vif_scale0="0.578711" vif_scale1="0.924488" vif_scale2="0.966787" vif_scale3="0.983611" vmaf="96.609694" />
    <frame frameNum="134" adm2="0.981728" adm_scale0="0.962242" adm_scale1="0.951563" adm_scale2="0.985597" adm_scale3="0.995283" motion2="5.137451" vif_scale0="0.586734" vif_scale1="0.929707" vif_scale2="0.969089" vif_scale3="0.983959" vmaf="97.096049" />
    <frame frameNum="135" adm2="0.979348" adm_scale0="0.963603" adm_scale1="0.952392" adm_scale2="0.979550" adm_scale3="0.993242" motion2="5.556020" vif_scale0="0.595704" vif_scale1="0.926445" vif_scale2="0.966264" vif_scale3="0.982204" vmaf="96.800180" />
    <frame frameNum="136" adm2="0.984425" adm_scale0="0.965370" adm_scale1="0.958383" adm_scale2="0.986361" adm_scale3="0.997250" motion2="5.698411" vif_scale0="0.610874" vif_scale1="0.936125" vif_scale2="0.970799" vif_scale3="0.984693" vmaf="98.490942" />
    <frame frameNum="137" adm2="0.981551" adm_scale0="0.962639" adm_scale1="0.952613" adm_scale2="0.982280" adm_scale3="0.996243" motion2="5.907775" vif_scale0="0.604954" vif_scale1="0.930407" vif_scale2="0.967271" vif_scale3="0.981748" vmaf="97.707923" />
    <frame frameNum="138" adm2="0.981142" adm_scale0="0.961351" adm_scale1="0.946068" adm_scale2="0.982461" adm_scale3="0.997521" motion2="6.206720" vif_scale0="0.585566" vif_scale1="0.928959" vif_scale2="0.968621" vif_scale3="0.984035" vmaf="98.203604" />
    <frame frameNum="139" adm2="0.979466" adm_scale0="0.961678" adm_scale1="0.947160" adm_scale2="0.984137" adm_scale3="0.992316" motion2="6.419833" vif_scale0="0.593922" vif_scale1="0.929178" vif_scale2="0.967964" vif_scale3="0.982820" vmaf="97.962745" />
    <frame frameNum="140" adm2="0.982505" adm_scale0="0.963413" adm_scale1="0.951819" adm_scale2="0.982676" adm_scale3="0.997260" motion2="6.691042" vif_scale0="0.608919" vif_scale1="0.940079" vif_scale2="0.974101" vif_scale3="0.986626" vmaf="99.542956" />
    <frame frameNum="141" adm2="0.981089" adm_scale0="0.964954" adm_scale1="0.949315" adm_scale2="0.981082" adm_scale3="0.996161" motion2="7.202104" vif_scale0="0.614745" vif_scale1="0.935608" vif_scale2="0.970317" vif_scale3="0.984080" vmaf="99.444063" />
    <frame frameNum="142" adm2="0.980260" adm_scale0="0.962152" adm_scale1="0.950129" adm_scale2="0.980241" adm_scale3="0.995325" motion2="7.314528" vif_scale0="0.608865" vif_scale1="0.935402" vif_scale2="0.970584" vif_scale3="0.984410" vmaf="99.426816" />
    <frame frameNum="143" adm2="0.980943" adm_scale0="0.963675" adm_scale1="0.949503" adm_scale2="0.980804" adm_scale3="0.995431" motion2="7.495216" vif_scale0="0.623936" vif_scale1="0.937181" vif_scale2="0.970868" vif_scale3="0.983832" vmaf="99.762406" />
    <frame frameNum="144" adm2="0.986487" adm_scale0="0.972341" adm_scale1="0.964245" adm_scale2="0.989087" adm_scale3="0.996061" motion2="7.396393" vif_scale0="0.664498" vif_scale1="0.960545" vif_scale2="0.982555" vif_scale3="0.989914" vmaf="101.968050" />
    <frame frameNum="145" adm2="0.981031" adm_scale0="0.963070" adm_scale1="0.949610" adm_scale2="0.980101" adm_scale3="0.996407" motion2="7.396393" vif_scale0="0.630977" vif_scale1="0.941266" vif_scale2="0.973057" vif_scale3="0.985741" vmaf="99.933516" />
    <frame frameNum="146" adm2="0.986025" adm_scale0="0.968140" adm_scale1="0.958517" adm_scale2="0.986988" adm_scale3="0.998986" motion2="7.952742" vif_scale0="0.641582" vif_scale1="0.950094" vif_scale2="0.978173" vif_scale3="0.988881" vmaf="102.170269" />
    <frame frameNum="147" adm2="0.981760" adm_scale0="0.963166" adm_scale1="0.944367" adm_scale2="0.981813" adm_scale3="0.997980" motion2="8.263140" vif_scale0="0.636994" vif_scale1="0.941388" vif_scale2="0.973135" vif_scale3="0.984942" vmaf="101.024281" />
    <frame frameNum="148" adm2="0.981772" adm_scale0="0.965868" adm_scale1="0.951954" adm_scale2="0.983754" adm_scale3="0.994286" motion2="8.254028" vif_scale0="0.634909" vif_scale1="0.941844" vif_scale2="0.973414" vif_scale3="0.985528" vmaf="101.074808" />
    <frame frameNum="149" adm2="0.985995" adm_scale0="0.971120" adm_scale1="0.959305" adm_scale2="0.987729" adm_scale3="0.997665" motion2="8.254028" vif_scale0="0.648962" vif_scale1="0.951587" vif_scale2="0.978527" vif_scale3="0.988164" vmaf="102.477202" />
  </frames>
</VMAF>
