<VMAF version="47950a6">
  <params qualityWidth="1280" qualityHeight="720" />
  <fyi fps="14.49" />
  <frames>
    <frame frameNum="0" adm2="0.983893" adm_scale0="0.965307" adm_scale1="0.962546" adm_scale2="0.985583" adm_scale3="0.995164" motion2="0.000000" vif_scale0="0.586028" vif_scale1="0.931859" vif_scale2="0.969816" vif_scale3="0.982718" vmaf="91.203436" />
    <frame frameNum="1" adm2="0.960927" adm_scale0="0.943341" adm_scale1="0.924623" adm_scale2="0.955095" adm_scale3="0.983782" motion2="5.639671" vif_scale0="0.509580" vif_scale1="0.872795" vif_scale2="0.934602" vif_scale3="0.962127" vmaf="89.966650" />
    <frame frameNum="2" adm2="0.964122" adm_scale0="0.946819" adm_scale1="0.928482" adm_scale2="0.962855" adm_scale3="0.983489" motion2="5.106677" vif_scale0="0.517300" vif_scale1="0.880353" vif_scale2="0.940071" vif_scale3="0.965977" vmaf="90.565894" />
    <frame frameNum="3" adm2="0.956760" adm_scale0="0.941121" adm_scale1="0.918485" adm_scale2="0.956211" adm_scale3="0.976073" motion2="4.350933" vif_scale0="0.497233" vif_scale1="0.866265" vif_scale2="0.930402" vif_scale3="0.959237" vmaf="87.214334" />
    <frame frameNum="4" adm2="0.965428" adm_scale0="0.946472" adm_scale1="0.925879" adm_scale2="0.965318" adm_scale3="0.985285" motion2="3.279224" vif_scale0="0.492515" vif_scale1="0.878943" vif_scale2="0.941724" vif_scale3="0.967605" vmaf="88.948267" />
    <frame frameNum="5" adm2="0.958543" adm_scale0="0.940381" adm_scale1="0.913691" adm_scale2="0.956605" adm_scale3="0.981373" motion2="3.279224" vif_scale0="0.480441" vif_scale1="0.861035" vif_scale2="0.928990" vif_scale3="0.959681" vmaf="86.355083" />
    <frame frameNum="6" adm2="0.963058" adm_scale0="0.945226" adm_scale1="0.928118" adm_scale2="0.959967" adm_scale3="0.982847" motion2="4.885628" vif_scale0="0.504860" vif_scale1="0.876377" vif_scale2="0.937825" vif_scale3="0.964008" vmaf="89.846510" />
    <frame frameNum="7" adm2="0.959633" adm_scale0="0.945683" adm_scale1="0.917913" adm_scale2="0.959505" adm_scale3="0.979777" motion2="4.776041" vif_scale0="0.518036" vif_scale1="0.872014" vif_scale2="0.932463" vif_scale3="0.960621" vmaf="88.484258" />
    <frame frameNum="8" adm2="0.968183" adm_scale0="0.950585" adm_scale1="0.931538" adm_scale2="0.969885" adm_scale3="0.986248" motion2="4.056862" vif_scale0="0.508161" vif_scale1="0.894350" vif_scale2="0.951509" vif_scale3="0.973831" vmaf="91.340748" />
    <frame frameNum="9" adm2="0.959015" adm_scale0="0.944177" adm_scale1="0.920643" adm_scale2="0.957244" adm_scale3="0.979060" motion2="4.056862" vif_scale0="0.494039" vif_scale1="0.869054" vif_scale2="0.933409" vif_scale3="0.961888" vmaf="87.690034" />
    <frame frameNum="10" adm2="0.964540" adm_scale0="0.945153" adm_scale1="0.922939" adm_scale2="0.963291" adm_scale3="0.986771" motion2="6.112095" vif_scale0="0.513146" vif_scale1="0.877795" vif_scale2="0.938727" vif_scale3="0.964347" vmaf="91.621010" />
    <frame frameNum="11" adm2="0.954733" adm_scale0="0.941158" adm_scale1="0.907227" adm_scale2="0.950432" adm_scale3="0.979153" motion2="4.545020" vif_scale0="0.492328" vif_scale1="0.865423" vif_scale2="0.930361" vif_scale3="0.959728" vmaf="87.050688" />
    <frame frameNum="12" adm2="0.965163" adm_scale0="0.945375" adm_scale1="0.928457" adm_scale2="0.963757" adm_scale3="0.985193" motion2="3.989195" vif_scale0="0.499445" vif_scale1="0.883806" vif_scale2="0.943850" vif_scale3="0.968863" vmaf="89.902548" />
    <frame frameNum="13" adm2="0.958794" adm_scale0="0.944467" adm_scale1="0.914028" adm_scale2="0.957093" adm_scale3="0.980657" motion2="3.152309" vif_scale0="0.498726" vif_scale1="0.871796" vif_scale2="0.934116" vif_scale3="0.962319" vmaf="86.642169" />
    <frame frameNum="14" adm2="0.961833" adm_scale0="0.944166" adm_scale1="0.923964" adm_scale2="0.958146" adm_scale3="0.983081" motion2="3.152309" vif_scale0="0.499033" vif_scale1="0.878102" vif_scale2="0.939708" vif_scale3="0.966077" vmaf="87.816923" />
    <frame frameNum="15" adm2="0.958936" adm_scale0="0.942511" adm_scale1="0.916923" adm_scale2="0.957474" adm_scale3="0.980270" motion2="3.406580" vif_scale0="0.498200" vif_scale1="0.875190" vif_scale2="0.936446" vif_scale3="0.963176" vmaf="87.136052" />
    <frame frameNum="16" adm2="0.980496" adm_scale0="0.960218" adm_scale1="0.948939" adm_scale2="0.982785" adm_scale3="0.995876" motion2="4.074044" vif_scale0="0.547944" vif_scale1="0.923690" vif_scale2="0.968203" vif_scale3="0.983344" vmaf="95.489692" />
    <frame frameNum="17" adm2="0.966022" adm_scale0="0.948280" adm_scale1="0.924349" adm_scale2="0.962881" adm_scale3="0.988268" motion2="3.065302" vif_scale0="0.511277" vif_scale1="0.887187" vif_scale2="0.945469" vif_scale3="0.969706" vmaf="89.118905" />
    <frame frameNum="18" adm2="0.967263" adm_scale0="0.951271" adm_scale1="0.926036" adm_scale2="0.965187" adm_scale3="0.987923" motion2="3.065302" vif_scale0="0.510698" vif_scale1="0.886862" vif_scale2="0.946280" vif_scale3="0.969668" vmaf="89.415846" />
    <frame frameNum="19" adm2="0.960656" adm_scale0="0.948965" adm_scale1="0.919614" adm_scale2="0.957101" adm_scale3="0.982180" motion2="3.216635" vif_scale0="0.502013" vif_scale1="0.880705" vif_scale2="0.941658" vif_scale3="0.966706" vmaf="87.768759" />
    <frame frameNum="20" adm2="0.968448" adm_scale0="0.950936" adm_scale1="0.929452" adm_scale2="0.969486" adm_scale3="0.987606" motion2="2.992759" vif_scale0="0.505726" vif_scale1="0.892510" vif_scale2="0.950851" vif_scale3="0.973627" vmaf="90.101625" />
    <frame frameNum="21" adm2="0.963957" adm_scale0="0.948474" adm_scale1="0.926376" adm_scale2="0.961334" adm_scale3="0.984213" motion2="2.992759" vif_scale0="0.494863" vif_scale1="0.877648" vif_scale2="0.940407" vif_scale3="0.966948" vmaf="88.186168" />
    <frame frameNum="22" adm2="0.964044" adm_scale0="0.948300" adm_scale1="0.925304" adm_scale2="0.963643" adm_scale3="0.983120" motion2="3.364288" vif_scale0="0.489715" vif_scale1="0.878290" vif_scale2="0.942160" vif_scale3="0.967724" vmaf="88.785204" />
    <frame frameNum="23" adm2="0.962023" adm_scale0="0.943907" adm_scale1="0.923458" adm_scale2="0.961032" adm_scale3="0.982645" motion2="2.941125" vif_scale0="0.484433" vif_scale1="0.873973" vif_scale2="0.939237" vif_scale3="0.966157" vmaf="87.621132" />
    <frame frameNum="24" adm2="0.970977" adm_scale0="0.953179" adm_scale1="0.936609" adm_scale2="0.971115" adm_scale3="0.988620" motion2="2.941125" vif_scale0="0.502725" vif_scale1="0.890060" vif_scale2="0.950168" vif_scale3="0.972979" vmaf="90.503663" />
    <frame frameNum="25" adm2="0.964139" adm_scale0="0.951091" adm_scale1="0.928155" adm_scale2="0.958905" adm_scale3="0.985017" motion2="2.852221" vif_scale0="0.491182" vif_scale1="0.875183" vif_scale2="0.939906" vif_scale3="0.966721" vmaf="88.026341" />
    <frame frameNum="26" adm2="0.966627" adm_scale0="0.952184" adm_scale1="0.935113" adm_scale2="0.962137" adm_scale3="0.985602" motion2="2.776766" vif_scale0="0.495518" vif_scale1="0.879834" vif_scale2="0.942758" vif_scale3="0.968215" vmaf="88.697628" />
    <frame frameNum="27" adm2="0.964229" adm_scale0="0.950045" adm_scale1="0.929125" adm_scale2="0.961300" adm_scale3="0.983871" motion2="2.509950" vif_scale0="0.487931" vif_scale1="0.872446" vif_scale2="0.937926" vif_scale3="0.964870" vmaf="87.419241" />
    <frame frameNum="28" adm2="0.967959" adm_scale0="0.952549" adm_scale1="0.933530" adm_scale2="0.968298" adm_scale3="0.985111" motion2="2.509950" vif_scale0="0.497915" vif_scale1="0.885959" vif_scale2="0.947271" vif_scale3="0.971106" vmaf="89.081607" />
    <frame frameNum="29" adm2="0.964431" adm_scale0="0.951280" adm_scale1="0.931817" adm_scale2="0.961945" adm_scale3="0.982496" motion2="2.816446" vif_scale0="0.493923" vif_scale1="0.873916" vif_scale2="0.938252" vif_scale3="0.965048" vmaf="87.840747" />
    <frame frameNum="30" adm2="0.966828" adm_scale0="0.950053" adm_scale1="0.929855" adm_scale2="0.965703" adm_scale3="0.986338" motion2="2.816446" vif_scale0="0.497202" vif_scale1="0.878297" vif_scale2="0.941551" vif_scale3="0.966865" vmaf="88.627115" />
    <frame frameNum="31" adm2="0.963812" adm_scale0="0.946783" adm_scale1="0.927359" adm_scale2="0.962975" adm_scale3="0.983646" motion2="2.870256" vif_scale0="0.488235" vif_scale1="0.877171" vif_scale2="0.941611" vif_scale3="0.967426" vmaf="88.110925" />
    <frame frameNum="32" adm2="0.977669" adm_scale0="0.957698" adm_scale1="0.947258" adm_scale2="0.979902" adm_scale3="0.993371" motion2="2.870256" vif_scale0="0.523296" vif_scale1="0.909270" vif_scale2="0.962346" vif_scale3="0.980617" vmaf="92.972676" />
    <frame frameNum="33" adm2="0.965200" adm_scale0="0.951249" adm_scale1="0.925406" adm_scale2="0.964464" adm_scale3="0.984607" motion2="4.198459" vif_scale0="0.495641" vif_scale1="0.877636" vif_scale2="0.941401" vif_scale3="0.967764" vmaf="89.966312" />
    <frame frameNum="34" adm2="0.966203" adm_scale0="0.949640" adm_scale1="0.925706" adm_scale2="0.965067" adm_scale3="0.986701" motion2="4.198459" vif_scale0="0.494191" vif_scale1="0.876130" vif_scale2="0.941216" vif_scale3="0.967883" vmaf="90.183300" />
    <frame frameNum="35" adm2="0.960865" adm_scale0="0.948061" adm_scale1="0.918713" adm_scale2="0.955404" adm_scale3="0.983555" motion2="5.916987" vif_scale0="0.493730" vif_scale1="0.868463" vif_scale2="0.936130" vif_scale3="0.964652" vmaf="90.541577" />
    <frame frameNum="36" adm2="0.967215" adm_scale0="0.953107" adm_scale1="0.928828" adm_scale2="0.963978" adm_scale3="0.986648" motion2="6.934131" vif_scale0="0.529859" vif_scale1="0.883936" vif_scale2="0.944583" vif_scale3="0.969803" vmaf="93.792554" />
    <frame frameNum="37" adm2="0.960319" adm_scale0="0.950781" adm_scale1="0.918178" adm_scale2="0.955441" adm_scale3="0.980853" motion2="7.691448" vif_scale0="0.516764" vif_scale1="0.866509" vif_scale2="0.932926" vif_scale3="0.962069" vmaf="92.054314" />
    <frame frameNum="38" adm2="0.958731" adm_scale0="0.952121" adm_scale1="0.916313" adm_scale2="0.951889" adm_scale3="0.979529" motion2="8.290002" vif_scale0="0.538975" vif_scale1="0.874498" vif_scale2="0.934731" vif_scale3="0.963170" vmaf="92.536194" />
    <frame frameNum="39" adm2="0.955624" adm_scale0="0.948408" adm_scale1="0.918481" adm_scale2="0.946622" adm_scale3="0.975530" motion2="9.201682" vif_scale0="0.543903" vif_scale1="0.876099" vif_scale2="0.933223" vif_scale3="0.960640" vmaf="92.605026" />
    <frame frameNum="40" adm2="0.965604" adm_scale0="0.957769" adm_scale1="0.934154" adm_scale2="0.961786" adm_scale3="0.980529" motion2="9.585089" vif_scale0="0.556876" vif_scale1="0.893907" vif_scale2="0.946749" vif_scale3="0.970805" vmaf="96.547771" />
    <frame frameNum="41" adm2="0.956945" adm_scale0="0.952463" adm_scale1="0.920455" adm_scale2="0.949402" adm_scale3="0.974696" motion2="9.823271" vif_scale0="0.543827" vif_scale1="0.875065" vif_scale2="0.932925" vif_scale3="0.960880" vmaf="93.559505" />
    <frame frameNum="42" adm2="0.956634" adm_scale0="0.951213" adm_scale1="0.917296" adm_scale2="0.947051" adm_scale3="0.977153" motion2="9.695138" vif_scale0="0.538046" vif_scale1="0.874065" vif_scale2="0.932744" vif_scale3="0.960641" vmaf="93.326130" />
    <frame frameNum="43" adm2="0.955955" adm_scale0="0.950588" adm_scale1="0.912985" adm_scale2="0.948876" adm_scale3="0.976336" motion2="9.695138" vif_scale0="0.535675" vif_scale1="0.873873" vif_scale2="0.931915" vif_scale3="0.960474" vmaf="93.132157" />
    <frame frameNum="44" adm2="0.960142" adm_scale0="0.954090" adm_scale1="0.925841" adm_scale2="0.948833" adm_scale3="0.980287" motion2="9.964064" vif_scale0="0.550424" vif_scale1="0.886790" vif_scale2="0.941244" vif_scale3="0.967491" vmaf="95.273068" />
    <frame frameNum="45" adm2="0.954490" adm_scale0="0.951914" adm_scale1="0.913524" adm_scale2="0.943623" adm_scale3="0.975647" motion2="9.690370" vif_scale0="0.541359" vif_scale1="0.872722" vif_scale2="0.930562" vif_scale3="0.959605" vmaf="92.692702" />
    <frame frameNum="46" adm2="0.957841" adm_scale0="0.954338" adm_scale1="0.921243" adm_scale2="0.950599" adm_scale3="0.975521" motion2="9.690370" vif_scale0="0.562141" vif_scale1="0.890697" vif_scale2="0.941304" vif_scale3="0.965867" vmaf="94.376005" />
    <frame frameNum="47" adm2="0.958103" adm_scale0="0.951346" adm_scale1="0.921909" adm_scale2="0.947515" adm_scale3="0.977981" motion2="9.335769" vif_scale0="0.568180" vif_scale1="0.894082" vif_scale2="0.941729" vif_scale3="0.964271" vmaf="93.951008" />
    <frame frameNum="48" adm2="0.980447" adm_scale0="0.965642" adm_scale1="0.952747" adm_scale2="0.978020" adm_scale3="0.995025" motion2="9.335769" vif_scale0="0.622676" vif_scale1="0.943154" vif_scale2="0.974179" vif_scale3="0.986195" vmaf="100.000000" />
    <frame frameNum="49" adm2="0.962902" adm_scale0="0.955953" adm_scale1="0.921460" adm_scale2="0.958560" adm_scale3="0.980901" motion2="9.337810" vif_scale0="0.573230" vif_scale1="0.898961" vif_scale2="0.944649" vif_scale3="0.966292" vmaf="95.276665" />
    <frame frameNum="50" adm2="0.961549" adm_scale0="0.956398" adm_scale1="0.924693" adm_scale2="0.952578" adm_scale3="0.979674" motion2="9.054583" vif_scale0="0.562534" vif_scale1="0.891731" vif_scale2="0.942517" vif_scale3="0.967163" vmaf="94.639055" />
    <frame frameNum="51" adm2="0.961151" adm_scale0="0.954470" adm_scale1="0.923017" adm_scale2="0.954456" adm_scale3="0.978897" motion2="9.041745" vif_scale0="0.555207" vif_scale1="0.886699" vif_scale2="0.939078" vif_scale3="0.964857" vmaf="94.204508" />
    <frame frameNum="52" adm2="0.963130" adm_scale0="0.957808" adm_scale1="0.929262" adm_scale2="0.952384" adm_scale3="0.982278" motion2="8.486893" vif_scale0="0.558695" vif_scale1="0.892588" vif_scale2="0.945506" vif_scale3="0.969573" vmaf="94.672233" />
    <frame frameNum="53" adm2="0.957583" adm_scale0="0.954122" adm_scale1="0.921169" adm_scale2="0.944457" adm_scale3="0.979130" motion2="7.573438" vif_scale0="0.526395" vif_scale1="0.869389" vif_scale2="0.932208" vif_scale3="0.961797" vmaf="91.287241" />
    <frame frameNum="54" adm2="0.964341" adm_scale0="0.953244" adm_scale1="0.931179" adm_scale2="0.961026" adm_scale3="0.981060" motion2="7.007406" vif_scale0="0.521464" vif_scale1="0.867236" vif_scale2="0.932989" vif_scale3="0.963037" vmaf="92.233395" />
    <frame frameNum="55" adm2="0.961363" adm_scale0="0.948207" adm_scale1="0.925318" adm_scale2="0.958085" adm_scale3="0.980486" motion2="6.151161" vif_scale0="0.499902" vif_scale1="0.857578" vif_scale2="0.930225" vif_scale3="0.962543" vmaf="90.495287" />
    <frame frameNum="56" adm2="0.969722" adm_scale0="0.953833" adm_scale1="0.931722" adm_scale2="0.967805" adm_scale3="0.988624" motion2="6.116088" vif_scale0="0.494913" vif_scale1="0.864772" vif_scale2="0.938997" vif_scale3="0.968555" vmaf="93.081251" />
    <frame frameNum="57" adm2="0.963184" adm_scale0="0.949096" adm_scale1="0.921552" adm_scale2="0.959942" adm_scale3="0.984237" motion2="6.116088" vif_scale0="0.494791" vif_scale1="0.854672" vif_scale2="0.929499" vif_scale3="0.961792" vmaf="90.759986" />
    <frame frameNum="58" adm2="0.965118" adm_scale0="0.951298" adm_scale1="0.928856" adm_scale2="0.956619" adm_scale3="0.987667" motion2="7.095902" vif_scale0="0.512097" vif_scale1="0.865492" vif_scale2="0.935155" vif_scale3="0.965193" vmaf="92.759554" />
    <frame frameNum="59" adm2="0.966000" adm_scale0="0.947105" adm_scale1="0.926655" adm_scale2="0.961681" adm_scale3="0.987485" motion2="7.340748" vif_scale0="0.507679" vif_scale1="0.862877" vif_scale2="0.932246" vif_scale3="0.962854" vmaf="92.916573" />
    <frame frameNum="60" adm2="0.968280" adm_scale0="0.952758" adm_scale1="0.930420" adm_scale2="0.968550" adm_scale3="0.985918" motion2="7.373094" vif_scale0="0.527620" vif_scale1="0.878418" vif_scale2="0.942165" vif_scale3="0.969432" vmaf="94.375362" />
    <frame frameNum="61" adm2="0.962718" adm_scale0="0.947681" adm_scale1="0.917580" adm_scale2="0.961707" adm_scale3="0.982068" motion2="7.932577" vif_scale0="0.517327" vif_scale1="0.866453" vif_scale2="0.933093" vif_scale3="0.962148" vmaf="92.845292" />
    <frame frameNum="62" adm2="0.964892" adm_scale0="0.951923" adm_scale1="0.922460" adm_scale2="0.960627" adm_scale3="0.985650" motion2="8.347490" vif_scale0="0.518568" vif_scale1="0.868370" vif_scale2="0.936059" vif_scale3="0.965151" vmaf="94.122515" />
    <frame frameNum="63" adm2="0.965860" adm_scale0="0.948960" adm_scale1="0.919624" adm_scale2="0.960763" adm_scale3="0.988762" motion2="8.881413" vif_scale0="0.521425" vif_scale1="0.869494" vif_scale2="0.936051" vif_scale3="0.965330" vmaf="94.922702" />
    <frame frameNum="64" adm2="0.978514" adm_scale0="0.957866" adm_scale1="0.946095" adm_scale2="0.977363" adm_scale3="0.995619" motion2="9.587723" vif_scale0="0.541704" vif_scale1="0.896592" vif_scale2="0.955143" vif_scale3="0.976994" vmaf="100.000000" />
    <frame frameNum="65" adm2="0.960110" adm_scale0="0.947319" adm_scale1="0.910224" adm_scale2="0.955116" adm_scale3="0.983415" motion2="10.133101" vif_scale0="0.508750" vif_scale1="0.862413" vif_scale2="0.933523" vif_scale3="0.963579" vmaf="94.769739" />
    <frame frameNum="66" adm2="0.964624" adm_scale0="0.950251" adm_scale1="0.911424" adm_scale2="0.962806" adm_scale3="0.986923" motion2="10.653828" vif_scale0="0.518246" vif_scale1="0.868915" vif_scale2="0.936853" vif_scale3="0.965532" vmaf="96.577603" />
    <frame frameNum="67" adm2="0.962316" adm_scale0="0.948942" adm_scale1="0.915031" adm_scale2="0.960810" adm_scale3="0.982975" motion2="11.115594" vif_scale0="0.526911" vif_scale1="0.868449" vif_scale2="0.933194" vif_scale3="0.962583" vmaf="96.186750" />
    <frame frameNum="68" adm2="0.969311" adm_scale0="0.952852" adm_scale1="0.923059" adm_scale2="0.966992" adm_scale3="0.989838" motion2="11.631356" vif_scale0="0.530501" vif_scale1="0.878025" vif_scale2="0.941395" vif_scale3="0.967815" vmaf="98.974123" />
    <frame frameNum="69" adm2="0.962411" adm_scale0="0.948969" adm_scale1="0.912367" adm_scale2="0.955905" adm_scale3="0.986957" motion2="11.631356" vif_scale0="0.539748" vif_scale1="0.875445" vif_scale2="0.936486" vif_scale3="0.963857" vmaf="96.991713" />
    <frame frameNum="70" adm2="0.963073" adm_scale0="0.952267" adm_scale1="0.912913" adm_scale2="0.954375" adm_scale3="0.986640" motion2="12.472349" vif_scale0="0.549033" vif_scale1="0.884991" vif_scale2="0.941036" vif_scale3="0.966143" vmaf="98.375845" />
    <frame frameNum="71" adm2="0.960329" adm_scale0="0.949176" adm_scale1="0.907279" adm_scale2="0.954496" adm_scale3="0.982512" motion2="12.472349" vif_scale0="0.551114" vif_scale1="0.881453" vif_scale2="0.937194" vif_scale3="0.964567" vmaf="97.504471" />
    <frame frameNum="72" adm2="0.966747" adm_scale0="0.953332" adm_scale1="0.924864" adm_scale2="0.960761" adm_scale3="0.987872" motion2="13.029011" vif_scale0="0.556004" vif_scale1="0.898458" vif_scale2="0.950977" vif_scale3="0.972836" vmaf="100.000000" />
    <frame frameNum="73" adm2="0.958554" adm_scale0="0.950022" adm_scale1="0.917279" adm_scale2="0.948811" adm_scale3="0.979817" motion2="12.860599" vif_scale0="0.543015" vif_scale1="0.879168" vif_scale2="0.936742" vif_scale3="0.963545" vmaf="97.398248" />
    <frame frameNum="74" adm2="0.963231" adm_scale0="0.951920" adm_scale1="0.918727" adm_scale2="0.957261" adm_scale3="0.984391" motion2="12.854736" vif_scale0="0.544110" vif_scale1="0.885205" vif_scale2="0.942561" vif_scale3="0.967786" vmaf="98.974398" />
    <frame frameNum="75" adm2="0.962061" adm_scale0="0.951341" adm_scale1="0.912352" adm_scale2="0.954962" adm_scale3="0.984404" motion2="12.854736" vif_scale0="0.547370" vif_scale1="0.883766" vif_scale2="0.940409" vif_scale3="0.966082" vmaf="98.505099" />
    <frame frameNum="76" adm2="0.968759" adm_scale0="0.953447" adm_scale1="0.924495" adm_scale2="0.963696" adm_scale3="0.989031" motion2="13.063421" vif_scale0="0.558586" vif_scale1="0.896036" vif_scale2="0.948044" vif_scale3="0.970488" vmaf="100.000000" />
    <frame frameNum="77" adm2="0.961433" adm_scale0="0.947702" adm_scale1="0.913507" adm_scale2="0.954048" adm_scale3="0.983866" motion2="12.974502" vif_scale0="0.550476" vif_scale1="0.885646" vif_scale2="0.939884" vif_scale3="0.964839" vmaf="98.378855" />
    <frame frameNum="78" adm2="0.963421" adm_scale0="0.954314" adm_scale1="0.920747" adm_scale2="0.958615" adm_scale3="0.982003" motion2="12.800354" vif_scale0="0.559672" vif_scale1="0.894385" vif_scale2="0.945405" vif_scale3="0.968228" vmaf="99.155996" />
    <frame frameNum="79" adm2="0.958167" adm_scale0="0.950938" adm_scale1="0.913066" adm_scale2="0.944282" adm_scale3="0.982231" motion2="12.800354" vif_scale0="0.553509" vif_scale1="0.886289" vif_scale2="0.938690" vif_scale3="0.962756" vmaf="97.301234" />
    <frame frameNum="80" adm2="0.983084" adm_scale0="0.962071" adm_scale1="0.945439" adm_scale2="0.985145" adm_scale3="0.998914" motion2="12.288285" vif_scale0="0.599648" vif_scale1="0.938553" vif_scale2="0.973752" vif_scale3="0.986158" vmaf="100.000000" />
    <frame frameNum="81" adm2="0.961760" adm_scale0="0.951654" adm_scale1="0.912025" adm_scale2="0.953079" adm_scale3="0.985538" motion2="12.156039" vif_scale0="0.552741" vif_scale1="0.892439" vif_scale2="0.945283" vif_scale3="0.968810" vmaf="98.178101" />
    <frame frameNum="82" adm2="0.960775" adm_scale0="0.949554" adm_scale1="0.907228" adm_scale2="0.951488" adm_scale3="0.986370" motion2="11.749644" vif_scale0="0.557766" vif_scale1="0.894015" vif_scale2="0.945795" vif_scale3="0.969109" vmaf="97.608013" />
    <frame frameNum="83" adm2="0.956568" adm_scale0="0.947453" adm_scale1="0.901324" adm_scale2="0.949682" adm_scale3="0.981297" motion2="11.213417" vif_scale0="0.545324" vif_scale1="0.882372" vif_scale2="0.937664" vif_scale3="0.963484" vmaf="95.344843" />
    <frame frameNum="84" adm2="0.964917" adm_scale0="0.950949" adm_scale1="0.919999" adm_scale2="0.959546" adm_scale3="0.986326" motion2="11.213417" vif_scale0="0.554748" vif_scale1="0.893652" vif_scale2="0.947320" vif_scale3="0.970407" vmaf="98.107076" />
    <frame frameNum="85" adm2="0.959844" adm_scale0="0.947774" adm_scale1="0.910484" adm_scale2="0.949364" adm_scale3="0.984438" motion2="10.529059" vif_scale0="0.539293" vif_scale1="0.880886" vif_scale2="0.937957" vif_scale3="0.964134" vmaf="95.389906" />
    <frame frameNum="86" adm2="0.958549" adm_scale0="0.947934" adm_scale1="0.909928" adm_scale2="0.951534" adm_scale3="0.980773" motion2="9.761002" vif_scale0="0.539233" vif_scale1="0.882224" vif_scale2="0.939880" vif_scale3="0.965263" vmaf="94.471232" />
    <frame frameNum="87" adm2="0.956502" adm_scale0="0.947161" adm_scale1="0.904338" adm_scale2="0.951599" adm_scale3="0.978513" motion2="9.214196" vif_scale0="0.535233" vif_scale1="0.876293" vif_scale2="0.935653" vif_scale3="0.962233" vmaf="93.027860" />
    <frame frameNum="88" adm2="0.965591" adm_scale0="0.949352" adm_scale1="0.917749" adm_scale2="0.964326" adm_scale3="0.986984" motion2="8.763312" vif_scale0="0.535687" vif_scale1="0.890158" vif_scale2="0.948021" vif_scale3="0.971774" vmaf="95.770183" />
    <frame frameNum="89" adm2="0.956843" adm_scale0="0.947715" adm_scale1="0.904023" adm_scale2="0.948266" adm_scale3="0.982393" motion2="8.763312" vif_scale0="0.529196" vif_scale1="0.877712" vif_scale2="0.937943" vif_scale3="0.964579" vmaf="92.891810" />
    <frame frameNum="90" adm2="0.958616" adm_scale0="0.948307" adm_scale1="0.907472" adm_scale2="0.952469" adm_scale3="0.982746" motion2="8.124693" vif_scale0="0.533079" vif_scale1="0.883063" vif_scale2="0.941936" vif_scale3="0.967995" vmaf="93.014691" />
    <frame frameNum="91" adm2="0.960393" adm_scale0="0.946325" adm_scale1="0.899295" adm_scale2="0.951319" adm_scale3="0.988080" motion2="8.066119" vif_scale0="0.520410" vif_scale1="0.873176" vif_scale2="0.936185" vif_scale3="0.963566" vmaf="92.736530" />
    <frame frameNum="92" adm2="0.963477" adm_scale0="0.949709" adm_scale1="0.919321" adm_scale2="0.959026" adm_scale3="0.985519" motion2="7.910059" vif_scale0="0.527338" vif_scale1="0.883426" vif_scale2="0.943721" vif_scale3="0.968662" vmaf="93.948438" />
    <frame frameNum="93" adm2="0.959797" adm_scale0="0.945529" adm_scale1="0.908382" adm_scale2="0.956226" adm_scale3="0.983218" motion2="7.162950" vif_scale0="0.508210" vif_scale1="0.873742" vif_scale2="0.938665" vif_scale3="0.965667" vmaf="91.884452" />
    <frame frameNum="94" adm2="0.964732" adm_scale0="0.948671" adm_scale1="0.925350" adm_scale2="0.957119" adm_scale3="0.986783" motion2="6.881777" vif_scale0="0.513638" vif_scale1="0.876745" vif_scale2="0.940193" vif_scale3="0.966741" vmaf="92.775612" />
    <frame frameNum="95" adm2="0.964356" adm_scale0="0.947644" adm_scale1="0.914275" adm_scale2="0.961129" adm_scale3="0.987738" motion2="6.881777" vif_scale0="0.502062" vif_scale1="0.874592" vif_scale2="0.939664" vif_scale3="0.966949" vmaf="92.693044" />
    <frame frameNum="96" adm2="0.978331" adm_scale0="0.957497" adm_scale1="0.944370" adm_scale2="0.979961" adm_scale3="0.995032" motion2="6.838077" vif_scale0="0.535035" vif_scale1="0.903866" vif_scale2="0.958041" vif_scale3="0.977809" vmaf="97.309175" />
    <frame frameNum="97" adm2="0.963626" adm_scale0="0.948754" adm_scale1="0.916792" adm_scale2="0.960249" adm_scale3="0.986037" motion2="6.494508" vif_scale0="0.517798" vif_scale1="0.877488" vif_scale2="0.939514" vif_scale3="0.966035" vmaf="92.019226" />
    <frame frameNum="98" adm2="0.964200" adm_scale0="0.949381" adm_scale1="0.918545" adm_scale2="0.961926" adm_scale3="0.985527" motion2="6.203431" vif_scale0="0.522211" vif_scale1="0.880329" vif_scale2="0.941540" vif_scale3="0.967952" vmaf="92.048422" />
    <frame frameNum="99" adm2="0.963897" adm_scale0="0.948104" adm_scale1="0.915334" adm_scale2="0.961019" adm_scale3="0.986246" motion2="6.203431" vif_scale0="0.520645" vif_scale1="0.876674" vif_scale2="0.938258" vif_scale3="0.964757" vmaf="91.593975" />
    <frame frameNum="100" adm2="0.971342" adm_scale0="0.951439" adm_scale1="0.929165" adm_scale2="0.970896" adm_scale3="0.991383" motion2="6.836185" vif_scale0="0.516305" vif_scale1="0.882363" vif_scale2="0.943653" vif_scale3="0.968800" vmaf="94.453027" />
    <frame frameNum="101" adm2="0.964210" adm_scale0="0.948321" adm_scale1="0.913936" adm_scale2="0.962675" adm_scale3="0.986724" motion2="7.031013" vif_scale0="0.514006" vif_scale1="0.874865" vif_scale2="0.938414" vif_scale3="0.965923" vmaf="92.690248" />
    <frame frameNum="102" adm2="0.966406" adm_scale0="0.951014" adm_scale1="0.921069" adm_scale2="0.963755" adm_scale3="0.988931" motion2="7.301840" vif_scale0="0.530209" vif_scale1="0.884167" vif_scale2="0.942968" vif_scale3="0.968546" vmaf="93.863328" />
    <frame frameNum="103" adm2="0.967276" adm_scale0="0.949442" adm_scale1="0.921866" adm_scale2="0.961720" adm_scale3="0.990831" motion2="7.677040" vif_scale0="0.531686" vif_scale1="0.881721" vif_scale2="0.940391" vif_scale3="0.966434" vmaf="94.190311" />
    <frame frameNum="104" adm2="0.975464" adm_scale0="0.958438" adm_scale1="0.939374" adm_scale2="0.978184" adm_scale3="0.991261" motion2="8.242241" vif_scale0="0.555824" vif_scale1="0.900578" vif_scale2="0.952607" vif_scale3="0.974092" vmaf="97.728273" />
    <frame frameNum="105" adm2="0.965595" adm_scale0="0.952395" adm_scale1="0.927082" adm_scale2="0.961322" adm_scale3="0.985792" motion2="8.252743" vif_scale0="0.533785" vif_scale1="0.880936" vif_scale2="0.939543" vif_scale3="0.965149" vmaf="94.326735" />
    <frame frameNum="106" adm2="0.969100" adm_scale0="0.955131" adm_scale1="0.933030" adm_scale2="0.969176" adm_scale3="0.986448" motion2="8.197223" vif_scale0="0.549529" vif_scale1="0.889857" vif_scale2="0.944264" vif_scale3="0.968498" vmaf="95.493905" />
    <frame frameNum="107" adm2="0.967513" adm_scale0="0.954241" adm_scale1="0.930454" adm_scale2="0.961118" adm_scale3="0.987256" motion2="8.151590" vif_scale0="0.555690" vif_scale1="0.889713" vif_scale2="0.942516" vif_scale3="0.966431" vmaf="94.867888" />
    <frame frameNum="108" adm2="0.971954" adm_scale0="0.956094" adm_scale1="0.934280" adm_scale2="0.970476" adm_scale3="0.990837" motion2="8.151590" vif_scale0="0.555207" vif_scale1="0.898413" vif_scale2="0.950680" vif_scale3="0.972716" vmaf="96.676402" />
    <frame frameNum="109" adm2="0.968066" adm_scale0="0.953455" adm_scale1="0.924388" adm_scale2="0.967351" adm_scale3="0.988522" motion2="8.173396" vif_scale0="0.557542" vif_scale1="0.892388" vif_scale2="0.945518" vif_scale3="0.969851" vmaf="95.410296" />
    <frame frameNum="110" adm2="0.970644" adm_scale0="0.955636" adm_scale1="0.939943" adm_scale2="0.967997" adm_scale3="0.987551" motion2="7.728574" vif_scale0="0.562007" vif_scale1="0.898196" vif_scale2="0.949331" vif_scale3="0.971000" vmaf="95.733369" />
    <frame frameNum="111" adm2="0.970621" adm_scale0="0.956167" adm_scale1="0.935951" adm_scale2="0.968623" adm_scale3="0.988382" motion2="7.173264" vif_scale0="0.558900" vif_scale1="0.896643" vif_scale2="0.948401" vif_scale3="0.970787" vmaf="95.046000" />
    <frame frameNum="112" adm2="0.985194" adm_scale0="0.969848" adm_scale1="0.965435" adm_scale2="0.985610" adm_scale3="0.997332" motion2="6.855636" vif_scale0="0.598789" vif_scale1="0.930671" vif_scale2="0.968673" vif_scale3="0.982698" vmaf="99.734697" />
    <frame frameNum="113" adm2="0.970830" adm_scale0="0.957431" adm_scale1="0.940265" adm_scale2="0.967619" adm_scale3="0.988130" motion2="6.519027" vif_scale0="0.557991" vif_scale1="0.896374" vif_scale2="0.948208" vif_scale3="0.970962" vmaf="94.354342" />
    <frame frameNum="114" adm2="0.975472" adm_scale0="0.955768" adm_scale1="0.940822" adm_scale2="0.977519" adm_scale3="0.992620" motion2="6.067085" vif_scale0="0.547181" vif_scale1="0.893942" vif_scale2="0.947717" vif_scale3="0.970975" vmaf="94.816453" />
    <frame frameNum="115" adm2="0.973541" adm_scale0="0.951896" adm_scale1="0.939310" adm_scale2="0.973785" adm_scale3="0.991712" motion2="5.705991" vif_scale0="0.564630" vif_scale1="0.897345" vif_scale2="0.947284" vif_scale3="0.969903" vmaf="93.880014" />
    <frame frameNum="116" adm2="0.972176" adm_scale0="0.959077" adm_scale1="0.937431" adm_scale2="0.970128" adm_scale3="0.990025" motion2="5.386418" vif_scale0="0.558059" vif_scale1="0.899925" vif_scale2="0.950519" vif_scale3="0.972587" vmaf="93.571142" />
    <frame frameNum="117" adm2="0.970475" adm_scale0="0.954716" adm_scale1="0.935776" adm_scale2="0.969705" adm_scale3="0.988189" motion2="5.075470" vif_scale0="0.552045" vif_scale1="0.893172" vif_scale2="0.946822" vif_scale3="0.970737" vmaf="92.534298" />
    <frame frameNum="118" adm2="0.973238" adm_scale0="0.957012" adm_scale1="0.943866" adm_scale2="0.970617" adm_scale3="0.989659" motion2="4.830062" vif_scale0="0.546996" vif_scale1="0.893866" vif_scale2="0.947323" vif_scale3="0.970555" vmaf="92.853150" />
    <frame frameNum="119" adm2="0.969773" adm_scale0="0.957397" adm_scale1="0.936288" adm_scale2="0.966244" adm_scale3="0.987401" motion2="4.830062" vif_scale0="0.538063" vif_scale1="0.888091" vif_scale2="0.944582" vif_scale3="0.969719" vmaf="91.927495" />
    <frame frameNum="120" adm2="0.980013" adm_scale0="0.962705" adm_scale1="0.950661" adm_scale2="0.977975" adm_scale3="0.996807" motion2="4.543947" vif_scale0="0.558495" vif_scale1="0.906124" vif_scale2="0.954904" vif_scale3="0.975096" vmaf="94.668129" />
    <frame frameNum="121" adm2="0.969051" adm_scale0="0.955244" adm_scale1="0.930730" adm_scale2="0.965773" adm_scale3="0.989352" motion2="4.543947" vif_scale0="0.530164" vif_scale1="0.885727" vif_scale2="0.943627" vif_scale3="0.969367" vmaf="91.376000" />
    <frame frameNum="122" adm2="0.971156" adm_scale0="0.956080" adm_scale1="0.938528" adm_scale2="0.967171" adm_scale3="0.989898" motion2="4.681951" vif_scale0="0.541449" vif_scale1="0.895016" vif_scale2="0.948662" vif_scale3="0.971577" vmaf="92.375763" />
    <frame frameNum="123" adm2="0.969736" adm_scale0="0.956028" adm_scale1="0.938792" adm_scale2="0.964580" adm_scale3="0.988482" motion2="4.436007" vif_scale0="0.534044" vif_scale1="0.889059" vif_scale2="0.945401" vif_scale3="0.969600" vmaf="91.489161" />
    <frame frameNum="124" adm2="0.973639" adm_scale0="0.956797" adm_scale1="0.939877" adm_scale2="0.971791" adm_scale3="0.991943" motion2="4.410894" vif_scale0="0.537958" vif_scale1="0.898592" vif_scale2="0.952393" vif_scale3="0.974213" vmaf="92.966420" />
    <frame frameNum="125" adm2="0.971855" adm_scale0="0.957206" adm_scale1="0.937629" adm_scale2="0.967267" adm_scale3="0.991224" motion2="4.410894" vif_scale0="0.543749" vif_scale1="0.892702" vif_scale2="0.947400" vif_scale3="0.971911" vmaf="92.175704" />
    <frame frameNum="126" adm2="0.972060" adm_scale0="0.957202" adm_scale1="0.937049" adm_scale2="0.967755" adm_scale3="0.991314" motion2="4.462180" vif_scale0="0.547547" vif_scale1="0.895840" vif_scale2="0.948884" vif_scale3="0.971447" vmaf="92.306979" />
    <frame frameNum="127" adm2="0.970786" adm_scale0="0.954040" adm_scale1="0.934096" adm_scale2="0.969134" adm_scale3="0.989777" motion2="4.368739" vif_scale0="0.539282" vif_scale1="0.893903" vif_scale2="0.948839" vif_scale3="0.972027" vmaf="91.972682" />
    <frame frameNum="128" adm2="0.983558" adm_scale0="0.967740" adm_scale1="0.958674" adm_scale2="0.982880" adm_scale3="0.997868" motion2="4.368739" vif_scale0="0.571368" vif_scale1="0.919669" vif_scale2="0.964393" vif_scale3="0.982087" vmaf="96.209145" />
    <frame frameNum="129" adm2="0.971676" adm_scale0="0.955631" adm_scale1="0.941454" adm_scale2="0.973604" adm_scale3="0.985523" motion2="4.662647" vif_scale0="0.557471" vif_scale1="0.897904" vif_scale2="0.948901" vif_scale3="0.971727" vmaf="92.477734" />
    <frame frameNum="130" adm2="0.973235" adm_scale0="0.956699" adm_scale1="0.938853" adm_scale2="0.971788" adm_scale3="0.991559" motion2="4.662647" vif_scale0="0.544131" vif_scale1="0.896288" vif_scale2="0.950077" vif_scale3="0.972509" vmaf="92.933015" />
    <frame frameNum="131" adm2="0.969827" adm_scale0="0.953255" adm_scale1="0.927213" adm_scale2="0.967283" adm_scale3="0.990800" motion2="4.836417" vif_scale0="0.536103" vif_scale1="0.889077" vif_scale2="0.945469" vif_scale3="0.969864" vmaf="91.998213" />
    <frame frameNum="132" adm2="0.978023" adm_scale0="0.959061" adm_scale1="0.943716" adm_scale2="0.975030" adm_scale3="0.997734" motion2="5.031696" vif_scale0="0.557682" vif_scale1="0.901903" vif_scale2="0.953122" vif_scale3="0.974497" vmaf="94.682114" />
    <frame frameNum="133" adm2="0.968062" adm_scale0="0.951704" adm_scale1="0.931660" adm_scale2="0.965902" adm_scale3="0.987529" motion2="5.123641" vif_scale0="0.528402" vif_scale1="0.885963" vif_scale2="0.944728" vif_scale3="0.970098" vmaf="91.943474" />
    <frame frameNum="134" adm2="0.970378" adm_scale0="0.952094" adm_scale1="0.930667" adm_scale2="0.969906" adm_scale3="0.989833" motion2="5.137451" vif_scale0="0.537085" vif_scale1="0.893754" vif_scale2="0.949793" vif_scale3="0.972953" vmaf="92.897790" />
    <frame frameNum="135" adm2="0.967557" adm_scale0="0.953547" adm_scale1="0.930858" adm_scale2="0.965775" adm_scale3="0.985810" motion2="5.556020" vif_scale0="0.547910" vif_scale1="0.891698" vif_scale2="0.946603" vif_scale3="0.970879" vmaf="92.467799" />
    <frame frameNum="136" adm2="0.976293" adm_scale0="0.960238" adm_scale1="0.942429" adm_scale2="0.976069" adm_scale3="0.992411" motion2="5.698411" vif_scale0="0.566121" vif_scale1="0.907390" vif_scale2="0.955825" vif_scale3="0.976048" vmaf="95.330965" />
    <frame frameNum="137" adm2="0.971761" adm_scale0="0.954554" adm_scale1="0.935504" adm_scale2="0.969278" adm_scale3="0.990610" motion2="5.907775" vif_scale0="0.558500" vif_scale1="0.895718" vif_scale2="0.947250" vif_scale3="0.969449" vmaf="93.692854" />
    <frame frameNum="138" adm2="0.969830" adm_scale0="0.951954" adm_scale1="0.922510" adm_scale2="0.969450" adm_scale3="0.990945" motion2="6.206720" vif_scale0="0.535459" vif_scale1="0.892918" vif_scale2="0.949349" vif_scale3="0.973358" vmaf="94.022399" />
    <frame frameNum="139" adm2="0.968547" adm_scale0="0.953524" adm_scale1="0.926070" adm_scale2="0.970578" adm_scale3="0.985896" motion2="6.419833" vif_scale0="0.543725" vif_scale1="0.892856" vif_scale2="0.947158" vif_scale3="0.970603" vmaf="93.675895" />
    <frame frameNum="140" adm2="0.971381" adm_scale0="0.954871" adm_scale1="0.928018" adm_scale2="0.971755" adm_scale3="0.989452" motion2="6.691042" vif_scale0="0.558820" vif_scale1="0.905539" vif_scale2="0.955868" vif_scale3="0.976411" vmaf="95.440785" />
    <frame frameNum="141" adm2="0.970384" adm_scale0="0.957271" adm_scale1="0.929407" adm_scale2="0.968316" adm_scale3="0.989073" motion2="7.202104" vif_scale0="0.569935" vif_scale1="0.901891" vif_scale2="0.950713" vif_scale3="0.971798" vmaf="95.214751" />
    <frame frameNum="142" adm2="0.969904" adm_scale0="0.953518" adm_scale1="0.926048" adm_scale2="0.970143" adm_scale3="0.988998" motion2="7.314528" vif_scale0="0.564744" vif_scale1="0.904743" vif_scale2="0.954045" vif_scale3="0.975124" vmaf="95.647122" />
    <frame frameNum="143" adm2="0.971840" adm_scale0="0.956281" adm_scale1="0.934223" adm_scale2="0.967705" adm_scale3="0.990223" motion2="7.495216" vif_scale0="0.580972" vif_scale1="0.906153" vif_scale2="0.953088" vif_scale3="0.973332" vmaf="96.092257" />
    <frame frameNum="144" adm2="0.983044" adm_scale0="0.967307" adm_scale1="0.955861" adm_scale2="0.984011" adm_scale3="0.995749" motion2="7.396393" vif_scale0="0.631545" vif_scale1="0.944913" vif_scale2="0.975421" vif_scale3="0.986292" vmaf="100.000000" />
    <frame frameNum="145" adm2="0.970200" adm_scale0="0.956658" adm_scale1="0.935687" adm_scale2="0.966098" adm_scale3="0.987391" motion2="7.396393" vif_scale0="0.587353" vif_scale1="0.908726" vif_scale2="0.954050" vif_scale3="0.974359" vmaf="95.755355" />
    <frame frameNum="146" adm2="0.977203" adm_scale0="0.958916" adm_scale1="0.939570" adm_scale2="0.972998" adm_scale3="0.996665" motion2="7.952742" vif_scale0="0.594330" vif_scale1="0.917910" vif_scale2="0.960504" vif_scale3="0.978455" vmaf="98.521629" />
    <frame frameNum="147" adm2="0.966673" adm_scale0="0.953382" adm_scale1="0.919796" adm_scale2="0.963575" adm_scale3="0.986236" motion2="8.263140" vif_scale0="0.595172" vif_scale1="0.907635" vif_scale2="0.952642" vif_scale3="0.972419" vmaf="95.756618" />
    <frame frameNum="148" adm2="0.971245" adm_scale0="0.956207" adm_scale1="0.932228" adm_scale2="0.967549" adm_scale3="0.989943" motion2="8.254028" vif_scale0="0.592128" vif_scale1="0.909347" vif_scale2="0.954432" vif_scale3="0.973804" vmaf="96.921106" />
    <frame frameNum="149" adm2="0.978963" adm_scale0="0.961034" adm_scale1="0.938314" adm_scale2="0.980060" adm_scale3="0.996450" motion2="8.254028" vif_scale0="0.604472" vif_scale1="0.926741" vif_scale2="0.965901" vif_scale3="0.981207" vmaf="99.721946" />
  </frames>
</VMAF>
