<VMAF version="47950a6">
  <params qualityWidth="1280" qualityHeight="720" />
  <fyi fps="13.99" />
  <frames>
    <frame frameNum="0" adm2="0.975294" adm_scale0="0.963928" adm_scale1="0.954377" adm_scale2="0.974485" adm_scale3="0.986236" motion2="0.000000" vif_scale0="0.584448" vif_scale1="0.925137" vif_scale2="0.963883" vif_scale3="0.977652" vmaf="88.687717" />
    <frame frameNum="1" adm2="0.951264" adm_scale0="0.941496" adm_scale1="0.917076" adm_scale2="0.945684" adm_scale3="0.971055" motion2="5.639671" vif_scale0="0.508429" vif_scale1="0.866904" vif_scale2="0.928417" vif_scale3="0.956100" vmaf="87.180599" />
    <frame frameNum="2" adm2="0.955166" adm_scale0="0.944654" adm_scale1="0.920842" adm_scale2="0.952013" adm_scale3="0.973519" motion2="5.106677" vif_scale0="0.516110" vif_scale1="0.874261" vif_scale2="0.933654" vif_scale3="0.959903" vmaf="87.908483" />
    <frame frameNum="3" adm2="0.949408" adm_scale0="0.939137" adm_scale1="0.912330" adm_scale2="0.946140" adm_scale3="0.968700" motion2="4.350933" vif_scale0="0.495856" vif_scale1="0.860011" vif_scale2="0.923725" vif_scale3="0.952678" vmaf="84.872524" />
    <frame frameNum="4" adm2="0.958122" adm_scale0="0.944747" adm_scale1="0.920135" adm_scale2="0.956372" adm_scale3="0.977024" motion2="3.279224" vif_scale0="0.491525" vif_scale1="0.873269" vif_scale2="0.935377" vif_scale3="0.961328" vmaf="86.636599" />
    <frame frameNum="5" adm2="0.949835" adm_scale0="0.938032" adm_scale1="0.908066" adm_scale2="0.945974" adm_scale3="0.971168" motion2="3.279224" vif_scale0="0.479338" vif_scale1="0.855325" vif_scale2="0.922506" vif_scale3="0.953215" vmaf="83.747884" />
    <frame frameNum="6" adm2="0.954625" adm_scale0="0.943136" adm_scale1="0.920764" adm_scale2="0.948415" adm_scale3="0.974418" motion2="4.885628" vif_scale0="0.503677" vif_scale1="0.870108" vif_scale2="0.931186" vif_scale3="0.957681" vmaf="87.277859" />
    <frame frameNum="7" adm2="0.950877" adm_scale0="0.943596" adm_scale1="0.912073" adm_scale2="0.948052" adm_scale3="0.969977" motion2="4.776041" vif_scale0="0.516561" vif_scale1="0.864968" vif_scale2="0.925365" vif_scale3="0.953968" vmaf="85.809975" />
    <frame frameNum="8" adm2="0.960928" adm_scale0="0.948484" adm_scale1="0.926453" adm_scale2="0.961585" adm_scale3="0.977463" motion2="4.056862" vif_scale0="0.507351" vif_scale1="0.888955" vif_scale2="0.945614" vif_scale3="0.968226" vmaf="89.093633" />
    <frame frameNum="9" adm2="0.951092" adm_scale0="0.942347" adm_scale1="0.914235" adm_scale2="0.946386" adm_scale3="0.970958" motion2="4.056862" vif_scale0="0.492945" vif_scale1="0.863302" vif_scale2="0.927048" vif_scale3="0.955821" vmaf="85.273858" />
    <frame frameNum="10" adm2="0.954742" adm_scale0="0.943626" adm_scale1="0.917228" adm_scale2="0.952604" adm_scale3="0.973781" motion2="6.112095" vif_scale0="0.511706" vif_scale1="0.871323" vif_scale2="0.931915" vif_scale3="0.957860" vmaf="88.735473" />
    <frame frameNum="11" adm2="0.946206" adm_scale0="0.939708" adm_scale1="0.900613" adm_scale2="0.941068" adm_scale3="0.968567" motion2="4.545020" vif_scale0="0.491122" vif_scale1="0.859454" vif_scale2="0.923926" vif_scale3="0.953391" vmaf="84.487765" />
    <frame frameNum="12" adm2="0.956781" adm_scale0="0.943659" adm_scale1="0.920404" adm_scale2="0.954209" adm_scale3="0.975676" motion2="3.989195" vif_scale0="0.498377" vif_scale1="0.877810" vif_scale2="0.937503" vif_scale3="0.962711" vmaf="87.365256" />
    <frame frameNum="13" adm2="0.950281" adm_scale0="0.942806" adm_scale1="0.907194" adm_scale2="0.946951" adm_scale3="0.970760" motion2="3.152309" vif_scale0="0.497460" vif_scale1="0.865349" vif_scale2="0.927276" vif_scale3="0.955718" vmaf="84.042023" />
    <frame frameNum="14" adm2="0.953497" adm_scale0="0.942424" adm_scale1="0.917010" adm_scale2="0.947248" adm_scale3="0.974164" motion2="3.152309" vif_scale0="0.497935" vif_scale1="0.871839" vif_scale2="0.932939" vif_scale3="0.959488" vmaf="85.248609" />
    <frame frameNum="15" adm2="0.950964" adm_scale0="0.941233" adm_scale1="0.909516" adm_scale2="0.948790" adm_scale3="0.970758" motion2="3.406580" vif_scale0="0.496819" vif_scale1="0.868926" vif_scale2="0.929843" vif_scale3="0.956989" vmaf="84.688661" />
    <frame frameNum="16" adm2="0.971593" adm_scale0="0.958947" adm_scale1="0.942692" adm_scale2="0.971880" adm_scale3="0.985326" motion2="4.074044" vif_scale0="0.546831" vif_scale1="0.918162" vif_scale2="0.962672" vif_scale3="0.978311" vmaf="92.919617" />
    <frame frameNum="17" adm2="0.956997" adm_scale0="0.946617" adm_scale1="0.917061" adm_scale2="0.954317" adm_scale3="0.976330" motion2="3.065302" vif_scale0="0.509877" vif_scale1="0.880308" vif_scale2="0.938167" vif_scale3="0.962724" vmaf="86.339493" />
    <frame frameNum="18" adm2="0.958281" adm_scale0="0.949340" adm_scale1="0.919585" adm_scale2="0.952836" adm_scale3="0.978357" motion2="3.065302" vif_scale0="0.509587" vif_scale1="0.880817" vif_scale2="0.939773" vif_scale3="0.963539" vmaf="86.744187" />
    <frame frameNum="19" adm2="0.953072" adm_scale0="0.947312" adm_scale1="0.913226" adm_scale2="0.949979" adm_scale3="0.972167" motion2="3.216635" vif_scale0="0.500920" vif_scale1="0.874415" vif_scale2="0.934765" vif_scale3="0.960122" vmaf="85.353246" />
    <frame frameNum="20" adm2="0.960091" adm_scale0="0.949215" adm_scale1="0.923383" adm_scale2="0.959109" adm_scale3="0.977885" motion2="2.992759" vif_scale0="0.504726" vif_scale1="0.886918" vif_scale2="0.944650" vif_scale3="0.967610" vmaf="87.579384" />
    <frame frameNum="21" adm2="0.955412" adm_scale0="0.946763" adm_scale1="0.918259" adm_scale2="0.952714" adm_scale3="0.973665" motion2="2.992759" vif_scale0="0.493751" vif_scale1="0.871710" vif_scale2="0.933773" vif_scale3="0.960324" vmaf="85.575712" />
    <frame frameNum="22" adm2="0.956594" adm_scale0="0.946740" adm_scale1="0.919366" adm_scale2="0.952495" adm_scale3="0.975966" motion2="3.364288" vif_scale0="0.488751" vif_scale1="0.872896" vif_scale2="0.936038" vif_scale3="0.961621" vmaf="86.466476" />
    <frame frameNum="23" adm2="0.954744" adm_scale0="0.942703" adm_scale1="0.917758" adm_scale2="0.950605" adm_scale3="0.975185" motion2="2.941125" vif_scale0="0.483495" vif_scale1="0.868564" vif_scale2="0.932948" vif_scale3="0.959764" vmaf="85.316225" />
    <frame frameNum="24" adm2="0.962889" adm_scale0="0.951487" adm_scale1="0.930826" adm_scale2="0.961258" adm_scale3="0.979088" motion2="2.941125" vif_scale0="0.501640" vif_scale1="0.884721" vif_scale2="0.944319" vif_scale3="0.967357" vmaf="88.085073" />
    <frame frameNum="25" adm2="0.956500" adm_scale0="0.949435" adm_scale1="0.922194" adm_scale2="0.951248" adm_scale3="0.975081" motion2="2.852221" vif_scale0="0.490143" vif_scale1="0.869612" vif_scale2="0.933646" vif_scale3="0.960492" vmaf="85.656504" />
    <frame frameNum="26" adm2="0.957357" adm_scale0="0.949775" adm_scale1="0.925995" adm_scale2="0.951348" adm_scale3="0.975372" motion2="2.776766" vif_scale0="0.494392" vif_scale1="0.873969" vif_scale2="0.936330" vif_scale3="0.961967" vmaf="85.967672" />
    <frame frameNum="27" adm2="0.955367" adm_scale0="0.947604" adm_scale1="0.922130" adm_scale2="0.950412" adm_scale3="0.973832" motion2="2.509950" vif_scale0="0.486935" vif_scale1="0.866902" vif_scale2="0.931731" vif_scale3="0.958664" vmaf="84.798745" />
    <frame frameNum="28" adm2="0.959823" adm_scale0="0.950511" adm_scale1="0.926649" adm_scale2="0.957368" adm_scale3="0.976708" motion2="2.509950" vif_scale0="0.496878" vif_scale1="0.880497" vif_scale2="0.941304" vif_scale3="0.965363" vmaf="86.646028" />
    <frame frameNum="29" adm2="0.956176" adm_scale0="0.949090" adm_scale1="0.924847" adm_scale2="0.951846" adm_scale3="0.973294" motion2="2.816446" vif_scale0="0.492756" vif_scale1="0.868240" vif_scale2="0.932163" vif_scale3="0.959017" vmaf="85.364189" />
    <frame frameNum="30" adm2="0.957465" adm_scale0="0.948066" adm_scale1="0.923997" adm_scale2="0.953283" adm_scale3="0.975585" motion2="2.816446" vif_scale0="0.496095" vif_scale1="0.872633" vif_scale2="0.935452" vif_scale3="0.960974" vmaf="85.920045" />
    <frame frameNum="31" adm2="0.956330" adm_scale0="0.945072" adm_scale1="0.920156" adm_scale2="0.952983" adm_scale3="0.976149" motion2="2.870256" vif_scale0="0.487252" vif_scale1="0.871699" vif_scale2="0.935360" vif_scale3="0.961274" vmaf="85.779382" />
    <frame frameNum="32" adm2="0.969549" adm_scale0="0.956175" adm_scale1="0.940380" adm_scale2="0.970123" adm_scale3="0.984043" motion2="2.870256" vif_scale0="0.522440" vif_scale1="0.904201" vif_scale2="0.956861" vif_scale3="0.975529" vmaf="90.585117" />
    <frame frameNum="33" adm2="0.957604" adm_scale0="0.949481" adm_scale1="0.919583" adm_scale2="0.956456" adm_scale3="0.974992" motion2="4.198459" vif_scale0="0.494477" vif_scale1="0.871871" vif_scale2="0.934977" vif_scale3="0.961335" vmaf="87.575274" />
    <frame frameNum="34" adm2="0.957606" adm_scale0="0.947925" adm_scale1="0.918761" adm_scale2="0.955082" adm_scale3="0.976501" motion2="4.198459" vif_scale0="0.493122" vif_scale1="0.870356" vif_scale2="0.934781" vif_scale3="0.961608" vmaf="87.590722" />
    <frame frameNum="35" adm2="0.953011" adm_scale0="0.946583" adm_scale1="0.912395" adm_scale2="0.946081" adm_scale3="0.974330" motion2="5.916987" vif_scale0="0.492553" vif_scale1="0.862885" vif_scale2="0.930028" vif_scale3="0.958519" vmaf="88.137163" />
    <frame frameNum="36" adm2="0.959124" adm_scale0="0.951899" adm_scale1="0.923221" adm_scale2="0.953114" adm_scale3="0.977587" motion2="6.934131" vif_scale0="0.528625" vif_scale1="0.878274" vif_scale2="0.938693" vif_scale3="0.964140" vmaf="91.362208" />
    <frame frameNum="37" adm2="0.952259" adm_scale0="0.949602" adm_scale1="0.911722" adm_scale2="0.944156" adm_scale3="0.972402" motion2="7.691448" vif_scale0="0.515290" vif_scale1="0.860798" vif_scale2="0.926832" vif_scale3="0.955844" vmaf="89.597471" />
    <frame frameNum="38" adm2="0.951867" adm_scale0="0.951321" adm_scale1="0.911470" adm_scale2="0.943527" adm_scale3="0.971242" motion2="8.290002" vif_scale0="0.537382" vif_scale1="0.868667" vif_scale2="0.928709" vif_scale3="0.957142" vmaf="90.346797" />
    <frame frameNum="39" adm2="0.948442" adm_scale0="0.947614" adm_scale1="0.912295" adm_scale2="0.937786" adm_scale3="0.967252" motion2="9.201682" vif_scale0="0.542027" vif_scale1="0.869729" vif_scale2="0.926609" vif_scale3="0.954118" vmaf="90.286744" />
    <frame frameNum="40" adm2="0.958633" adm_scale0="0.956710" adm_scale1="0.926745" adm_scale2="0.952659" adm_scale3="0.973380" motion2="9.585089" vif_scale0="0.555359" vif_scale1="0.888371" vif_scale2="0.941238" vif_scale3="0.965408" vmaf="94.386447" />
    <frame frameNum="41" adm2="0.950653" adm_scale0="0.951280" adm_scale1="0.915166" adm_scale2="0.940764" adm_scale3="0.968070" motion2="9.823271" vif_scale0="0.542281" vif_scale1="0.869635" vif_scale2="0.927250" vif_scale3="0.955266" vmaf="91.540363" />
    <frame frameNum="42" adm2="0.949141" adm_scale0="0.949537" adm_scale1="0.912945" adm_scale2="0.938232" adm_scale3="0.967770" motion2="9.695138" vif_scale0="0.536472" vif_scale1="0.868785" vif_scale2="0.927245" vif_scale3="0.955001" vmaf="91.057167" />
    <frame frameNum="43" adm2="0.948214" adm_scale0="0.949477" adm_scale1="0.907630" adm_scale2="0.937409" adm_scale3="0.968125" motion2="9.695138" vif_scale0="0.534054" vif_scale1="0.868187" vif_scale2="0.925930" vif_scale3="0.954490" vmaf="90.764460" />
    <frame frameNum="44" adm2="0.953711" adm_scale0="0.952588" adm_scale1="0.919944" adm_scale2="0.942626" adm_scale3="0.972106" motion2="9.964064" vif_scale0="0.549050" vif_scale1="0.881507" vif_scale2="0.935708" vif_scale3="0.961854" vmaf="93.217105" />
    <frame frameNum="45" adm2="0.946766" adm_scale0="0.950343" adm_scale1="0.907682" adm_scale2="0.934796" adm_scale3="0.966144" motion2="9.690370" vif_scale0="0.539870" vif_scale1="0.867558" vif_scale2="0.925025" vif_scale3="0.953801" vmaf="90.362700" />
    <frame frameNum="46" adm2="0.950828" adm_scale0="0.953157" adm_scale1="0.914564" adm_scale2="0.940691" adm_scale3="0.968361" motion2="9.690370" vif_scale0="0.560659" vif_scale1="0.885149" vif_scale2="0.935554" vif_scale3="0.960178" vmaf="92.181290" />
    <frame frameNum="47" adm2="0.949758" adm_scale0="0.950165" adm_scale1="0.912738" adm_scale2="0.937476" adm_scale3="0.968755" motion2="9.335769" vif_scale0="0.566485" vif_scale1="0.888148" vif_scale2="0.935634" vif_scale3="0.958450" vmaf="91.444435" />
    <frame frameNum="48" adm2="0.973392" adm_scale0="0.964422" adm_scale1="0.946860" adm_scale2="0.969458" adm_scale3="0.986754" motion2="9.335769" vif_scale0="0.621808" vif_scale1="0.938960" vif_scale2="0.970122" vif_scale3="0.982393" vmaf="100.000000" />
    <frame frameNum="49" adm2="0.955384" adm_scale0="0.954718" adm_scale1="0.915406" adm_scale2="0.948994" adm_scale3="0.972263" motion2="9.337810" vif_scale0="0.571714" vif_scale1="0.893240" vif_scale2="0.938853" vif_scale3="0.960576" vmaf="92.961322" />
    <frame frameNum="50" adm2="0.955415" adm_scale0="0.955351" adm_scale1="0.920359" adm_scale2="0.945456" adm_scale3="0.972119" motion2="9.054583" vif_scale0="0.561250" vif_scale1="0.886926" vif_scale2="0.937597" vif_scale3="0.962250" vmaf="92.725497" />
    <frame frameNum="51" adm2="0.954043" adm_scale0="0.952957" adm_scale1="0.917154" adm_scale2="0.945595" adm_scale3="0.970843" motion2="9.041745" vif_scale0="0.553677" vif_scale1="0.881523" vif_scale2="0.933766" vif_scale3="0.959458" vmaf="92.031960" />
    <frame frameNum="52" adm2="0.957340" adm_scale0="0.956595" adm_scale1="0.923469" adm_scale2="0.945843" adm_scale3="0.975657" motion2="8.486893" vif_scale0="0.557365" vif_scale1="0.887972" vif_scale2="0.940774" vif_scale3="0.964751" vmaf="92.845496" />
    <frame frameNum="53" adm2="0.950974" adm_scale0="0.952523" adm_scale1="0.913919" adm_scale2="0.938264" adm_scale3="0.971066" motion2="7.573438" vif_scale0="0.524985" vif_scale1="0.864827" vif_scale2="0.927305" vif_scale3="0.956493" vmaf="89.260297" />
    <frame frameNum="54" adm2="0.956886" adm_scale0="0.952061" adm_scale1="0.924945" adm_scale2="0.949927" adm_scale3="0.973743" motion2="7.007406" vif_scale0="0.520166" vif_scale1="0.862958" vif_scale2="0.928255" vif_scale3="0.958025" vmaf="90.053082" />
    <frame frameNum="55" adm2="0.954137" adm_scale0="0.946922" adm_scale1="0.918240" adm_scale2="0.950171" adm_scale3="0.971952" motion2="6.151161" vif_scale0="0.498597" vif_scale1="0.853352" vif_scale2="0.925447" vif_scale3="0.957300" vmaf="88.353171" />
    <frame frameNum="56" adm2="0.961135" adm_scale0="0.952333" adm_scale1="0.923994" adm_scale2="0.955487" adm_scale3="0.980139" motion2="6.116088" vif_scale0="0.493834" vif_scale1="0.860653" vif_scale2="0.934225" vif_scale3="0.963456" vmaf="90.649084" />
    <frame frameNum="57" adm2="0.955180" adm_scale0="0.947921" adm_scale1="0.916306" adm_scale2="0.949705" adm_scale3="0.974767" motion2="6.116088" vif_scale0="0.493553" vif_scale1="0.850254" vif_scale2="0.924279" vif_scale3="0.956407" vmaf="88.424451" />
    <frame frameNum="58" adm2="0.956477" adm_scale0="0.950115" adm_scale1="0.921650" adm_scale2="0.948448" adm_scale3="0.976085" motion2="7.095902" vif_scale0="0.510617" vif_scale1="0.860748" vif_scale2="0.929843" vif_scale3="0.959682" vmaf="90.263072" />
    <frame frameNum="59" adm2="0.957076" adm_scale0="0.946069" adm_scale1="0.920791" adm_scale2="0.949287" adm_scale3="0.977500" motion2="7.340748" vif_scale0="0.506348" vif_scale1="0.858237" vif_scale2="0.927070" vif_scale3="0.957311" vmaf="90.365121" />
    <frame frameNum="60" adm2="0.960323" adm_scale0="0.951732" adm_scale1="0.924231" adm_scale2="0.958841" adm_scale3="0.976517" motion2="7.373094" vif_scale0="0.526314" vif_scale1="0.873545" vif_scale2="0.936728" vif_scale3="0.963804" vmaf="91.998031" />
    <frame frameNum="61" adm2="0.955699" adm_scale0="0.946692" adm_scale1="0.912703" adm_scale2="0.951998" adm_scale3="0.974375" motion2="7.932577" vif_scale0="0.515864" vif_scale1="0.861523" vif_scale2="0.927573" vif_scale3="0.956200" vmaf="90.653682" />
    <frame frameNum="62" adm2="0.956766" adm_scale0="0.950325" adm_scale1="0.916292" adm_scale2="0.951556" adm_scale3="0.975667" motion2="8.347490" vif_scale0="0.517260" vif_scale1="0.863825" vif_scale2="0.930948" vif_scale3="0.959812" vmaf="91.754483" />
    <frame frameNum="63" adm2="0.956690" adm_scale0="0.948318" adm_scale1="0.914379" adm_scale2="0.950150" adm_scale3="0.976878" motion2="8.881413" vif_scale0="0.519774" vif_scale1="0.864319" vif_scale2="0.930377" vif_scale3="0.959438" vmaf="92.263510" />
    <frame frameNum="64" adm2="0.969549" adm_scale0="0.957202" adm_scale1="0.940393" adm_scale2="0.966492" adm_scale3="0.984491" motion2="9.587723" vif_scale0="0.540696" vif_scale1="0.892965" vif_scale2="0.951035" vif_scale3="0.972753" vmaf="97.720231" />
    <frame frameNum="65" adm2="0.952454" adm_scale0="0.946653" adm_scale1="0.903765" adm_scale2="0.944625" adm_scale3="0.975197" motion2="10.133101" vif_scale0="0.507464" vif_scale1="0.858090" vif_scale2="0.928398" vif_scale3="0.957829" vmaf="92.476853" />
    <frame frameNum="66" adm2="0.956065" adm_scale0="0.949795" adm_scale1="0.906792" adm_scale2="0.950711" adm_scale3="0.977072" motion2="10.653828" vif_scale0="0.516767" vif_scale1="0.863955" vif_scale2="0.931226" vif_scale3="0.959627" vmaf="94.051973" />
    <frame frameNum="67" adm2="0.954050" adm_scale0="0.948467" adm_scale1="0.909788" adm_scale2="0.947755" adm_scale3="0.974553" motion2="11.115594" vif_scale0="0.525235" vif_scale1="0.863250" vif_scale2="0.927397" vif_scale3="0.956579" vmaf="93.712240" />
    <frame frameNum="68" adm2="0.960327" adm_scale0="0.952309" adm_scale1="0.918188" adm_scale2="0.955172" adm_scale3="0.978985" motion2="11.631356" vif_scale0="0.529150" vif_scale1="0.873214" vif_scale2="0.935925" vif_scale3="0.962199" vmaf="96.378414" />
    <frame frameNum="69" adm2="0.953356" adm_scale0="0.948594" adm_scale1="0.908018" adm_scale2="0.945612" adm_scale3="0.974631" motion2="11.631356" vif_scale0="0.538072" vif_scale1="0.869840" vif_scale2="0.930332" vif_scale3="0.957656" vmaf="94.313729" />
    <frame frameNum="70" adm2="0.955074" adm_scale0="0.951866" adm_scale1="0.908328" adm_scale2="0.947322" adm_scale3="0.974921" motion2="12.472349" vif_scale0="0.547346" vif_scale1="0.878810" vif_scale2="0.934584" vif_scale3="0.959854" vmaf="95.897931" />
    <frame frameNum="71" adm2="0.950845" adm_scale0="0.948791" adm_scale1="0.902790" adm_scale2="0.942208" adm_scale3="0.970554" motion2="12.472349" vif_scale0="0.549241" vif_scale1="0.875041" vif_scale2="0.930574" vif_scale3="0.957992" vmaf="94.685148" />
    <frame frameNum="72" adm2="0.959162" adm_scale0="0.953077" adm_scale1="0.921657" adm_scale2="0.951692" adm_scale3="0.977662" motion2="13.029011" vif_scale0="0.554189" vif_scale1="0.891864" vif_scale2="0.944185" vif_scale3="0.966319" vmaf="98.256588" />
    <frame frameNum="73" adm2="0.951979" adm_scale0="0.949580" adm_scale1="0.908816" adm_scale2="0.940946" adm_scale3="0.972869" motion2="12.860599" vif_scale0="0.541496" vif_scale1="0.873374" vif_scale2="0.930541" vif_scale3="0.957096" vmaf="95.231708" />
    <frame frameNum="74" adm2="0.956045" adm_scale0="0.951469" adm_scale1="0.913839" adm_scale2="0.949306" adm_scale3="0.975027" motion2="12.854736" vif_scale0="0.542746" vif_scale1="0.879551" vif_scale2="0.936401" vif_scale3="0.961578" vmaf="96.689522" />
    <frame frameNum="75" adm2="0.954281" adm_scale0="0.951094" adm_scale1="0.909271" adm_scale2="0.945166" adm_scale3="0.974312" motion2="12.854736" vif_scale0="0.545837" vif_scale1="0.877719" vif_scale2="0.934035" vif_scale3="0.959838" vmaf="96.083609" />
    <frame frameNum="76" adm2="0.960122" adm_scale0="0.952944" adm_scale1="0.920647" adm_scale2="0.953914" adm_scale3="0.977431" motion2="13.063421" vif_scale0="0.557028" vif_scale1="0.889760" vif_scale2="0.941616" vif_scale3="0.964370" vmaf="98.239556" />
    <frame frameNum="77" adm2="0.953726" adm_scale0="0.947367" adm_scale1="0.909301" adm_scale2="0.944849" adm_scale3="0.973969" motion2="12.974502" vif_scale0="0.548869" vif_scale1="0.879176" vif_scale2="0.933148" vif_scale3="0.958582" vmaf="95.956636" />
    <frame frameNum="78" adm2="0.956066" adm_scale0="0.953991" adm_scale1="0.915807" adm_scale2="0.950527" adm_scale3="0.972388" motion2="12.800354" vif_scale0="0.557888" vif_scale1="0.887730" vif_scale2="0.938740" vif_scale3="0.961978" vmaf="96.802703" />
    <frame frameNum="79" adm2="0.951705" adm_scale0="0.950553" adm_scale1="0.909970" adm_scale2="0.936445" adm_scale3="0.973829" motion2="12.800354" vif_scale0="0.551976" vif_scale1="0.880018" vif_scale2="0.932062" vif_scale3="0.956223" vmaf="95.130454" />
    <frame frameNum="80" adm2="0.973814" adm_scale0="0.961810" adm_scale1="0.939931" adm_scale2="0.973005" adm_scale3="0.987658" motion2="12.288285" vif_scale0="0.598719" vif_scale1="0.933251" vif_scale2="0.968589" vif_scale3="0.981617" vmaf="100.000000" />
    <frame frameNum="81" adm2="0.953938" adm_scale0="0.951381" adm_scale1="0.907769" adm_scale2="0.943318" adm_scale3="0.975605" motion2="12.156039" vif_scale0="0.551520" vif_scale1="0.886904" vif_scale2="0.939400" vif_scale3="0.963088" vmaf="95.801373" />
    <frame frameNum="82" adm2="0.952847" adm_scale0="0.949283" adm_scale1="0.904343" adm_scale2="0.942602" adm_scale3="0.975254" motion2="11.749644" vif_scale0="0.556585" vif_scale1="0.888298" vif_scale2="0.939761" vif_scale3="0.963179" vmaf="95.184372" />
    <frame frameNum="83" adm2="0.948855" adm_scale0="0.947188" adm_scale1="0.898944" adm_scale2="0.940578" adm_scale3="0.970564" motion2="11.213417" vif_scale0="0.544078" vif_scale1="0.876638" vif_scale2="0.931409" vif_scale3="0.957185" vmaf="92.941470" />
    <frame frameNum="84" adm2="0.957516" adm_scale0="0.950666" adm_scale1="0.915707" adm_scale2="0.951287" adm_scale3="0.976466" motion2="11.213417" vif_scale0="0.553382" vif_scale1="0.887407" vif_scale2="0.940776" vif_scale3="0.964189" vmaf="95.747757" />
    <frame frameNum="85" adm2="0.951211" adm_scale0="0.947532" adm_scale1="0.904484" adm_scale2="0.937934" adm_scale3="0.974331" motion2="10.529059" vif_scale0="0.537682" vif_scale1="0.874405" vif_scale2="0.931452" vif_scale3="0.957881" vmaf="92.780194" />
    <frame frameNum="86" adm2="0.951210" adm_scale0="0.947521" adm_scale1="0.904450" adm_scale2="0.942434" adm_scale3="0.971991" motion2="9.761002" vif_scale0="0.537752" vif_scale1="0.875824" vif_scale2="0.933156" vif_scale3="0.958932" vmaf="92.121484" />
    <frame frameNum="87" adm2="0.949373" adm_scale0="0.946747" adm_scale1="0.900162" adm_scale2="0.941670" adm_scale3="0.970245" motion2="9.214196" vif_scale0="0.533810" vif_scale1="0.870112" vif_scale2="0.929112" vif_scale3="0.955885" vmaf="90.736218" />
    <frame frameNum="88" adm2="0.957606" adm_scale0="0.949016" adm_scale1="0.911979" adm_scale2="0.952312" adm_scale3="0.978573" motion2="8.763312" vif_scale0="0.534582" vif_scale1="0.884467" vif_scale2="0.941665" vif_scale3="0.965503" vmaf="93.290027" />
    <frame frameNum="89" adm2="0.949214" adm_scale0="0.947068" adm_scale1="0.899227" adm_scale2="0.939273" adm_scale3="0.972684" motion2="8.763312" vif_scale0="0.527911" vif_scale1="0.871663" vif_scale2="0.931332" vif_scale3="0.958123" vmaf="90.480367" />
    <frame frameNum="90" adm2="0.951137" adm_scale0="0.947692" adm_scale1="0.902045" adm_scale2="0.944102" adm_scale3="0.973170" motion2="8.124693" vif_scale0="0.531848" vif_scale1="0.877069" vif_scale2="0.935414" vif_scale3="0.961513" vmaf="90.630567" />
    <frame frameNum="91" adm2="0.952081" adm_scale0="0.945979" adm_scale1="0.895655" adm_scale2="0.939914" adm_scale3="0.978035" motion2="8.066119" vif_scale0="0.519456" vif_scale1="0.867876" vif_scale2="0.930091" vif_scale3="0.957457" vmaf="90.229390" />
    <frame frameNum="92" adm2="0.956724" adm_scale0="0.948992" adm_scale1="0.914852" adm_scale2="0.951101" adm_scale3="0.977003" motion2="7.910059" vif_scale0="0.526248" vif_scale1="0.877674" vif_scale2="0.937397" vif_scale3="0.962258" vmaf="91.730776" />
    <frame frameNum="93" adm2="0.951819" adm_scale0="0.944747" adm_scale1="0.902145" adm_scale2="0.944216" adm_scale3="0.975154" motion2="7.162950" vif_scale0="0.507312" vif_scale1="0.868367" vif_scale2="0.932344" vif_scale3="0.959157" vmaf="89.408506" />
    <frame frameNum="94" adm2="0.956782" adm_scale0="0.947892" adm_scale1="0.915549" adm_scale2="0.949506" adm_scale3="0.977337" motion2="6.881777" vif_scale0="0.512754" vif_scale1="0.871308" vif_scale2="0.933843" vif_scale3="0.960311" vmaf="90.305150" />
    <frame frameNum="95" adm2="0.957284" adm_scale0="0.947018" adm_scale1="0.909831" adm_scale2="0.950485" adm_scale3="0.980179" motion2="6.881777" vif_scale0="0.501162" vif_scale1="0.868925" vif_scale2="0.933135" vif_scale3="0.960128" vmaf="90.374384" />
    <frame frameNum="96" adm2="0.969474" adm_scale0="0.956907" adm_scale1="0.938599" adm_scale2="0.967504" adm_scale3="0.985011" motion2="6.838077" vif_scale0="0.534085" vif_scale1="0.898172" vif_scale2="0.951755" vif_scale3="0.971866" vmaf="94.653126" />
    <frame frameNum="97" adm2="0.956371" adm_scale0="0.947832" adm_scale1="0.911195" adm_scale2="0.951384" adm_scale3="0.977452" motion2="6.494508" vif_scale0="0.516691" vif_scale1="0.871363" vif_scale2="0.932645" vif_scale3="0.959099" vmaf="89.637130" />
    <frame frameNum="98" adm2="0.957393" adm_scale0="0.948459" adm_scale1="0.913363" adm_scale2="0.952859" adm_scale3="0.977937" motion2="6.203431" vif_scale0="0.521197" vif_scale1="0.874220" vif_scale2="0.934561" vif_scale3="0.960735" vmaf="89.732429" />
    <frame frameNum="99" adm2="0.956415" adm_scale0="0.947365" adm_scale1="0.908353" adm_scale2="0.951432" adm_scale3="0.978055" motion2="6.203431" vif_scale0="0.519551" vif_scale1="0.870506" vif_scale2="0.931180" vif_scale3="0.957768" vmaf="89.151983" />
    <frame frameNum="100" adm2="0.962182" adm_scale0="0.950736" adm_scale1="0.920741" adm_scale2="0.958684" adm_scale3="0.981575" motion2="6.836185" vif_scale0="0.515366" vif_scale1="0.876631" vif_scale2="0.936928" vif_scale3="0.961767" vmaf="91.651940" />
    <frame frameNum="101" adm2="0.955497" adm_scale0="0.947543" adm_scale1="0.908689" adm_scale2="0.949659" adm_scale3="0.977321" motion2="7.031013" vif_scale0="0.512971" vif_scale1="0.868595" vif_scale2="0.931041" vif_scale3="0.958251" vmaf="89.919601" />
    <frame frameNum="102" adm2="0.957442" adm_scale0="0.950199" adm_scale1="0.917640" adm_scale2="0.951873" adm_scale3="0.977499" motion2="7.301840" vif_scale0="0.528935" vif_scale1="0.877207" vif_scale2="0.935292" vif_scale3="0.961112" vmaf="91.033373" />
    <frame frameNum="103" adm2="0.958180" adm_scale0="0.948596" adm_scale1="0.917841" adm_scale2="0.951080" adm_scale3="0.978721" motion2="7.677040" vif_scale0="0.530523" vif_scale1="0.875200" vif_scale2="0.933098" vif_scale3="0.959214" vmaf="91.367036" />
    <frame frameNum="104" adm2="0.966368" adm_scale0="0.957917" adm_scale1="0.934376" adm_scale2="0.964359" adm_scale3="0.981256" motion2="8.242241" vif_scale0="0.554219" vif_scale1="0.892890" vif_scale2="0.944616" vif_scale3="0.966666" vmaf="94.832238" />
    <frame frameNum="105" adm2="0.958727" adm_scale0="0.951763" adm_scale1="0.921052" adm_scale2="0.953034" adm_scale3="0.977796" motion2="8.252743" vif_scale0="0.532754" vif_scale1="0.874838" vif_scale2="0.932392" vif_scale3="0.957916" vmaf="91.987105" />
    <frame frameNum="106" adm2="0.960785" adm_scale0="0.954403" adm_scale1="0.928179" adm_scale2="0.956865" adm_scale3="0.977248" motion2="8.197223" vif_scale0="0.548098" vif_scale1="0.882547" vif_scale2="0.936310" vif_scale3="0.960552" vmaf="92.743184" />
    <frame frameNum="107" adm2="0.960662" adm_scale0="0.953452" adm_scale1="0.924546" adm_scale2="0.951523" adm_scale3="0.980129" motion2="8.151590" vif_scale0="0.554463" vif_scale1="0.882907" vif_scale2="0.935193" vif_scale3="0.959170" vmaf="92.513694" />
    <frame frameNum="108" adm2="0.964732" adm_scale0="0.955443" adm_scale1="0.929839" adm_scale2="0.960915" adm_scale3="0.982232" motion2="8.151590" vif_scale0="0.554052" vif_scale1="0.891506" vif_scale2="0.943259" vif_scale3="0.965548" vmaf="94.233478" />
    <frame frameNum="109" adm2="0.960286" adm_scale0="0.952666" adm_scale1="0.919946" adm_scale2="0.956336" adm_scale3="0.979627" motion2="8.173396" vif_scale0="0.556149" vif_scale1="0.885023" vif_scale2="0.937639" vif_scale3="0.962152" vmaf="92.794504" />
    <frame frameNum="110" adm2="0.964070" adm_scale0="0.954778" adm_scale1="0.935264" adm_scale2="0.959655" adm_scale3="0.979801" motion2="7.728574" vif_scale0="0.560687" vif_scale1="0.891350" vif_scale2="0.941983" vif_scale3="0.963760" vmaf="93.428758" />
    <frame frameNum="111" adm2="0.963489" adm_scale0="0.955126" adm_scale1="0.929397" adm_scale2="0.957150" adm_scale3="0.982049" motion2="7.173264" vif_scale0="0.557566" vif_scale1="0.889894" vif_scale2="0.941222" vif_scale3="0.963632" vmaf="92.637423" />
    <frame frameNum="112" adm2="0.977860" adm_scale0="0.968708" adm_scale1="0.959236" adm_scale2="0.977749" adm_scale3="0.988028" motion2="6.855636" vif_scale0="0.598171" vif_scale1="0.926189" vif_scale2="0.963719" vif_scale3="0.977912" vmaf="97.535516" />
    <frame frameNum="113" adm2="0.963321" adm_scale0="0.956124" adm_scale1="0.933609" adm_scale2="0.957887" adm_scale3="0.979955" motion2="6.519027" vif_scale0="0.556699" vif_scale1="0.890163" vif_scale2="0.941401" vif_scale3="0.964404" vmaf="91.928821" />
    <frame frameNum="114" adm2="0.964973" adm_scale0="0.954658" adm_scale1="0.935421" adm_scale2="0.962562" adm_scale3="0.980468" motion2="6.067085" vif_scale0="0.546249" vif_scale1="0.888584" vif_scale2="0.941655" vif_scale3="0.964789" vmaf="91.810383" />
    <frame frameNum="115" adm2="0.963872" adm_scale0="0.951003" adm_scale1="0.930226" adm_scale2="0.960815" adm_scale3="0.981498" motion2="5.705991" vif_scale0="0.563524" vif_scale1="0.891049" vif_scale2="0.940692" vif_scale3="0.963518" vmaf="91.012931" />
    <frame frameNum="116" adm2="0.965721" adm_scale0="0.957483" adm_scale1="0.932837" adm_scale2="0.963209" adm_scale3="0.981802" motion2="5.386418" vif_scale0="0.557041" vif_scale1="0.893765" vif_scale2="0.943777" vif_scale3="0.966093" vmaf="91.378039" />
    <frame frameNum="117" adm2="0.962689" adm_scale0="0.953212" adm_scale1="0.930740" adm_scale2="0.959748" adm_scale3="0.979013" motion2="5.075470" vif_scale0="0.550954" vif_scale1="0.886868" vif_scale2="0.939841" vif_scale3="0.963929" vmaf="90.028071" />
    <frame frameNum="118" adm2="0.965298" adm_scale0="0.955774" adm_scale1="0.936719" adm_scale2="0.959548" adm_scale3="0.981529" motion2="4.830062" vif_scale0="0.545807" vif_scale1="0.887584" vif_scale2="0.940316" vif_scale3="0.963686" vmaf="90.306999" />
    <frame frameNum="119" adm2="0.962788" adm_scale0="0.955447" adm_scale1="0.929294" adm_scale2="0.957813" adm_scale3="0.979957" motion2="4.830062" vif_scale0="0.537027" vif_scale1="0.882315" vif_scale2="0.938098" vif_scale3="0.963138" vmaf="89.637356" />
    <frame frameNum="120" adm2="0.970285" adm_scale0="0.960902" adm_scale1="0.943978" adm_scale2="0.968222" adm_scale3="0.983782" motion2="4.543947" vif_scale0="0.557211" vif_scale1="0.899301" vif_scale2="0.947706" vif_scale3="0.968146" vmaf="91.708125" />
    <frame frameNum="121" adm2="0.959815" adm_scale0="0.953899" adm_scale1="0.925212" adm_scale2="0.953925" adm_scale3="0.978228" motion2="4.543947" vif_scale0="0.529335" vif_scale1="0.880004" vif_scale2="0.937113" vif_scale3="0.962437" vmaf="88.579352" />
    <frame frameNum="122" adm2="0.963052" adm_scale0="0.954939" adm_scale1="0.929711" adm_scale2="0.958404" adm_scale3="0.980545" motion2="4.681951" vif_scale0="0.540433" vif_scale1="0.888588" vif_scale2="0.941530" vif_scale3="0.964353" vmaf="89.761980" />
    <frame frameNum="123" adm2="0.962214" adm_scale0="0.954634" adm_scale1="0.930934" adm_scale2="0.957105" adm_scale3="0.979324" motion2="4.436007" vif_scale0="0.533076" vif_scale1="0.883063" vif_scale2="0.938493" vif_scale3="0.962600" vmaf="89.034231" />
    <frame frameNum="124" adm2="0.966281" adm_scale0="0.955785" adm_scale1="0.933926" adm_scale2="0.962531" adm_scale3="0.983557" motion2="4.410894" vif_scale0="0.537139" vif_scale1="0.892858" vif_scale2="0.945779" vif_scale3="0.967537" vmaf="90.573414" />
    <frame frameNum="125" adm2="0.962995" adm_scale0="0.956198" adm_scale1="0.930968" adm_scale2="0.956826" adm_scale3="0.980420" motion2="4.410894" vif_scale0="0.542704" vif_scale1="0.886453" vif_scale2="0.940434" vif_scale3="0.964935" vmaf="89.428187" />
    <frame frameNum="126" adm2="0.963279" adm_scale0="0.955897" adm_scale1="0.930943" adm_scale2="0.956691" adm_scale3="0.980964" motion2="4.462180" vif_scale0="0.546374" vif_scale1="0.889483" vif_scale2="0.941827" vif_scale3="0.964457" vmaf="89.569110" />
    <frame frameNum="127" adm2="0.962461" adm_scale0="0.953128" adm_scale1="0.927942" adm_scale2="0.960053" adm_scale3="0.979104" motion2="4.368739" vif_scale0="0.538365" vif_scale1="0.888154" vif_scale2="0.942103" vif_scale3="0.965110" vmaf="89.354384" />
    <frame frameNum="128" adm2="0.975991" adm_scale0="0.966299" adm_scale1="0.952624" adm_scale2="0.975402" adm_scale3="0.987937" motion2="4.368739" vif_scale0="0.570641" vif_scale1="0.914110" vif_scale2="0.958168" vif_scale3="0.975739" vmaf="93.790717" />
    <frame frameNum="129" adm2="0.964048" adm_scale0="0.954160" adm_scale1="0.934339" adm_scale2="0.962489" adm_scale3="0.978304" motion2="4.662647" vif_scale0="0.556376" vif_scale1="0.891312" vif_scale2="0.941776" vif_scale3="0.964643" vmaf="89.973908" />
    <frame frameNum="130" adm2="0.964559" adm_scale0="0.954813" adm_scale1="0.933089" adm_scale2="0.961888" adm_scale3="0.980747" motion2="4.662647" vif_scale0="0.543044" vif_scale1="0.890132" vif_scale2="0.943144" vif_scale3="0.965469" vmaf="90.216684" />
    <frame frameNum="131" adm2="0.961473" adm_scale0="0.952116" adm_scale1="0.921258" adm_scale2="0.956923" adm_scale3="0.980950" motion2="4.836417" vif_scale0="0.535138" vif_scale1="0.883161" vif_scale2="0.938723" vif_scale3="0.962978" vmaf="89.379459" />
    <frame frameNum="132" adm2="0.968016" adm_scale0="0.957571" adm_scale1="0.935914" adm_scale2="0.966383" adm_scale3="0.983686" motion2="5.031696" vif_scale0="0.556553" vif_scale1="0.895869" vif_scale2="0.946424" vif_scale3="0.967653" vmaf="91.695371" />
    <frame frameNum="133" adm2="0.960106" adm_scale0="0.950692" adm_scale1="0.922871" adm_scale2="0.958181" adm_scale3="0.977791" motion2="5.123641" vif_scale0="0.527447" vif_scale1="0.880212" vif_scale2="0.937803" vif_scale3="0.962793" vmaf="89.372105" />
    <frame frameNum="134" adm2="0.962895" adm_scale0="0.951104" adm_scale1="0.925289" adm_scale2="0.960931" adm_scale3="0.980814" motion2="5.137451" vif_scale0="0.536122" vif_scale1="0.887582" vif_scale2="0.942687" vif_scale3="0.965657" vmaf="90.411851" />
    <frame frameNum="135" adm2="0.960453" adm_scale0="0.952400" adm_scale1="0.923054" adm_scale2="0.956710" adm_scale3="0.978632" motion2="5.556020" vif_scale0="0.546873" vif_scale1="0.885548" vif_scale2="0.939615" vif_scale3="0.963496" vmaf="90.063976" />
    <frame frameNum="136" adm2="0.968202" adm_scale0="0.958852" adm_scale1="0.936708" adm_scale2="0.966307" adm_scale3="0.982789" motion2="5.698411" vif_scale0="0.565084" vif_scale1="0.901302" vif_scale2="0.949071" vif_scale3="0.969327" vmaf="92.757891" />
    <frame frameNum="137" adm2="0.962369" adm_scale0="0.952772" adm_scale1="0.929410" adm_scale2="0.957537" adm_scale3="0.979535" motion2="5.907775" vif_scale0="0.557225" vif_scale1="0.889101" vif_scale2="0.940085" vif_scale3="0.962559" vmaf="90.823398" />
    <frame frameNum="138" adm2="0.962005" adm_scale0="0.951336" adm_scale1="0.916766" adm_scale2="0.958959" adm_scale3="0.982184" motion2="6.206720" vif_scale0="0.534441" vif_scale1="0.886955" vif_scale2="0.942536" vif_scale3="0.966324" vmaf="91.494751" />
    <frame frameNum="139" adm2="0.960476" adm_scale0="0.952247" adm_scale1="0.919753" adm_scale2="0.959950" adm_scale3="0.977074" motion2="6.419833" vif_scale0="0.542602" vif_scale1="0.886477" vif_scale2="0.939983" vif_scale3="0.963480" vmaf="91.074670" />
    <frame frameNum="140" adm2="0.963328" adm_scale0="0.954321" adm_scale1="0.923090" adm_scale2="0.961633" adm_scale3="0.979712" motion2="6.691042" vif_scale0="0.557712" vif_scale1="0.899475" vif_scale2="0.949122" vif_scale3="0.969785" vmaf="92.886323" />
    <frame frameNum="141" adm2="0.961825" adm_scale0="0.956844" adm_scale1="0.923251" adm_scale2="0.956839" adm_scale3="0.979402" motion2="7.202104" vif_scale0="0.568405" vif_scale1="0.894801" vif_scale2="0.943205" vif_scale3="0.964413" vmaf="92.462702" />
    <frame frameNum="142" adm2="0.962386" adm_scale0="0.952830" adm_scale1="0.921008" adm_scale2="0.959276" adm_scale3="0.980905" motion2="7.314528" vif_scale0="0.563628" vif_scale1="0.898263" vif_scale2="0.947081" vif_scale3="0.968288" vmaf="93.182445" />
    <frame frameNum="143" adm2="0.964073" adm_scale0="0.955651" adm_scale1="0.928769" adm_scale2="0.957346" adm_scale3="0.981436" motion2="7.495216" vif_scale0="0.579539" vif_scale1="0.899844" vif_scale2="0.946340" vif_scale3="0.966819" vmaf="93.606644" />
    <frame frameNum="144" adm2="0.976702" adm_scale0="0.966769" adm_scale1="0.950352" adm_scale2="0.976091" adm_scale3="0.988588" motion2="7.396393" vif_scale0="0.630026" vif_scale1="0.938290" vif_scale2="0.969273" vif_scale3="0.980902" vmaf="98.432015" />
    <frame frameNum="145" adm2="0.962542" adm_scale0="0.955395" adm_scale1="0.928346" adm_scale2="0.958264" adm_scale3="0.978068" motion2="7.396393" vif_scale0="0.586152" vif_scale1="0.902499" vif_scale2="0.947433" vif_scale3="0.967794" vmaf="93.293616" />
    <frame frameNum="146" adm2="0.969085" adm_scale0="0.958227" adm_scale1="0.935095" adm_scale2="0.965152" adm_scale3="0.985263" motion2="7.952742" vif_scale0="0.593337" vif_scale1="0.911792" vif_scale2="0.953974" vif_scale3="0.972193" vmaf="95.976130" />
    <frame frameNum="147" adm2="0.960164" adm_scale0="0.953057" adm_scale1="0.915242" adm_scale2="0.953766" adm_scale3="0.979423" motion2="8.263140" vif_scale0="0.593705" vif_scale1="0.900408" vif_scale2="0.945273" vif_scale3="0.965401" vmaf="93.475914" />
    <frame frameNum="148" adm2="0.962628" adm_scale0="0.955549" adm_scale1="0.924534" adm_scale2="0.957800" adm_scale3="0.979617" motion2="8.254028" vif_scale0="0.590485" vif_scale1="0.901740" vif_scale2="0.946618" vif_scale3="0.966640" vmaf="94.150836" />
    <frame frameNum="149" adm2="0.970991" adm_scale0="0.960591" adm_scale1="0.933988" adm_scale2="0.970241" adm_scale3="0.986428" motion2="8.254028" vif_scale0="0.603453" vif_scale1="0.920526" vif_scale2="0.959524" vif_scale3="0.975232" vmaf="97.229150" />
  </frames>
</VMAF>
