<VMAF version="47950a6">
  <params qualityWidth="1280" qualityHeight="720" />
  <fyi fps="14.04" />
  <frames>
    <frame frameNum="0" adm2="1.024894" adm_scale0="0.993473" adm_scale1="1.036811" adm_scale2="1.036288" adm_scale3="1.021001" motion2="0.000000" vif_scale0="0.577106" vif_scale1="0.918075" vif_scale2="0.966471" vif_scale3="0.983631" vmaf="99.942986" />
    <frame frameNum="1" adm2="0.997510" adm_scale0="0.971971" adm_scale1="0.985293" adm_scale2="1.004021" adm_scale3="1.004516" motion2="5.639671" vif_scale0="0.497273" vif_scale1="0.855277" vif_scale2="0.923642" vif_scale3="0.956126" vmaf="96.880139" />
    <frame frameNum="2" adm2="0.998047" adm_scale0="0.978491" adm_scale1="0.991627" adm_scale2="0.999026" adm_scale3="1.005033" motion2="5.106677" vif_scale0="0.501372" vif_scale1="0.857834" vif_scale2="0.926531" vif_scale3="0.959054" vmaf="96.731450" />
    <frame frameNum="3" adm2="0.990225" adm_scale0="0.970370" adm_scale1="0.967258" adm_scale2="0.999194" adm_scale3="0.998237" motion2="4.350933" vif_scale0="0.483253" vif_scale1="0.847421" vif_scale2="0.919594" vif_scale3="0.953490" vmaf="93.478503" />
    <frame frameNum="4" adm2="0.996904" adm_scale0="0.972847" adm_scale1="0.985630" adm_scale2="1.001891" adm_scale3="1.004086" motion2="3.279224" vif_scale0="0.471971" vif_scale1="0.849916" vif_scale2="0.923809" vif_scale3="0.957642" vmaf="94.168277" />
    <frame frameNum="5" adm2="0.991702" adm_scale0="0.970975" adm_scale1="0.980234" adm_scale2="0.999792" adm_scale3="0.995905" motion2="3.279224" vif_scale0="0.465736" vif_scale1="0.840912" vif_scale2="0.916921" vif_scale3="0.953219" vmaf="92.442540" />
    <frame frameNum="6" adm2="0.993285" adm_scale0="0.976470" adm_scale1="0.982762" adm_scale2="0.999475" adm_scale3="0.997530" motion2="4.885628" vif_scale0="0.482080" vif_scale1="0.847939" vif_scale2="0.920346" vif_scale3="0.954066" vmaf="94.826464" />
    <frame frameNum="7" adm2="0.991053" adm_scale0="0.973102" adm_scale1="0.974502" adm_scale2="0.998274" adm_scale3="0.997287" motion2="4.776041" vif_scale0="0.497128" vif_scale1="0.846178" vif_scale2="0.916793" vif_scale3="0.951485" vmaf="93.860719" />
    <frame frameNum="8" adm2="1.001034" adm_scale0="0.983389" adm_scale1="0.987126" adm_scale2="1.010486" adm_scale3="1.004704" motion2="4.056862" vif_scale0="0.484452" vif_scale1="0.863247" vif_scale2="0.933663" vif_scale3="0.964716" vmaf="96.914908" />
    <frame frameNum="9" adm2="0.990790" adm_scale0="0.973782" adm_scale1="0.971456" adm_scale2="0.998286" adm_scale3="0.997611" motion2="4.056862" vif_scale0="0.472769" vif_scale1="0.844631" vif_scale2="0.918475" vif_scale3="0.953802" vmaf="93.251078" />
    <frame frameNum="10" adm2="0.991601" adm_scale0="0.971346" adm_scale1="0.974505" adm_scale2="0.998327" adm_scale3="0.998970" motion2="6.112095" vif_scale0="0.484873" vif_scale1="0.845439" vif_scale2="0.917336" vif_scale3="0.951166" vmaf="95.508412" />
    <frame frameNum="11" adm2="0.989814" adm_scale0="0.970193" adm_scale1="0.971784" adm_scale2="0.997361" adm_scale3="0.996793" motion2="4.545020" vif_scale0="0.469631" vif_scale1="0.841050" vif_scale2="0.915894" vif_scale3="0.951678" vmaf="93.340763" />
    <frame frameNum="12" adm2="0.997805" adm_scale0="0.975411" adm_scale1="0.984507" adm_scale2="1.001657" adm_scale3="1.006251" motion2="3.989195" vif_scale0="0.473427" vif_scale1="0.853160" vif_scale2="0.925898" vif_scale3="0.958855" vmaf="95.370863" />
    <frame frameNum="13" adm2="0.993110" adm_scale0="0.972893" adm_scale1="0.975965" adm_scale2="0.999313" adm_scale3="1.000857" motion2="3.152309" vif_scale0="0.477656" vif_scale1="0.847984" vif_scale2="0.919919" vif_scale3="0.954685" vmaf="92.809199" />
    <frame frameNum="14" adm2="0.992461" adm_scale0="0.971288" adm_scale1="0.984877" adm_scale2="0.995423" adm_scale3="0.998931" motion2="3.152309" vif_scale0="0.479205" vif_scale1="0.855039" vif_scale2="0.926899" vif_scale3="0.959367" vmaf="93.321064" />
    <frame frameNum="15" adm2="0.992557" adm_scale0="0.968626" adm_scale1="0.988399" adm_scale2="0.999898" adm_scale3="0.995587" motion2="3.406580" vif_scale0="0.478109" vif_scale1="0.854674" vif_scale2="0.926236" vif_scale3="0.959216" vmaf="93.603276" />
    <frame frameNum="16" adm2="1.012908" adm_scale0="0.986455" adm_scale1="1.005748" adm_scale2="1.022670" adm_scale3="1.015969" motion2="4.074044" vif_scale0="0.513068" vif_scale1="0.890904" vif_scale2="0.952977" vif_scale3="0.977010" vmaf="101.288185" />
    <frame frameNum="17" adm2="0.998298" adm_scale0="0.972302" adm_scale1="0.983512" adm_scale2="1.010231" adm_scale3="1.002744" motion2="3.065302" vif_scale0="0.493508" vif_scale1="0.864335" vif_scale2="0.931184" vif_scale3="0.962043" vmaf="94.835713" />
    <frame frameNum="18" adm2="1.004018" adm_scale0="0.979013" adm_scale1="0.990830" adm_scale2="1.008155" adm_scale3="1.012729" motion2="3.065302" vif_scale0="0.503906" vif_scale1="0.875974" vif_scale2="0.940354" vif_scale3="0.968541" vmaf="96.953513" />
    <frame frameNum="19" adm2="0.998796" adm_scale0="0.979688" adm_scale1="0.997420" adm_scale2="1.004663" adm_scale3="1.000623" motion2="3.216635" vif_scale0="0.493376" vif_scale1="0.865225" vif_scale2="0.932354" vif_scale3="0.962344" vmaf="95.195187" />
    <frame frameNum="20" adm2="1.006080" adm_scale0="0.984033" adm_scale1="1.005498" adm_scale2="1.013423" adm_scale3="1.007495" motion2="2.992759" vif_scale0="0.505268" vif_scale1="0.884883" vif_scale2="0.947280" vif_scale3="0.973288" vmaf="97.988328" />
    <frame frameNum="21" adm2="0.997290" adm_scale0="0.976792" adm_scale1="0.988487" adm_scale2="1.001909" adm_scale3="1.003179" motion2="2.992759" vif_scale0="0.491041" vif_scale1="0.865548" vif_scale2="0.932223" vif_scale3="0.962056" vmaf="94.582393" />
    <frame frameNum="22" adm2="1.003492" adm_scale0="0.981814" adm_scale1="1.000043" adm_scale2="1.014710" adm_scale3="1.003196" motion2="3.364288" vif_scale0="0.490418" vif_scale1="0.870866" vif_scale2="0.937971" vif_scale3="0.966934" vmaf="96.981874" />
    <frame frameNum="23" adm2="1.001424" adm_scale0="0.977272" adm_scale1="0.996922" adm_scale2="1.010771" adm_scale3="1.003596" motion2="2.941125" vif_scale0="0.486013" vif_scale1="0.866454" vif_scale2="0.935121" vif_scale3="0.965054" vmaf="95.771297" />
    <frame frameNum="24" adm2="1.013921" adm_scale0="0.988039" adm_scale1="1.005609" adm_scale2="1.027855" adm_scale3="1.014907" motion2="2.941125" vif_scale0="0.510687" vif_scale1="0.890198" vif_scale2="0.951466" vif_scale3="0.975751" vmaf="99.991022" />
    <frame frameNum="25" adm2="0.997234" adm_scale0="0.978376" adm_scale1="0.999307" adm_scale2="0.999292" adm_scale3="1.000321" motion2="2.852221" vif_scale0="0.490139" vif_scale1="0.866448" vif_scale2="0.934362" vif_scale3="0.965045" vmaf="94.728787" />
    <frame frameNum="26" adm2="1.002805" adm_scale0="0.982962" adm_scale1="1.002092" adm_scale2="1.008333" adm_scale3="1.004937" motion2="2.776766" vif_scale0="0.497337" vif_scale1="0.873553" vif_scale2="0.938576" vif_scale3="0.967029" vmaf="96.160776" />
    <frame frameNum="27" adm2="1.001386" adm_scale0="0.983380" adm_scale1="0.998628" adm_scale2="1.010810" adm_scale3="1.001192" motion2="2.509950" vif_scale0="0.488840" vif_scale1="0.865961" vif_scale2="0.933382" vif_scale3="0.963247" vmaf="95.029128" />
    <frame frameNum="28" adm2="1.007901" adm_scale0="0.985336" adm_scale1="1.008724" adm_scale2="1.017753" adm_scale3="1.007147" motion2="2.509950" vif_scale0="0.501475" vif_scale1="0.880142" vif_scale2="0.943886" vif_scale3="0.970524" vmaf="97.435692" />
    <frame frameNum="29" adm2="1.007796" adm_scale0="0.982335" adm_scale1="0.995757" adm_scale2="1.028959" adm_scale3="1.005051" motion2="2.816446" vif_scale0="0.494348" vif_scale1="0.866149" vif_scale2="0.932280" vif_scale3="0.961951" vmaf="96.614000" />
    <frame frameNum="30" adm2="1.004309" adm_scale0="0.981958" adm_scale1="0.994218" adm_scale2="1.016701" adm_scale3="1.006269" motion2="2.816446" vif_scale0="0.501273" vif_scale1="0.874701" vif_scale2="0.939440" vif_scale3="0.966875" vmaf="96.551061" />
    <frame frameNum="31" adm2="1.005882" adm_scale0="0.978722" adm_scale1="0.995312" adm_scale2="1.023846" adm_scale3="1.005273" motion2="2.870256" vif_scale0="0.490995" vif_scale1="0.870605" vif_scale2="0.937141" vif_scale3="0.966128" vmaf="96.808164" />
    <frame frameNum="32" adm2="1.013955" adm_scale0="0.985154" adm_scale1="1.012120" adm_scale2="1.026121" adm_scale3="1.014525" motion2="2.870256" vif_scale0="0.531816" vif_scale1="0.904935" vif_scale2="0.960568" vif_scale3="0.981408" vmaf="100.759890" />
    <frame frameNum="33" adm2="1.005941" adm_scale0="0.977060" adm_scale1="0.990259" adm_scale2="1.019519" adm_scale3="1.010857" motion2="4.198459" vif_scale0="0.493382" vif_scale1="0.867444" vif_scale2="0.934358" vif_scale3="0.964357" vmaf="98.129109" />
    <frame frameNum="34" adm2="1.002070" adm_scale0="0.978933" adm_scale1="0.988698" adm_scale2="1.014440" adm_scale3="1.005309" motion2="4.198459" vif_scale0="0.490333" vif_scale1="0.863195" vif_scale2="0.930646" vif_scale3="0.961837" vmaf="96.944202" />
    <frame frameNum="35" adm2="0.990820" adm_scale0="0.973946" adm_scale1="0.973615" adm_scale2="0.997319" adm_scale3="0.997639" motion2="5.916987" vif_scale0="0.492288" vif_scale1="0.857809" vif_scale2="0.927433" vif_scale3="0.959864" vmaf="96.213133" />
    <frame frameNum="36" adm2="0.999806" adm_scale0="0.974940" adm_scale1="0.982109" adm_scale2="1.010697" adm_scale3="1.005844" motion2="6.934131" vif_scale0="0.517809" vif_scale1="0.865077" vif_scale2="0.930752" vif_scale3="0.960692" vmaf="99.489587" />
    <frame frameNum="37" adm2="0.994786" adm_scale0="0.971635" adm_scale1="0.976467" adm_scale2="1.004507" adm_scale3="1.001384" motion2="7.691448" vif_scale0="0.508571" vif_scale1="0.854085" vif_scale2="0.923346" vif_scale3="0.956858" vmaf="98.634466" />
    <frame frameNum="38" adm2="0.991178" adm_scale0="0.973488" adm_scale1="0.966791" adm_scale2="0.998936" adm_scale3="0.999521" motion2="8.290002" vif_scale0="0.521197" vif_scale1="0.858114" vif_scale2="0.923153" vif_scale3="0.955829" vmaf="98.431250" />
    <frame frameNum="39" adm2="0.987224" adm_scale0="0.978898" adm_scale1="0.978427" adm_scale2="0.990808" adm_scale3="0.990285" motion2="9.201682" vif_scale0="0.524591" vif_scale1="0.858333" vif_scale2="0.921617" vif_scale3="0.952925" vmaf="98.279621" />
    <frame frameNum="40" adm2="0.994398" adm_scale0="0.976453" adm_scale1="0.989388" adm_scale2="1.005047" adm_scale3="0.994554" motion2="9.585089" vif_scale0="0.532035" vif_scale1="0.870644" vif_scale2="0.933110" vif_scale3="0.963752" vmaf="101.569809" />
    <frame frameNum="41" adm2="0.993496" adm_scale0="0.978448" adm_scale1="0.976760" adm_scale2="1.002945" adm_scale3="0.997491" motion2="9.823271" vif_scale0="0.523555" vif_scale1="0.857761" vif_scale2="0.922789" vif_scale3="0.955968" vmaf="100.571473" />
    <frame frameNum="42" adm2="0.988028" adm_scale0="0.978216" adm_scale1="0.975553" adm_scale2="0.988870" adm_scale3="0.994474" motion2="9.695138" vif_scale0="0.522329" vif_scale1="0.860665" vif_scale2="0.925240" vif_scale3="0.956495" vmaf="99.404839" />
    <frame frameNum="43" adm2="0.985980" adm_scale0="0.972805" adm_scale1="0.977147" adm_scale2="0.987770" adm_scale3="0.991670" motion2="9.695138" vif_scale0="0.519169" vif_scale1="0.859203" vif_scale2="0.922838" vif_scale3="0.955628" vmaf="98.794854" />
    <frame frameNum="44" adm2="0.990805" adm_scale0="0.978839" adm_scale1="0.987203" adm_scale2="0.995355" adm_scale3="0.992796" motion2="9.964064" vif_scale0="0.523471" vif_scale1="0.861653" vif_scale2="0.925831" vif_scale3="0.957960" vmaf="100.425344" />
    <frame frameNum="45" adm2="0.980052" adm_scale0="0.972299" adm_scale1="0.964266" adm_scale2="0.979116" adm_scale3="0.988231" motion2="9.690370" vif_scale0="0.520167" vif_scale1="0.852599" vif_scale2="0.917594" vif_scale3="0.951552" vmaf="96.984513" />
    <frame frameNum="46" adm2="0.982838" adm_scale0="0.974697" adm_scale1="0.958823" adm_scale2="0.988506" adm_scale3="0.990020" motion2="9.690370" vif_scale0="0.533257" vif_scale1="0.865491" vif_scale2="0.925783" vif_scale3="0.956509" vmaf="98.320525" />
    <frame frameNum="47" adm2="0.981021" adm_scale0="0.972199" adm_scale1="0.956388" adm_scale2="0.983655" adm_scale3="0.990234" motion2="9.335769" vif_scale0="0.535941" vif_scale1="0.868614" vif_scale2="0.927965" vif_scale3="0.957474" vmaf="97.721471" />
    <frame frameNum="48" adm2="0.997786" adm_scale0="0.979580" adm_scale1="0.986769" adm_scale2="1.006917" adm_scale3="1.001463" motion2="9.335769" vif_scale0="0.558784" vif_scale1="0.895146" vif_scale2="0.949814" vif_scale3="0.974257" vmaf="103.631754" />
    <frame frameNum="49" adm2="0.985092" adm_scale0="0.972973" adm_scale1="0.973326" adm_scale2="0.986922" adm_scale3="0.991380" motion2="9.337810" vif_scale0="0.540797" vif_scale1="0.872380" vif_scale2="0.929832" vif_scale3="0.958398" vmaf="98.755647" />
    <frame frameNum="50" adm2="0.986103" adm_scale0="0.974489" adm_scale1="0.971524" adm_scale2="0.991387" adm_scale3="0.990914" motion2="9.054583" vif_scale0="0.536061" vif_scale1="0.869621" vif_scale2="0.929504" vif_scale3="0.958882" vmaf="98.686600" />
    <frame frameNum="51" adm2="0.983039" adm_scale0="0.973485" adm_scale1="0.964679" adm_scale2="0.982196" adm_scale3="0.991983" motion2="9.041745" vif_scale0="0.532462" vif_scale1="0.867443" vif_scale2="0.927588" vif_scale3="0.957317" vmaf="97.808187" />
    <frame frameNum="52" adm2="0.991703" adm_scale0="0.977597" adm_scale1="0.980211" adm_scale2="0.993651" adm_scale3="0.998274" motion2="8.486893" vif_scale0="0.539130" vif_scale1="0.873987" vif_scale2="0.934246" vif_scale3="0.962968" vmaf="99.800402" />
    <frame frameNum="53" adm2="0.989235" adm_scale0="0.974605" adm_scale1="0.971370" adm_scale2="0.985956" adm_scale3="1.001467" motion2="7.573438" vif_scale0="0.518821" vif_scale1="0.861525" vif_scale2="0.926245" vif_scale3="0.957748" vmaf="97.506266" />
    <frame frameNum="54" adm2="0.994426" adm_scale0="0.977760" adm_scale1="0.991360" adm_scale2="0.997735" adm_scale3="0.998022" motion2="7.007406" vif_scale0="0.521644" vif_scale1="0.866468" vif_scale2="0.930440" vif_scale3="0.960676" vmaf="98.399942" />
    <frame frameNum="55" adm2="0.991508" adm_scale0="0.974984" adm_scale1="0.981652" adm_scale2="0.993575" adm_scale3="0.998505" motion2="6.151161" vif_scale0="0.506484" vif_scale1="0.857665" vif_scale2="0.926088" vif_scale3="0.959612" vmaf="96.542234" />
    <frame frameNum="56" adm2="1.003612" adm_scale0="0.978793" adm_scale1="0.986513" adm_scale2="1.013278" adm_scale3="1.010340" motion2="6.116088" vif_scale0="0.515770" vif_scale1="0.876151" vif_scale2="0.941375" vif_scale3="0.970037" vmaf="100.580006" />
    <frame frameNum="57" adm2="0.993922" adm_scale0="0.972123" adm_scale1="0.973701" adm_scale2="0.998907" adm_scale3="1.004098" motion2="6.116088" vif_scale0="0.507670" vif_scale1="0.859633" vif_scale2="0.927575" vif_scale3="0.960507" vmaf="97.153112" />
    <frame frameNum="58" adm2="0.995268" adm_scale0="0.972634" adm_scale1="0.990389" adm_scale2="0.999791" adm_scale3="1.000532" motion2="7.095902" vif_scale0="0.519562" vif_scale1="0.867341" vif_scale2="0.932554" vif_scale3="0.963800" vmaf="99.014114" />
    <frame frameNum="59" adm2="0.993995" adm_scale0="0.971762" adm_scale1="0.967821" adm_scale2="0.998101" adm_scale3="1.006588" motion2="7.340748" vif_scale0="0.516009" vif_scale1="0.862332" vif_scale2="0.927521" vif_scale3="0.958919" vmaf="98.416731" />
    <frame frameNum="60" adm2="0.997330" adm_scale0="0.972844" adm_scale1="0.980593" adm_scale2="1.002403" adm_scale3="1.006881" motion2="7.373094" vif_scale0="0.528862" vif_scale1="0.875535" vif_scale2="0.938268" vif_scale3="0.966754" vmaf="100.249713" />
    <frame frameNum="61" adm2="0.990220" adm_scale0="0.970802" adm_scale1="0.968904" adm_scale2="0.993481" adm_scale3="1.000376" motion2="7.932577" vif_scale0="0.520937" vif_scale1="0.866690" vif_scale2="0.930803" vif_scale3="0.961459" vmaf="98.597576" />
    <frame frameNum="62" adm2="0.993786" adm_scale0="0.972028" adm_scale1="0.960716" adm_scale2="1.010235" adm_scale3="1.000505" motion2="8.347490" vif_scale0="0.525046" vif_scale1="0.870593" vif_scale2="0.934141" vif_scale3="0.963349" vmaf="100.112160" />
    <frame frameNum="63" adm2="0.989997" adm_scale0="0.964949" adm_scale1="0.956723" adm_scale2="0.994872" adm_scale3="1.004713" motion2="8.881413" vif_scale0="0.524181" vif_scale1="0.871638" vif_scale2="0.935430" vif_scale3="0.964077" vmaf="99.986767" />
    <frame frameNum="64" adm2="1.007940" adm_scale0="0.976701" adm_scale1="0.989249" adm_scale2="1.016359" adm_scale3="1.017451" motion2="9.587723" vif_scale0="0.552299" vif_scale1="0.902427" vif_scale2="0.957612" vif_scale3="0.978572" vmaf="106.787906" />
    <frame frameNum="65" adm2="0.987123" adm_scale0="0.965465" adm_scale1="0.954572" adm_scale2="0.993520" adm_scale3="0.999989" motion2="10.133101" vif_scale0="0.526186" vif_scale1="0.871985" vif_scale2="0.935431" vif_scale3="0.964754" vmaf="100.753931" />
    <frame frameNum="66" adm2="0.988894" adm_scale0="0.970010" adm_scale1="0.948322" adm_scale2="0.996144" adm_scale3="1.002753" motion2="10.653828" vif_scale0="0.524015" vif_scale1="0.866512" vif_scale2="0.930838" vif_scale3="0.961183" vmaf="101.198587" />
    <frame frameNum="67" adm2="0.980771" adm_scale0="0.965145" adm_scale1="0.943310" adm_scale2="0.986855" adm_scale3="0.993897" motion2="11.115594" vif_scale0="0.531913" vif_scale1="0.867784" vif_scale2="0.930264" vif_scale3="0.960139" vmaf="99.834990" />
    <frame frameNum="68" adm2="0.991469" adm_scale0="0.964187" adm_scale1="0.965659" adm_scale2="0.990408" adm_scale3="1.007614" motion2="11.631356" vif_scale0="0.532375" vif_scale1="0.874265" vif_scale2="0.936459" vif_scale3="0.965447" vmaf="103.340501" />
    <frame frameNum="69" adm2="0.982256" adm_scale0="0.966781" adm_scale1="0.942655" adm_scale2="0.986358" adm_scale3="0.997213" motion2="11.631356" vif_scale0="0.534905" vif_scale1="0.868211" vif_scale2="0.929158" vif_scale3="0.958568" vmaf="100.517162" />
    <frame frameNum="70" adm2="0.984757" adm_scale0="0.961314" adm_scale1="0.951127" adm_scale2="0.983071" adm_scale3="1.002615" motion2="12.472349" vif_scale0="0.538543" vif_scale1="0.873057" vif_scale2="0.932508" vif_scale3="0.960750" vmaf="102.218911" />
    <frame frameNum="71" adm2="0.979572" adm_scale0="0.962894" adm_scale1="0.938713" adm_scale2="0.985627" adm_scale3="0.993114" motion2="12.472349" vif_scale0="0.542691" vif_scale1="0.873954" vif_scale2="0.932055" vif_scale3="0.960838" vmaf="101.102371" />
    <frame frameNum="72" adm2="0.987858" adm_scale0="0.966065" adm_scale1="0.945088" adm_scale2="0.998842" adm_scale3="1.001167" motion2="13.029011" vif_scale0="0.538971" vif_scale1="0.883807" vif_scale2="0.942040" vif_scale3="0.968048" vmaf="104.417553" />
    <frame frameNum="73" adm2="0.975410" adm_scale0="0.958006" adm_scale1="0.937196" adm_scale2="0.977548" adm_scale3="0.991189" motion2="12.860599" vif_scale0="0.531990" vif_scale1="0.869266" vif_scale2="0.929556" vif_scale3="0.959081" vmaf="100.331306" />
    <frame frameNum="74" adm2="0.977920" adm_scale0="0.964267" adm_scale1="0.942206" adm_scale2="0.976466" adm_scale3="0.994164" motion2="12.854736" vif_scale0="0.531863" vif_scale1="0.870200" vif_scale2="0.931562" vif_scale3="0.961176" vmaf="101.109176" />
    <frame frameNum="75" adm2="0.979362" adm_scale0="0.962109" adm_scale1="0.941975" adm_scale2="0.974560" adm_scale3="0.998330" motion2="12.854736" vif_scale0="0.533997" vif_scale1="0.869951" vif_scale2="0.930505" vif_scale3="0.959826" vmaf="101.273207" />
    <frame frameNum="76" adm2="0.987706" adm_scale0="0.967819" adm_scale1="0.948841" adm_scale2="0.988968" adm_scale3="1.003972" motion2="13.063421" vif_scale0="0.538815" vif_scale1="0.878042" vif_scale2="0.937406" vif_scale3="0.964689" vmaf="103.952885" />
    <frame frameNum="77" adm2="0.985096" adm_scale0="0.964975" adm_scale1="0.955307" adm_scale2="0.984967" adm_scale3="0.999603" motion2="12.974502" vif_scale0="0.531824" vif_scale1="0.868902" vif_scale2="0.929563" vif_scale3="0.958532" vmaf="102.475429" />
    <frame frameNum="78" adm2="0.980271" adm_scale0="0.962858" adm_scale1="0.941752" adm_scale2="0.983126" adm_scale3="0.995328" motion2="12.800354" vif_scale0="0.536091" vif_scale1="0.874612" vif_scale2="0.934281" vif_scale3="0.961795" vmaf="101.733308" />
    <frame frameNum="79" adm2="0.975851" adm_scale0="0.960475" adm_scale1="0.929490" adm_scale2="0.976312" adm_scale3="0.994223" motion2="12.800354" vif_scale0="0.531321" vif_scale1="0.865965" vif_scale2="0.926782" vif_scale3="0.955144" vmaf="99.943020" />
    <frame frameNum="80" adm2="0.993259" adm_scale0="0.974524" adm_scale1="0.948667" adm_scale2="0.992966" adm_scale3="1.011853" motion2="12.288285" vif_scale0="0.556556" vif_scale1="0.904899" vif_scale2="0.958523" vif_scale3="0.979169" vmaf="106.500191" />
    <frame frameNum="81" adm2="0.982037" adm_scale0="0.962049" adm_scale1="0.939460" adm_scale2="0.982169" adm_scale3="1.001122" motion2="12.156039" vif_scale0="0.528449" vif_scale1="0.869970" vif_scale2="0.932379" vif_scale3="0.961113" vmaf="101.322196" />
    <frame frameNum="82" adm2="0.980994" adm_scale0="0.959363" adm_scale1="0.930174" adm_scale2="0.983583" adm_scale3="1.001654" motion2="11.749644" vif_scale0="0.538721" vif_scale1="0.875885" vif_scale2="0.935758" vif_scale3="0.962905" vmaf="100.992387" />
    <frame frameNum="83" adm2="0.977607" adm_scale0="0.961427" adm_scale1="0.934417" adm_scale2="0.979323" adm_scale3="0.995226" motion2="11.213417" vif_scale0="0.531635" vif_scale1="0.869087" vif_scale2="0.930974" vif_scale3="0.959755" vmaf="99.256942" />
    <frame frameNum="84" adm2="0.985533" adm_scale0="0.965456" adm_scale1="0.949682" adm_scale2="0.988615" adm_scale3="1.000698" motion2="11.213417" vif_scale0="0.544559" vif_scale1="0.881853" vif_scale2="0.940760" vif_scale3="0.966792" vmaf="101.951232" />
    <frame frameNum="85" adm2="0.979708" adm_scale0="0.962478" adm_scale1="0.945070" adm_scale2="0.973035" adm_scale3="0.998937" motion2="10.529059" vif_scale0="0.527714" vif_scale1="0.870505" vif_scale2="0.932767" vif_scale3="0.961281" vmaf="99.191240" />
    <frame frameNum="86" adm2="0.982299" adm_scale0="0.964312" adm_scale1="0.942308" adm_scale2="0.979096" adm_scale3="1.001602" motion2="9.761002" vif_scale0="0.535902" vif_scale1="0.874916" vif_scale2="0.936133" vif_scale3="0.963978" vmaf="99.304322" />
    <frame frameNum="87" adm2="0.979803" adm_scale0="0.965492" adm_scale1="0.945122" adm_scale2="0.978389" adm_scale3="0.995566" motion2="9.214196" vif_scale0="0.531776" vif_scale1="0.871498" vif_scale2="0.933914" vif_scale3="0.962432" vmaf="97.963794" />
    <frame frameNum="88" adm2="0.993008" adm_scale0="0.969855" adm_scale1="0.963748" adm_scale2="0.994057" adm_scale3="1.008672" motion2="8.763312" vif_scale0="0.536470" vif_scale1="0.885161" vif_scale2="0.945405" vif_scale3="0.970175" vmaf="101.433664" />
    <frame frameNum="89" adm2="0.982267" adm_scale0="0.964313" adm_scale1="0.942791" adm_scale2="0.986099" adm_scale3="0.998231" motion2="8.763312" vif_scale0="0.527174" vif_scale1="0.872671" vif_scale2="0.935180" vif_scale3="0.963346" vmaf="98.130815" />
    <frame frameNum="90" adm2="0.989722" adm_scale0="0.970495" adm_scale1="0.954723" adm_scale2="0.998713" adm_scale3="1.001391" motion2="8.124693" vif_scale0="0.531371" vif_scale1="0.876722" vif_scale2="0.937841" vif_scale3="0.965354" vmaf="99.314850" />
    <frame frameNum="91" adm2="0.989955" adm_scale0="0.966505" adm_scale1="0.946663" adm_scale2="0.996358" adm_scale3="1.005730" motion2="8.066119" vif_scale0="0.523065" vif_scale1="0.870807" vif_scale2="0.934415" vif_scale3="0.962787" vmaf="98.946637" />
    <frame frameNum="92" adm2="0.995275" adm_scale0="0.971346" adm_scale1="0.970223" adm_scale2="1.006029" adm_scale3="1.003946" motion2="7.910059" vif_scale0="0.532707" vif_scale1="0.883376" vif_scale2="0.944242" vif_scale3="0.969840" vmaf="100.909231" />
    <frame frameNum="93" adm2="0.988935" adm_scale0="0.965401" adm_scale1="0.947730" adm_scale2="0.997606" adm_scale3="1.003941" motion2="7.162950" vif_scale0="0.516936" vif_scale1="0.874099" vif_scale2="0.938327" vif_scale3="0.966213" vmaf="98.164224" />
    <frame frameNum="94" adm2="0.996354" adm_scale0="0.972006" adm_scale1="0.957292" adm_scale2="1.009421" adm_scale3="1.007918" motion2="6.881777" vif_scale0="0.521952" vif_scale1="0.879282" vif_scale2="0.941731" vif_scale3="0.968287" vmaf="99.760934" />
    <frame frameNum="95" adm2="0.994600" adm_scale0="0.969913" adm_scale1="0.966276" adm_scale2="0.999497" adm_scale3="1.007889" motion2="6.881777" vif_scale0="0.514076" vif_scale1="0.876184" vif_scale2="0.939656" vif_scale3="0.967401" vmaf="99.221908" />
    <frame frameNum="96" adm2="1.009941" adm_scale0="0.977019" adm_scale1="0.993781" adm_scale2="1.019903" adm_scale3="1.018625" motion2="6.838077" vif_scale0="0.559141" vif_scale1="0.915417" vif_scale2="0.966401" vif_scale3="0.984483" vmaf="105.077903" />
    <frame frameNum="97" adm2="0.992490" adm_scale0="0.968442" adm_scale1="0.959609" adm_scale2="0.997715" adm_scale3="1.007259" motion2="6.494508" vif_scale0="0.527586" vif_scale1="0.880711" vif_scale2="0.941615" vif_scale3="0.968169" vmaf="98.477945" />
    <frame frameNum="98" adm2="0.993574" adm_scale0="0.976772" adm_scale1="0.969770" adm_scale2="1.000555" adm_scale3="1.002075" motion2="6.203431" vif_scale0="0.524568" vif_scale1="0.875985" vif_scale2="0.938475" vif_scale3="0.967076" vmaf="98.157286" />
    <frame frameNum="99" adm2="0.992141" adm_scale0="0.969614" adm_scale1="0.960430" adm_scale2="1.002612" adm_scale3="1.002408" motion2="6.203431" vif_scale0="0.527933" vif_scale1="0.879148" vif_scale2="0.939952" vif_scale3="0.967371" vmaf="97.936983" />
    <frame frameNum="100" adm2="0.999233" adm_scale0="0.969965" adm_scale1="0.962673" adm_scale2="1.013732" adm_scale3="1.010668" motion2="6.836185" vif_scale0="0.522163" vif_scale1="0.880678" vif_scale2="0.943675" vif_scale3="0.969981" vmaf="100.548682" />
    <frame frameNum="101" adm2="0.998452" adm_scale0="0.972043" adm_scale1="0.957284" adm_scale2="1.012945" adm_scale3="1.010797" motion2="7.031013" vif_scale0="0.519383" vif_scale1="0.875441" vif_scale2="0.939648" vif_scale3="0.968157" vmaf="100.277367" />
    <frame frameNum="102" adm2="0.992837" adm_scale0="0.970388" adm_scale1="0.959801" adm_scale2="0.995750" adm_scale3="1.009369" motion2="7.301840" vif_scale0="0.529870" vif_scale1="0.879748" vif_scale2="0.940739" vif_scale3="0.967095" vmaf="99.337901" />
    <frame frameNum="103" adm2="0.992193" adm_scale0="0.971412" adm_scale1="0.967310" adm_scale2="0.998096" adm_scale3="1.002687" motion2="7.677040" vif_scale0="0.528679" vif_scale1="0.877047" vif_scale2="0.938193" vif_scale3="0.966042" vmaf="99.422276" />
    <frame frameNum="104" adm2="0.997304" adm_scale0="0.979230" adm_scale1="0.968865" adm_scale2="1.001086" adm_scale3="1.010043" motion2="8.242241" vif_scale0="0.544139" vif_scale1="0.889349" vif_scale2="0.947247" vif_scale3="0.971377" vmaf="101.977629" />
    <frame frameNum="105" adm2="0.997966" adm_scale0="0.973449" adm_scale1="0.963576" adm_scale2="1.006360" adm_scale3="1.011666" motion2="8.252743" vif_scale0="0.532875" vif_scale1="0.876696" vif_scale2="0.938607" vif_scale3="0.965113" vmaf="101.247372" />
    <frame frameNum="106" adm2="0.994122" adm_scale0="0.972497" adm_scale1="0.966480" adm_scale2="1.006879" adm_scale3="1.002310" motion2="8.197223" vif_scale0="0.540391" vif_scale1="0.879952" vif_scale2="0.939182" vif_scale3="0.965890" vmaf="100.450083" />
    <frame frameNum="107" adm2="0.995177" adm_scale0="0.970414" adm_scale1="0.964742" adm_scale2="1.002782" adm_scale3="1.007326" motion2="8.151590" vif_scale0="0.545720" vif_scale1="0.879693" vif_scale2="0.936962" vif_scale3="0.963228" vmaf="100.327196" />
    <frame frameNum="108" adm2="1.000426" adm_scale0="0.977689" adm_scale1="0.974829" adm_scale2="1.008341" adm_scale3="1.011007" motion2="8.151590" vif_scale0="0.543298" vif_scale1="0.884361" vif_scale2="0.943259" vif_scale3="0.968804" vmaf="102.171395" />
    <frame frameNum="109" adm2="0.991596" adm_scale0="0.970250" adm_scale1="0.970054" adm_scale2="1.001438" adm_scale3="0.999128" motion2="8.173396" vif_scale0="0.543322" vif_scale1="0.877699" vif_scale2="0.936929" vif_scale3="0.964765" vmaf="99.693901" />
    <frame frameNum="110" adm2="0.999605" adm_scale0="0.978271" adm_scale1="0.982478" adm_scale2="1.005686" adm_scale3="1.007918" motion2="7.728574" vif_scale0="0.547116" vif_scale1="0.884217" vif_scale2="0.942368" vif_scale3="0.968277" vmaf="101.447940" />
    <frame frameNum="111" adm2="1.004025" adm_scale0="0.980051" adm_scale1="0.984467" adm_scale2="1.016503" adm_scale3="1.009964" motion2="7.173264" vif_scale0="0.542863" vif_scale1="0.882962" vif_scale2="0.942170" vif_scale3="0.969086" vmaf="101.834331" />
    <frame frameNum="112" adm2="1.015587" adm_scale0="0.986983" adm_scale1="0.993784" adm_scale2="1.033390" adm_scale3="1.020414" motion2="6.855636" vif_scale0="0.566813" vif_scale1="0.907188" vif_scale2="0.958604" vif_scale3="0.978986" vmaf="105.529247" />
    <frame frameNum="113" adm2="1.001229" adm_scale0="0.972309" adm_scale1="0.990803" adm_scale2="1.008046" adm_scale3="1.009012" motion2="6.519027" vif_scale0="0.541543" vif_scale1="0.881974" vif_scale2="0.941987" vif_scale3="0.968485" vmaf="100.433119" />
    <frame frameNum="114" adm2="1.000125" adm_scale0="0.980324" adm_scale1="0.969829" adm_scale2="1.017604" adm_scale3="1.005716" motion2="6.067085" vif_scale0="0.535733" vif_scale1="0.881893" vif_scale2="0.942633" vif_scale3="0.968687" vmaf="99.722239" />
    <frame frameNum="115" adm2="1.001478" adm_scale0="0.981183" adm_scale1="0.976264" adm_scale2="1.017904" adm_scale3="1.005631" motion2="5.705991" vif_scale0="0.549350" vif_scale1="0.885212" vif_scale2="0.942630" vif_scale3="0.969364" vmaf="99.653845" />
    <frame frameNum="116" adm2="1.011225" adm_scale0="0.990034" adm_scale1="1.002251" adm_scale2="1.022170" adm_scale3="1.013350" motion2="5.386418" vif_scale0="0.552460" vif_scale1="0.894440" vif_scale2="0.950316" vif_scale3="0.974324" vmaf="102.127344" />
    <frame frameNum="117" adm2="0.998263" adm_scale0="0.982763" adm_scale1="0.989804" adm_scale2="1.001147" adm_scale3="1.003913" motion2="5.075470" vif_scale0="0.547389" vif_scale1="0.886510" vif_scale2="0.943647" vif_scale3="0.969408" vmaf="98.274779" />
    <frame frameNum="118" adm2="1.006688" adm_scale0="0.984727" adm_scale1="0.991708" adm_scale2="1.019505" adm_scale3="1.010192" motion2="4.830062" vif_scale0="0.540917" vif_scale1="0.888169" vif_scale2="0.946825" vif_scale3="0.972309" vmaf="100.176855" />
    <frame frameNum="119" adm2="1.004343" adm_scale0="0.981223" adm_scale1="0.996333" adm_scale2="1.014419" adm_scale3="1.007221" motion2="4.830062" vif_scale0="0.535368" vif_scale1="0.883211" vif_scale2="0.943453" vif_scale3="0.970165" vmaf="99.352451" />
    <frame frameNum="120" adm2="1.016724" adm_scale0="0.991520" adm_scale1="1.007274" adm_scale2="1.029630" adm_scale3="1.018859" motion2="4.543947" vif_scale0="0.548283" vif_scale1="0.897885" vif_scale2="0.953253" vif_scale3="0.975542" vmaf="102.558331" />
    <frame frameNum="121" adm2="1.004825" adm_scale0="0.981993" adm_scale1="0.991650" adm_scale2="1.013259" adm_scale3="1.010603" motion2="4.543947" vif_scale0="0.528980" vif_scale1="0.882358" vif_scale2="0.944131" vif_scale3="0.970671" vmaf="99.191797" />
    <frame frameNum="122" adm2="1.009228" adm_scale0="0.987655" adm_scale1="1.001484" adm_scale2="1.010876" adm_scale3="1.016996" motion2="4.681951" vif_scale0="0.536063" vif_scale1="0.887165" vif_scale2="0.946852" vif_scale3="0.971637" vmaf="100.500551" />
    <frame frameNum="123" adm2="1.005013" adm_scale0="0.988424" adm_scale1="0.994124" adm_scale2="1.012185" adm_scale3="1.009025" motion2="4.436007" vif_scale0="0.531514" vif_scale1="0.883167" vif_scale2="0.943603" vif_scale3="0.970008" vmaf="99.030001" />
    <frame frameNum="124" adm2="1.008465" adm_scale0="0.985903" adm_scale1="0.997765" adm_scale2="1.018724" adm_scale3="1.011930" motion2="4.410894" vif_scale0="0.532243" vif_scale1="0.889320" vif_scale2="0.949374" vif_scale3="0.973696" vmaf="100.292791" />
    <frame frameNum="125" adm2="1.010458" adm_scale0="0.986288" adm_scale1="1.000507" adm_scale2="1.021863" adm_scale3="1.013416" motion2="4.410894" vif_scale0="0.536482" vif_scale1="0.884763" vif_scale2="0.944446" vif_scale3="0.970551" vmaf="100.253789" />
    <frame frameNum="126" adm2="1.010150" adm_scale0="0.985142" adm_scale1="0.988621" adm_scale2="1.024849" adm_scale3="1.015466" motion2="4.462180" vif_scale0="0.540369" vif_scale1="0.889212" vif_scale2="0.947931" vif_scale3="0.972540" vmaf="100.559085" />
    <frame frameNum="127" adm2="1.006510" adm_scale0="0.984775" adm_scale1="0.996661" adm_scale2="1.018878" adm_scale3="1.008199" motion2="4.368739" vif_scale0="0.536587" vif_scale1="0.887578" vif_scale2="0.947123" vif_scale3="0.971826" vmaf="99.570748" />
    <frame frameNum="128" adm2="1.021556" adm_scale0="0.996432" adm_scale1="1.010112" adm_scale2="1.044823" adm_scale3="1.017418" motion2="4.368739" vif_scale0="0.574600" vif_scale1="0.919271" vif_scale2="0.967947" vif_scale3="0.985071" vmaf="104.840703" />
    <frame frameNum="129" adm2="1.004798" adm_scale0="0.983309" adm_scale1="0.993907" adm_scale2="1.006218" adm_scale3="1.013568" motion2="4.662647" vif_scale0="0.548252" vif_scale1="0.889852" vif_scale2="0.946209" vif_scale3="0.970567" vmaf="99.406662" />
    <frame frameNum="130" adm2="1.008307" adm_scale0="0.982538" adm_scale1="0.985835" adm_scale2="1.018906" adm_scale3="1.016598" motion2="4.662647" vif_scale0="0.541336" vif_scale1="0.889912" vif_scale2="0.948486" vif_scale3="0.972650" vmaf="100.430619" />
    <frame frameNum="131" adm2="1.004873" adm_scale0="0.984142" adm_scale1="0.995894" adm_scale2="1.007154" adm_scale3="1.012103" motion2="4.836417" vif_scale0="0.533756" vif_scale1="0.882947" vif_scale2="0.943603" vif_scale3="0.970093" vmaf="99.475481" />
    <frame frameNum="132" adm2="1.011629" adm_scale0="0.982578" adm_scale1="0.985101" adm_scale2="1.025224" adm_scale3="1.020249" motion2="5.031696" vif_scale0="0.545568" vif_scale1="0.889298" vif_scale2="0.948548" vif_scale3="0.973835" vmaf="101.676666" />
    <frame frameNum="133" adm2="1.004816" adm_scale0="0.977936" adm_scale1="0.985711" adm_scale2="1.015290" adm_scale3="1.012274" motion2="5.123641" vif_scale0="0.521682" vif_scale1="0.875100" vif_scale2="0.939375" vif_scale3="0.967484" vmaf="99.409106" />
    <frame frameNum="134" adm2="1.002171" adm_scale0="0.979631" adm_scale1="0.986623" adm_scale2="1.007289" adm_scale3="1.010499" motion2="5.137451" vif_scale0="0.527683" vif_scale1="0.882340" vif_scale2="0.945483" vif_scale3="0.971836" vmaf="99.463500" />
    <frame frameNum="135" adm2="1.005444" adm_scale0="0.978931" adm_scale1="0.974305" adm_scale2="1.021814" adm_scale3="1.013054" motion2="5.556020" vif_scale0="0.536948" vif_scale1="0.880404" vif_scale2="0.941962" vif_scale3="0.969878" vmaf="100.345031" />
    <frame frameNum="136" adm2="1.008899" adm_scale0="0.981017" adm_scale1="1.000684" adm_scale2="1.019985" adm_scale3="1.012039" motion2="5.698411" vif_scale0="0.553252" vif_scale1="0.895284" vif_scale2="0.952376" vif_scale3="0.975840" vmaf="102.196959" />
    <frame frameNum="137" adm2="1.000251" adm_scale0="0.976518" adm_scale1="0.976790" adm_scale2="1.009526" adm_scale3="1.008836" motion2="5.907775" vif_scale0="0.541441" vif_scale1="0.880115" vif_scale2="0.940903" vif_scale3="0.967354" vmaf="99.384427" />
    <frame frameNum="138" adm2="1.002623" adm_scale0="0.974799" adm_scale1="0.977767" adm_scale2="1.011632" adm_scale3="1.012778" motion2="6.206720" vif_scale0="0.520451" vif_scale1="0.876498" vif_scale2="0.940889" vif_scale3="0.968163" vmaf="100.301248" />
    <frame frameNum="139" adm2="0.996829" adm_scale0="0.972630" adm_scale1="0.965168" adm_scale2="1.008211" adm_scale3="1.006775" motion2="6.419833" vif_scale0="0.526766" vif_scale1="0.876205" vif_scale2="0.939920" vif_scale3="0.967415" vmaf="99.192068" />
    <frame frameNum="140" adm2="1.001810" adm_scale0="0.974112" adm_scale1="0.971452" adm_scale2="1.007363" adm_scale3="1.015399" motion2="6.691042" vif_scale0="0.534503" vif_scale1="0.881845" vif_scale2="0.944566" vif_scale3="0.971227" vmaf="101.079140" />
    <frame frameNum="141" adm2="0.994521" adm_scale0="0.973124" adm_scale1="0.958420" adm_scale2="1.002946" adm_scale3="1.006976" motion2="7.202104" vif_scale0="0.543082" vif_scale1="0.880335" vif_scale2="0.940664" vif_scale3="0.966618" vmaf="99.551582" />
    <frame frameNum="142" adm2="0.994901" adm_scale0="0.976956" adm_scale1="0.972442" adm_scale2="0.994321" adm_scale3="1.007674" motion2="7.314528" vif_scale0="0.537960" vif_scale1="0.880972" vif_scale2="0.942953" vif_scale3="0.970570" vmaf="100.167153" />
    <frame frameNum="143" adm2="0.996045" adm_scale0="0.972590" adm_scale1="0.962412" adm_scale2="0.994641" adm_scale3="1.013559" motion2="7.495216" vif_scale0="0.550251" vif_scale1="0.881470" vif_scale2="0.941868" vif_scale3="0.968217" vmaf="100.389024" />
    <frame frameNum="144" adm2="1.006832" adm_scale0="0.977555" adm_scale1="0.990976" adm_scale2="1.017756" adm_scale3="1.012964" motion2="7.396393" vif_scale0="0.577283" vif_scale1="0.905152" vif_scale2="0.957711" vif_scale3="0.977902" vmaf="104.116360" />
    <frame frameNum="145" adm2="0.993458" adm_scale0="0.970275" adm_scale1="0.958053" adm_scale2="0.995566" adm_scale3="1.009587" motion2="7.396393" vif_scale0="0.553921" vif_scale1="0.882623" vif_scale2="0.941599" vif_scale3="0.967631" vmaf="99.664957" />
    <frame frameNum="146" adm2="0.996764" adm_scale0="0.974924" adm_scale1="0.974446" adm_scale2="1.000281" adm_scale3="1.007543" motion2="7.952742" vif_scale0="0.559556" vif_scale1="0.891291" vif_scale2="0.948939" vif_scale3="0.973167" vmaf="101.765983" />
    <frame frameNum="147" adm2="0.992147" adm_scale0="0.972923" adm_scale1="0.955594" adm_scale2="0.994736" adm_scale3="1.006821" motion2="8.263140" vif_scale0="0.561659" vif_scale1="0.882080" vif_scale2="0.940559" vif_scale3="0.966172" vmaf="100.190675" />
    <frame frameNum="148" adm2="0.991093" adm_scale0="0.970922" adm_scale1="0.960432" adm_scale2="0.997344" adm_scale3="1.002393" motion2="8.254028" vif_scale0="0.559468" vif_scale1="0.880964" vif_scale2="0.939593" vif_scale3="0.966238" vmaf="99.914578" />
    <frame frameNum="149" adm2="1.005243" adm_scale0="0.984438" adm_scale1="0.969311" adm_scale2="1.014163" adm_scale3="1.016830" motion2="8.254028" vif_scale0="0.568481" vif_scale1="0.897404" vif_scale2="0.952841" vif_scale3="0.975453" vmaf="104.303459" />
  </frames>
</VMAF>
