<VMAF version="47950a6">
  <params qualityWidth="1280" qualityHeight="720" />
  <fyi fps="14.29" />
  <frames>
    <frame frameNum="0" adm2="0.977455" adm_scale0="0.965580" adm_scale1="0.958476" adm_scale2="0.977283" adm_scale3="0.987406" motion2="0.000000" vif_scale0="0.592345" vif_scale1="0.929501" vif_scale2="0.965879" vif_scale3="0.978998" vmaf="89.337830" />
    <frame frameNum="1" adm2="0.963914" adm_scale0="0.955936" adm_scale1="0.938447" adm_scale2="0.961216" adm_scale3="0.977832" motion2="5.639671" vif_scale0="0.520278" vif_scale1="0.877306" vif_scale2="0.935607" vif_scale3="0.961577" vmaf="90.597073" />
    <frame frameNum="2" adm2="0.967024" adm_scale0="0.959062" adm_scale1="0.941798" adm_scale2="0.965723" adm_scale3="0.979882" motion2="5.106677" vif_scale0="0.531009" vif_scale1="0.887215" vif_scale2="0.941913" vif_scale3="0.965181" vmaf="91.195325" />
    <frame frameNum="3" adm2="0.964014" adm_scale0="0.956137" adm_scale1="0.938378" adm_scale2="0.961690" adm_scale3="0.977598" motion2="4.350933" vif_scale0="0.511688" vif_scale1="0.876021" vif_scale2="0.934519" vif_scale3="0.959941" vmaf="88.967889" />
    <frame frameNum="4" adm2="0.970825" adm_scale0="0.960398" adm_scale1="0.947380" adm_scale2="0.968522" adm_scale3="0.983836" motion2="3.279224" vif_scale0="0.509579" vif_scale1="0.889927" vif_scale2="0.945929" vif_scale3="0.968179" vmaf="90.303258" />
    <frame frameNum="5" adm2="0.966136" adm_scale0="0.956739" adm_scale1="0.941844" adm_scale2="0.962251" adm_scale3="0.980280" motion2="3.279224" vif_scale0="0.497719" vif_scale1="0.873811" vif_scale2="0.934971" vif_scale3="0.961433" vmaf="88.323034" />
    <frame frameNum="6" adm2="0.968522" adm_scale0="0.959004" adm_scale1="0.946809" adm_scale2="0.964507" adm_scale3="0.981785" motion2="4.885628" vif_scale0="0.520770" vif_scale1="0.886483" vif_scale2="0.942150" vif_scale3="0.965156" vmaf="91.277095" />
    <frame frameNum="7" adm2="0.964444" adm_scale0="0.959018" adm_scale1="0.942178" adm_scale2="0.960971" adm_scale3="0.977032" motion2="4.776041" vif_scale0="0.531962" vif_scale1="0.880639" vif_scale2="0.936513" vif_scale3="0.962149" vmaf="89.789171" />
    <frame frameNum="8" adm2="0.969560" adm_scale0="0.959902" adm_scale1="0.943659" adm_scale2="0.969971" adm_scale3="0.982125" motion2="4.056862" vif_scale0="0.521301" vif_scale1="0.899817" vif_scale2="0.951830" vif_scale3="0.972381" vmaf="91.525526" />
    <frame frameNum="9" adm2="0.965770" adm_scale0="0.959946" adm_scale1="0.939552" adm_scale2="0.963219" adm_scale3="0.979241" motion2="4.056862" vif_scale0="0.511081" vif_scale1="0.882477" vif_scale2="0.940389" vif_scale3="0.964993" vmaf="89.645214" />
    <frame frameNum="10" adm2="0.966264" adm_scale0="0.959868" adm_scale1="0.942097" adm_scale2="0.964662" adm_scale3="0.978480" motion2="6.112095" vif_scale0="0.527939" vif_scale1="0.886319" vif_scale2="0.941667" vif_scale3="0.964333" vmaf="92.110451" />
    <frame frameNum="11" adm2="0.964864" adm_scale0="0.958348" adm_scale1="0.937732" adm_scale2="0.961642" adm_scale3="0.978993" motion2="4.545020" vif_scale0="0.508536" vif_scale1="0.878451" vif_scale2="0.937368" vif_scale3="0.962157" vmaf="89.671789" />
    <frame frameNum="12" adm2="0.969465" adm_scale0="0.957963" adm_scale1="0.945218" adm_scale2="0.968116" adm_scale3="0.982555" motion2="3.989195" vif_scale0="0.518163" vif_scale1="0.894823" vif_scale2="0.947929" vif_scale3="0.969135" vmaf="91.001897" />
    <frame frameNum="13" adm2="0.965395" adm_scale0="0.958651" adm_scale1="0.938199" adm_scale2="0.963688" adm_scale3="0.978602" motion2="3.152309" vif_scale0="0.514998" vif_scale1="0.883332" vif_scale2="0.939397" vif_scale3="0.963221" vmaf="88.315406" />
    <frame frameNum="14" adm2="0.968835" adm_scale0="0.959157" adm_scale1="0.944941" adm_scale2="0.965152" adm_scale3="0.982738" motion2="3.152309" vif_scale0="0.518426" vif_scale1="0.891343" vif_scale2="0.945815" vif_scale3="0.968048" vmaf="89.699905" />
    <frame frameNum="15" adm2="0.966642" adm_scale0="0.958352" adm_scale1="0.940041" adm_scale2="0.965353" adm_scale3="0.979827" motion2="3.406580" vif_scale0="0.513371" vif_scale1="0.885397" vif_scale2="0.941376" vif_scale3="0.965183" vmaf="89.122826" />
    <frame frameNum="16" adm2="0.976358" adm_scale0="0.967326" adm_scale1="0.956319" adm_scale2="0.974960" adm_scale3="0.987022" motion2="4.074044" vif_scale0="0.557945" vif_scale1="0.922733" vif_scale2="0.964990" vif_scale3="0.979958" vmaf="94.176989" />
    <frame frameNum="17" adm2="0.969905" adm_scale0="0.961706" adm_scale1="0.945093" adm_scale2="0.967823" adm_scale3="0.982661" motion2="3.065302" vif_scale0="0.529942" vif_scale1="0.897798" vif_scale2="0.949404" vif_scale3="0.970170" vmaf="90.133983" />
    <frame frameNum="18" adm2="0.969734" adm_scale0="0.960602" adm_scale1="0.943694" adm_scale2="0.966066" adm_scale3="0.984067" motion2="3.065302" vif_scale0="0.528172" vif_scale1="0.896249" vif_scale2="0.949000" vif_scale3="0.969695" vmaf="90.043537" />
    <frame frameNum="19" adm2="0.969419" adm_scale0="0.961802" adm_scale1="0.946106" adm_scale2="0.967827" adm_scale3="0.981623" motion2="3.216635" vif_scale0="0.523616" vif_scale1="0.894549" vif_scale2="0.947738" vif_scale3="0.968696" vmaf="90.028895" />
    <frame frameNum="20" adm2="0.972591" adm_scale0="0.965506" adm_scale1="0.951040" adm_scale2="0.970157" adm_scale3="0.984482" motion2="2.992759" vif_scale0="0.528728" vif_scale1="0.906335" vif_scale2="0.956443" vif_scale3="0.975256" vmaf="91.338147" />
    <frame frameNum="21" adm2="0.969678" adm_scale0="0.962365" adm_scale1="0.945206" adm_scale2="0.968336" adm_scale3="0.981854" motion2="2.992759" vif_scale0="0.517368" vif_scale1="0.894300" vif_scale2="0.948355" vif_scale3="0.969694" vmaf="89.932078" />
    <frame frameNum="22" adm2="0.970145" adm_scale0="0.962465" adm_scale1="0.946286" adm_scale2="0.968221" adm_scale3="0.982462" motion2="3.364288" vif_scale0="0.510794" vif_scale1="0.892243" vif_scale2="0.948030" vif_scale3="0.969822" vmaf="90.476912" />
    <frame frameNum="23" adm2="0.969211" adm_scale0="0.959566" adm_scale1="0.945992" adm_scale2="0.967085" adm_scale3="0.982306" motion2="2.941125" vif_scale0="0.508014" vif_scale1="0.891994" vif_scale2="0.948178" vif_scale3="0.970203" vmaf="89.816193" />
    <frame frameNum="24" adm2="0.973334" adm_scale0="0.966894" adm_scale1="0.952053" adm_scale2="0.970962" adm_scale3="0.984630" motion2="2.941125" vif_scale0="0.521522" vif_scale1="0.901301" vif_scale2="0.954105" vif_scale3="0.973779" vmaf="91.222410" />
    <frame frameNum="25" adm2="0.968993" adm_scale0="0.961153" adm_scale1="0.946108" adm_scale2="0.966443" adm_scale3="0.981620" motion2="2.852221" vif_scale0="0.511747" vif_scale1="0.890332" vif_scale2="0.946623" vif_scale3="0.968776" vmaf="89.478079" />
    <frame frameNum="26" adm2="0.971827" adm_scale0="0.963895" adm_scale1="0.951080" adm_scale2="0.968746" adm_scale3="0.983964" motion2="2.776766" vif_scale0="0.517761" vif_scale1="0.895519" vif_scale2="0.949715" vif_scale3="0.970503" vmaf="90.256559" />
    <frame frameNum="27" adm2="0.969260" adm_scale0="0.960972" adm_scale1="0.947258" adm_scale2="0.966517" adm_scale3="0.982013" motion2="2.509950" vif_scale0="0.510231" vif_scale1="0.888800" vif_scale2="0.945740" vif_scale3="0.968050" vmaf="89.034093" />
    <frame frameNum="28" adm2="0.972183" adm_scale0="0.964994" adm_scale1="0.949786" adm_scale2="0.970518" adm_scale3="0.983838" motion2="2.509950" vif_scale0="0.520139" vif_scale1="0.900038" vif_scale2="0.953302" vif_scale3="0.973138" vmaf="90.375044" />
    <frame frameNum="29" adm2="0.968944" adm_scale0="0.961109" adm_scale1="0.946657" adm_scale2="0.966835" adm_scale3="0.981245" motion2="2.816446" vif_scale0="0.513989" vif_scale1="0.890092" vif_scale2="0.945922" vif_scale3="0.968124" vmaf="89.340276" />
    <frame frameNum="30" adm2="0.970534" adm_scale0="0.963533" adm_scale1="0.948236" adm_scale2="0.967907" adm_scale3="0.982708" motion2="2.816446" vif_scale0="0.518496" vif_scale1="0.892891" vif_scale2="0.948037" vif_scale3="0.969241" vmaf="89.852660" />
    <frame frameNum="31" adm2="0.969012" adm_scale0="0.960837" adm_scale1="0.945484" adm_scale2="0.967262" adm_scale3="0.981849" motion2="2.870256" vif_scale0="0.509465" vif_scale1="0.891340" vif_scale2="0.947241" vif_scale3="0.969336" vmaf="89.578630" />
    <frame frameNum="32" adm2="0.976844" adm_scale0="0.966737" adm_scale1="0.957042" adm_scale2="0.976400" adm_scale3="0.987538" motion2="2.870256" vif_scale0="0.544010" vif_scale1="0.917854" vif_scale2="0.963997" vif_scale3="0.979850" vmaf="92.793096" />
    <frame frameNum="33" adm2="0.969666" adm_scale0="0.962040" adm_scale1="0.945886" adm_scale2="0.967899" adm_scale3="0.981951" motion2="4.198459" vif_scale0="0.514542" vif_scale1="0.889370" vif_scale2="0.945673" vif_scale3="0.968394" vmaf="91.135083" />
    <frame frameNum="34" adm2="0.969685" adm_scale0="0.962458" adm_scale1="0.945321" adm_scale2="0.967640" adm_scale3="0.982159" motion2="4.198459" vif_scale0="0.514243" vif_scale1="0.890090" vif_scale2="0.946922" vif_scale3="0.969153" vmaf="91.252633" />
    <frame frameNum="35" adm2="0.965717" adm_scale0="0.960329" adm_scale1="0.940131" adm_scale2="0.961454" adm_scale3="0.979449" motion2="5.916987" vif_scale0="0.510142" vif_scale1="0.879164" vif_scale2="0.939606" vif_scale3="0.963851" vmaf="91.652934" />
    <frame frameNum="36" adm2="0.969826" adm_scale0="0.963296" adm_scale1="0.946599" adm_scale2="0.966458" adm_scale3="0.981939" motion2="6.934131" vif_scale0="0.545734" vif_scale1="0.894082" vif_scale2="0.948001" vif_scale3="0.969743" vmaf="94.502664" />
    <frame frameNum="37" adm2="0.965765" adm_scale0="0.961554" adm_scale1="0.937962" adm_scale2="0.960734" adm_scale3="0.979894" motion2="7.691448" vif_scale0="0.532921" vif_scale1="0.878422" vif_scale2="0.937857" vif_scale3="0.963166" vmaf="93.517030" />
    <frame frameNum="38" adm2="0.965511" adm_scale0="0.963022" adm_scale1="0.939110" adm_scale2="0.960167" adm_scale3="0.978697" motion2="8.290002" vif_scale0="0.549547" vif_scale1="0.883412" vif_scale2="0.938559" vif_scale3="0.963458" vmaf="94.182038" />
    <frame frameNum="39" adm2="0.963686" adm_scale0="0.962440" adm_scale1="0.938048" adm_scale2="0.956180" adm_scale3="0.977178" motion2="9.201682" vif_scale0="0.551083" vif_scale1="0.882493" vif_scale2="0.935907" vif_scale3="0.960352" vmaf="94.430917" />
    <frame frameNum="40" adm2="0.960753" adm_scale0="0.958831" adm_scale1="0.931650" adm_scale2="0.955933" adm_scale3="0.973875" motion2="9.585089" vif_scale0="0.555719" vif_scale1="0.889629" vif_scale2="0.941874" vif_scale3="0.965992" vmaf="94.915732" />
    <frame frameNum="41" adm2="0.962884" adm_scale0="0.961835" adm_scale1="0.936877" adm_scale2="0.956283" adm_scale3="0.975677" motion2="9.823271" vif_scale0="0.550591" vif_scale1="0.882824" vif_scale2="0.937335" vif_scale3="0.962408" vmaf="95.146456" />
    <frame frameNum="42" adm2="0.965788" adm_scale0="0.966816" adm_scale1="0.941038" adm_scale2="0.957218" adm_scale3="0.978980" motion2="9.695138" vif_scale0="0.546961" vif_scale1="0.883582" vif_scale2="0.938296" vif_scale3="0.963241" vmaf="95.736442" />
    <frame frameNum="43" adm2="0.961266" adm_scale0="0.961225" adm_scale1="0.935510" adm_scale2="0.955142" adm_scale3="0.973702" motion2="9.695138" vif_scale0="0.543130" vif_scale1="0.880798" vif_scale2="0.935685" vif_scale3="0.961516" vmaf="94.516941" />
    <frame frameNum="44" adm2="0.965416" adm_scale0="0.963460" adm_scale1="0.939368" adm_scale2="0.957535" adm_scale3="0.979522" motion2="9.964064" vif_scale0="0.554760" vif_scale1="0.890735" vif_scale2="0.942866" vif_scale3="0.966721" vmaf="96.422162" />
    <frame frameNum="45" adm2="0.959498" adm_scale0="0.959243" adm_scale1="0.931756" adm_scale2="0.950526" adm_scale3="0.974360" motion2="9.690370" vif_scale0="0.548160" vif_scale1="0.880883" vif_scale2="0.935488" vif_scale3="0.961119" vmaf="94.097194" />
    <frame frameNum="46" adm2="0.962255" adm_scale0="0.962758" adm_scale1="0.932836" adm_scale2="0.954899" adm_scale3="0.976381" motion2="9.690370" vif_scale0="0.564013" vif_scale1="0.894226" vif_scale2="0.942823" vif_scale3="0.965776" vmaf="95.386803" />
    <frame frameNum="47" adm2="0.959241" adm_scale0="0.961714" adm_scale1="0.930816" adm_scale2="0.949743" adm_scale3="0.973230" motion2="9.335769" vif_scale0="0.566301" vif_scale1="0.892328" vif_scale2="0.940313" vif_scale3="0.962816" vmaf="94.018598" />
    <frame frameNum="48" adm2="0.974487" adm_scale0="0.968482" adm_scale1="0.950795" adm_scale2="0.970337" adm_scale3="0.986196" motion2="9.335769" vif_scale0="0.610362" vif_scale1="0.932170" vif_scale2="0.966575" vif_scale3="0.980461" vmaf="99.940555" />
    <frame frameNum="49" adm2="0.964516" adm_scale0="0.965391" adm_scale1="0.934917" adm_scale2="0.957899" adm_scale3="0.977703" motion2="9.337810" vif_scale0="0.573530" vif_scale1="0.899775" vif_scale2="0.945547" vif_scale3="0.966229" vmaf="95.658457" />
    <frame frameNum="50" adm2="0.963711" adm_scale0="0.964251" adm_scale1="0.938691" adm_scale2="0.956163" adm_scale3="0.975719" motion2="9.054583" vif_scale0="0.562456" vif_scale1="0.889070" vif_scale2="0.939222" vif_scale3="0.962985" vmaf="94.634791" />
    <frame frameNum="51" adm2="0.966206" adm_scale0="0.964340" adm_scale1="0.939405" adm_scale2="0.959371" adm_scale3="0.979107" motion2="9.041745" vif_scale0="0.557711" vif_scale1="0.889834" vif_scale2="0.940862" vif_scale3="0.964074" vmaf="95.309150" />
    <frame frameNum="52" adm2="0.969717" adm_scale0="0.966375" adm_scale1="0.944548" adm_scale2="0.966663" adm_scale3="0.980793" motion2="8.486893" vif_scale0="0.565964" vif_scale1="0.896334" vif_scale2="0.946533" vif_scale3="0.968630" vmaf="96.068113" />
    <frame frameNum="53" adm2="0.966429" adm_scale0="0.963666" adm_scale1="0.940276" adm_scale2="0.960537" adm_scale3="0.979764" motion2="7.573438" vif_scale0="0.537076" vif_scale1="0.877478" vif_scale2="0.936310" vif_scale3="0.962271" vmaf="93.392881" />
    <frame frameNum="54" adm2="0.969259" adm_scale0="0.966632" adm_scale1="0.946640" adm_scale2="0.963691" adm_scale3="0.981380" motion2="7.007406" vif_scale0="0.532408" vif_scale1="0.876602" vif_scale2="0.937578" vif_scale3="0.963657" vmaf="93.529753" />
    <frame frameNum="55" adm2="0.966554" adm_scale0="0.961045" adm_scale1="0.942221" adm_scale2="0.964708" adm_scale3="0.978257" motion2="6.151161" vif_scale0="0.510763" vif_scale1="0.863351" vif_scale2="0.931695" vif_scale3="0.961300" vmaf="91.560098" />
    <frame frameNum="56" adm2="0.972361" adm_scale0="0.968646" adm_scale1="0.948707" adm_scale2="0.967663" adm_scale3="0.984638" motion2="6.116088" vif_scale0="0.508480" vif_scale1="0.873251" vif_scale2="0.942028" vif_scale3="0.968884" vmaf="93.795084" />
    <frame frameNum="57" adm2="0.967794" adm_scale0="0.962556" adm_scale1="0.943383" adm_scale2="0.963812" adm_scale3="0.980641" motion2="6.116088" vif_scale0="0.508114" vif_scale1="0.865952" vif_scale2="0.935436" vif_scale3="0.963804" vmaf="92.139373" />
    <frame frameNum="58" adm2="0.969162" adm_scale0="0.963441" adm_scale1="0.945904" adm_scale2="0.965098" adm_scale3="0.981834" motion2="7.095902" vif_scale0="0.522913" vif_scale1="0.872936" vif_scale2="0.937911" vif_scale3="0.964727" vmaf="93.705158" />
    <frame frameNum="59" adm2="0.967846" adm_scale0="0.962247" adm_scale1="0.940449" adm_scale2="0.963866" adm_scale3="0.981331" motion2="7.340748" vif_scale0="0.518687" vif_scale1="0.870439" vif_scale2="0.935157" vif_scale3="0.962383" vmaf="93.396657" />
    <frame frameNum="60" adm2="0.970786" adm_scale0="0.965578" adm_scale1="0.947388" adm_scale2="0.967880" adm_scale3="0.982464" motion2="7.373094" vif_scale0="0.537538" vif_scale1="0.884294" vif_scale2="0.943582" vif_scale3="0.968257" vmaf="94.886353" />
    <frame frameNum="61" adm2="0.967877" adm_scale0="0.960138" adm_scale1="0.940145" adm_scale2="0.963135" adm_scale3="0.981868" motion2="7.932577" vif_scale0="0.526796" vif_scale1="0.873718" vif_scale2="0.936853" vif_scale3="0.963377" vmaf="94.206832" />
    <frame frameNum="62" adm2="0.968929" adm_scale0="0.963163" adm_scale1="0.943132" adm_scale2="0.965679" adm_scale3="0.981387" motion2="8.347490" vif_scale0="0.526127" vif_scale1="0.873057" vif_scale2="0.937005" vif_scale3="0.963630" vmaf="94.912611" />
    <frame frameNum="63" adm2="0.965564" adm_scale0="0.957209" adm_scale1="0.933809" adm_scale2="0.960948" adm_scale3="0.981098" motion2="8.881413" vif_scale0="0.526398" vif_scale1="0.873461" vif_scale2="0.937301" vif_scale3="0.963672" vmaf="94.786363" />
    <frame frameNum="64" adm2="0.969551" adm_scale0="0.956165" adm_scale1="0.938468" adm_scale2="0.966476" adm_scale3="0.985428" motion2="9.587723" vif_scale0="0.536295" vif_scale1="0.890311" vif_scale2="0.949865" vif_scale3="0.972212" vmaf="97.621500" />
    <frame frameNum="65" adm2="0.965306" adm_scale0="0.959506" adm_scale1="0.929913" adm_scale2="0.961112" adm_scale3="0.981343" motion2="10.133101" vif_scale0="0.511715" vif_scale1="0.864052" vif_scale2="0.932928" vif_scale3="0.961183" vmaf="95.672019" />
    <frame frameNum="66" adm2="0.965132" adm_scale0="0.959401" adm_scale1="0.929010" adm_scale2="0.961991" adm_scale3="0.980356" motion2="10.653828" vif_scale0="0.521445" vif_scale1="0.870594" vif_scale2="0.936285" vif_scale3="0.963523" vmaf="96.510304" />
    <frame frameNum="67" adm2="0.965061" adm_scale0="0.959824" adm_scale1="0.931850" adm_scale2="0.961925" adm_scale3="0.979725" motion2="11.115594" vif_scale0="0.530784" vif_scale1="0.871721" vif_scale2="0.934205" vif_scale3="0.961179" vmaf="96.713525" />
    <frame frameNum="68" adm2="0.968493" adm_scale0="0.960064" adm_scale1="0.936717" adm_scale2="0.964898" adm_scale3="0.983023" motion2="11.631356" vif_scale0="0.532350" vif_scale1="0.877778" vif_scale2="0.939995" vif_scale3="0.965769" vmaf="98.582709" />
    <frame frameNum="69" adm2="0.964481" adm_scale0="0.960181" adm_scale1="0.931012" adm_scale2="0.961515" adm_scale3="0.978669" motion2="11.631356" vif_scale0="0.543385" vif_scale1="0.878480" vif_scale2="0.936887" vif_scale3="0.962508" vmaf="97.354552" />
    <frame frameNum="70" adm2="0.964345" adm_scale0="0.958512" adm_scale1="0.928815" adm_scale2="0.959912" adm_scale3="0.979514" motion2="12.472349" vif_scale0="0.550342" vif_scale1="0.885124" vif_scale2="0.940405" vif_scale3="0.964547" vmaf="98.500200" />
    <frame frameNum="71" adm2="0.962096" adm_scale0="0.958272" adm_scale1="0.926988" adm_scale2="0.955432" adm_scale3="0.977329" motion2="12.472349" vif_scale0="0.554929" vif_scale1="0.885019" vif_scale2="0.938680" vif_scale3="0.962928" vmaf="97.827769" />
    <frame frameNum="72" adm2="0.960891" adm_scale0="0.955530" adm_scale1="0.924160" adm_scale2="0.956476" adm_scale3="0.977032" motion2="13.029011" vif_scale0="0.551711" vif_scale1="0.889883" vif_scale2="0.943282" vif_scale3="0.966436" vmaf="98.590831" />
    <frame frameNum="73" adm2="0.962140" adm_scale0="0.958510" adm_scale1="0.929673" adm_scale2="0.954840" adm_scale3="0.977778" motion2="12.860599" vif_scale0="0.544276" vif_scale1="0.881163" vif_scale2="0.937856" vif_scale3="0.962799" vmaf="98.157841" />
    <frame frameNum="74" adm2="0.965385" adm_scale0="0.963298" adm_scale1="0.933585" adm_scale2="0.959868" adm_scale3="0.979569" motion2="12.854736" vif_scale0="0.545250" vif_scale1="0.883803" vif_scale2="0.939873" vif_scale3="0.964132" vmaf="99.039176" />
    <frame frameNum="75" adm2="0.964863" adm_scale0="0.960111" adm_scale1="0.932460" adm_scale2="0.958907" adm_scale3="0.979594" motion2="12.854736" vif_scale0="0.548345" vif_scale1="0.884042" vif_scale2="0.938953" vif_scale3="0.963647" vmaf="98.857096" />
    <frame frameNum="76" adm2="0.969372" adm_scale0="0.966732" adm_scale1="0.936483" adm_scale2="0.962853" adm_scale3="0.983666" motion2="13.063421" vif_scale0="0.559178" vif_scale1="0.896045" vif_scale2="0.947476" vif_scale3="0.969121" vmaf="100.853038" />
    <frame frameNum="77" adm2="0.965638" adm_scale0="0.963074" adm_scale1="0.937473" adm_scale2="0.957449" adm_scale3="0.979541" motion2="12.974502" vif_scale0="0.551007" vif_scale1="0.885377" vif_scale2="0.938934" vif_scale3="0.963113" vmaf="99.106208" />
    <frame frameNum="78" adm2="0.966363" adm_scale0="0.961445" adm_scale1="0.934314" adm_scale2="0.959956" adm_scale3="0.981444" motion2="12.800354" vif_scale0="0.556423" vif_scale1="0.890297" vif_scale2="0.941964" vif_scale3="0.964822" vmaf="99.365169" />
    <frame frameNum="79" adm2="0.963536" adm_scale0="0.959241" adm_scale1="0.927117" adm_scale2="0.955836" adm_scale3="0.980490" motion2="12.800354" vif_scale0="0.551848" vif_scale1="0.884404" vif_scale2="0.937474" vif_scale3="0.961226" vmaf="98.275951" />
    <frame frameNum="80" adm2="0.974424" adm_scale0="0.964864" adm_scale1="0.944760" adm_scale2="0.972136" adm_scale3="0.987167" motion2="12.288285" vif_scale0="0.587757" vif_scale1="0.924537" vif_scale2="0.964217" vif_scale3="0.979233" vmaf="102.791234" />
    <frame frameNum="81" adm2="0.964070" adm_scale0="0.958685" adm_scale1="0.930556" adm_scale2="0.957333" adm_scale3="0.980216" motion2="12.156039" vif_scale0="0.553940" vif_scale1="0.892089" vif_scale2="0.944195" vif_scale3="0.966615" vmaf="98.458042" />
    <frame frameNum="82" adm2="0.962418" adm_scale0="0.956428" adm_scale1="0.923746" adm_scale2="0.957230" adm_scale3="0.979412" motion2="11.749644" vif_scale0="0.559208" vif_scale1="0.892755" vif_scale2="0.943543" vif_scale3="0.966181" vmaf="97.637592" />
    <frame frameNum="83" adm2="0.961430" adm_scale0="0.958231" adm_scale1="0.923684" adm_scale2="0.955630" adm_scale3="0.978124" motion2="11.213417" vif_scale0="0.551479" vif_scale1="0.887707" vif_scale2="0.941577" vif_scale3="0.965039" vmaf="96.684835" />
    <frame frameNum="84" adm2="0.966770" adm_scale0="0.960435" adm_scale1="0.933797" adm_scale2="0.963112" adm_scale3="0.981225" motion2="11.213417" vif_scale0="0.561623" vif_scale1="0.896555" vif_scale2="0.947506" vif_scale3="0.969101" vmaf="98.424755" />
    <frame frameNum="85" adm2="0.963529" adm_scale0="0.959132" adm_scale1="0.926016" adm_scale2="0.955248" adm_scale3="0.981115" motion2="10.529059" vif_scale0="0.545657" vif_scale1="0.884916" vif_scale2="0.939489" vif_scale3="0.963407" vmaf="96.197730" />
    <frame frameNum="86" adm2="0.965627" adm_scale0="0.959654" adm_scale1="0.932314" adm_scale2="0.958291" adm_scale3="0.981976" motion2="9.761002" vif_scale0="0.548871" vif_scale1="0.888328" vif_scale2="0.942830" vif_scale3="0.966077" vmaf="96.191190" />
    <frame frameNum="87" adm2="0.964423" adm_scale0="0.959824" adm_scale1="0.929944" adm_scale2="0.958434" adm_scale3="0.980141" motion2="9.214196" vif_scale0="0.545495" vif_scale1="0.883719" vif_scale2="0.939042" vif_scale3="0.963160" vmaf="94.951005" />
    <frame frameNum="88" adm2="0.968103" adm_scale0="0.960083" adm_scale1="0.936807" adm_scale2="0.963435" adm_scale3="0.983709" motion2="8.763312" vif_scale0="0.547264" vif_scale1="0.895891" vif_scale2="0.948795" vif_scale3="0.970245" vmaf="96.236058" />
    <frame frameNum="89" adm2="0.964047" adm_scale0="0.958284" adm_scale1="0.930439" adm_scale2="0.958845" adm_scale3="0.980136" motion2="8.763312" vif_scale0="0.541074" vif_scale1="0.885755" vif_scale2="0.941274" vif_scale3="0.965073" vmaf="94.625347" />
    <frame frameNum="90" adm2="0.965939" adm_scale0="0.961017" adm_scale1="0.933409" adm_scale2="0.962503" adm_scale3="0.980520" motion2="8.124693" vif_scale0="0.544767" vif_scale1="0.889554" vif_scale2="0.943962" vif_scale3="0.967223" vmaf="94.619802" />
    <frame frameNum="91" adm2="0.966451" adm_scale0="0.958188" adm_scale1="0.929301" adm_scale2="0.961105" adm_scale3="0.983112" motion2="8.066119" vif_scale0="0.534363" vif_scale1="0.883360" vif_scale2="0.940277" vif_scale3="0.964524" vmaf="94.289841" />
    <frame frameNum="92" adm2="0.968707" adm_scale0="0.962541" adm_scale1="0.938694" adm_scale2="0.965693" adm_scale3="0.982776" motion2="7.910059" vif_scale0="0.542452" vif_scale1="0.893524" vif_scale2="0.947663" vif_scale3="0.968635" vmaf="95.249884" />
    <frame frameNum="93" adm2="0.966010" adm_scale0="0.958000" adm_scale1="0.929150" adm_scale2="0.963207" adm_scale3="0.982338" motion2="7.162950" vif_scale0="0.522305" vif_scale1="0.881786" vif_scale2="0.940521" vif_scale3="0.964795" vmaf="93.225618" />
    <frame frameNum="94" adm2="0.969240" adm_scale0="0.962463" adm_scale1="0.941776" adm_scale2="0.964912" adm_scale3="0.982844" motion2="6.881777" vif_scale0="0.526868" vif_scale1="0.884493" vif_scale2="0.942324" vif_scale3="0.965949" vmaf="93.772070" />
    <frame frameNum="95" adm2="0.968293" adm_scale0="0.958574" adm_scale1="0.937807" adm_scale2="0.963310" adm_scale3="0.984200" motion2="6.881777" vif_scale0="0.515629" vif_scale1="0.881480" vif_scale2="0.941388" vif_scale3="0.965647" vmaf="93.506315" />
    <frame frameNum="96" adm2="0.975002" adm_scale0="0.965179" adm_scale1="0.952015" adm_scale2="0.972706" adm_scale3="0.987207" motion2="6.838077" vif_scale0="0.546430" vif_scale1="0.906300" vif_scale2="0.956258" vif_scale3="0.975198" vmaf="96.311409" />
    <frame frameNum="97" adm2="0.968121" adm_scale0="0.960657" adm_scale1="0.937438" adm_scale2="0.965249" adm_scale3="0.982580" motion2="6.494508" vif_scale0="0.530842" vif_scale1="0.885357" vif_scale2="0.942438" vif_scale3="0.966404" vmaf="93.135469" />
    <frame frameNum="98" adm2="0.969999" adm_scale0="0.961288" adm_scale1="0.941599" adm_scale2="0.967314" adm_scale3="0.983928" motion2="6.203431" vif_scale0="0.535568" vif_scale1="0.888140" vif_scale2="0.943538" vif_scale3="0.966310" vmaf="93.248433" />
    <frame frameNum="99" adm2="0.968899" adm_scale0="0.961017" adm_scale1="0.937614" adm_scale2="0.966251" adm_scale3="0.983161" motion2="6.203431" vif_scale0="0.534078" vif_scale1="0.886033" vif_scale2="0.941901" vif_scale3="0.965055" vmaf="92.843102" />
    <frame frameNum="100" adm2="0.971796" adm_scale0="0.965260" adm_scale1="0.946991" adm_scale2="0.967758" adm_scale3="0.984518" motion2="6.836185" vif_scale0="0.530331" vif_scale1="0.889242" vif_scale2="0.945139" vif_scale3="0.968214" vmaf="94.571091" />
    <frame frameNum="101" adm2="0.968259" adm_scale0="0.962550" adm_scale1="0.933556" adm_scale2="0.965386" adm_scale3="0.983487" motion2="7.031013" vif_scale0="0.527744" vif_scale1="0.883243" vif_scale2="0.940762" vif_scale3="0.964656" vmaf="93.560197" />
    <frame frameNum="102" adm2="0.970064" adm_scale0="0.966208" adm_scale1="0.942798" adm_scale2="0.967072" adm_scale3="0.982948" motion2="7.301840" vif_scale0="0.543422" vif_scale1="0.890483" vif_scale2="0.943757" vif_scale3="0.966086" vmaf="94.495376" />
    <frame frameNum="103" adm2="0.969343" adm_scale0="0.962471" adm_scale1="0.942095" adm_scale2="0.964331" adm_scale3="0.983454" motion2="7.677040" vif_scale0="0.541572" vif_scale1="0.885793" vif_scale2="0.939864" vif_scale3="0.963551" vmaf="94.390647" />
    <frame frameNum="104" adm2="0.972819" adm_scale0="0.967050" adm_scale1="0.950052" adm_scale2="0.969090" adm_scale3="0.984779" motion2="8.242241" vif_scale0="0.561356" vif_scale1="0.899150" vif_scale2="0.948453" vif_scale3="0.969118" vmaf="96.588791" />
    <frame frameNum="105" adm2="0.969598" adm_scale0="0.963227" adm_scale1="0.941357" adm_scale2="0.966497" adm_scale3="0.983459" motion2="8.252743" vif_scale0="0.546552" vif_scale1="0.888693" vif_scale2="0.941948" vif_scale3="0.964016" vmaf="95.210488" />
    <frame frameNum="106" adm2="0.970745" adm_scale0="0.964631" adm_scale1="0.948748" adm_scale2="0.967462" adm_scale3="0.982798" motion2="8.197223" vif_scale0="0.559907" vif_scale1="0.894150" vif_scale2="0.944009" vif_scale3="0.964969" vmaf="95.569650" />
    <frame frameNum="107" adm2="0.972453" adm_scale0="0.966223" adm_scale1="0.947823" adm_scale2="0.967026" adm_scale3="0.985594" motion2="8.151590" vif_scale0="0.568651" vif_scale1="0.896157" vif_scale2="0.944112" vif_scale3="0.965497" vmaf="95.939315" />
    <frame frameNum="108" adm2="0.974995" adm_scale0="0.967374" adm_scale1="0.950128" adm_scale2="0.972726" adm_scale3="0.987468" motion2="8.151590" vif_scale0="0.565571" vif_scale1="0.901742" vif_scale2="0.949615" vif_scale3="0.969164" vmaf="97.017244" />
    <frame frameNum="109" adm2="0.971555" adm_scale0="0.965285" adm_scale1="0.948159" adm_scale2="0.967790" adm_scale3="0.984260" motion2="8.173396" vif_scale0="0.567234" vif_scale1="0.896161" vif_scale2="0.944965" vif_scale3="0.966695" vmaf="95.899428" />
    <frame frameNum="110" adm2="0.972980" adm_scale0="0.968840" adm_scale1="0.951371" adm_scale2="0.969403" adm_scale3="0.984150" motion2="7.728574" vif_scale0="0.571101" vif_scale1="0.901213" vif_scale2="0.948787" vif_scale3="0.968602" vmaf="96.032457" />
    <frame frameNum="111" adm2="0.973511" adm_scale0="0.969673" adm_scale1="0.951050" adm_scale2="0.968315" adm_scale3="0.985907" motion2="7.173264" vif_scale0="0.568566" vif_scale1="0.899480" vif_scale2="0.947464" vif_scale3="0.968152" vmaf="95.426821" />
    <frame frameNum="112" adm2="0.979704" adm_scale0="0.974679" adm_scale1="0.962719" adm_scale2="0.978202" adm_scale3="0.988940" motion2="6.855636" vif_scale0="0.602515" vif_scale1="0.928095" vif_scale2="0.965005" vif_scale3="0.979166" vmaf="98.096803" />
    <frame frameNum="113" adm2="0.972751" adm_scale0="0.966171" adm_scale1="0.950142" adm_scale2="0.968837" adm_scale3="0.985582" motion2="6.519027" vif_scale0="0.567123" vif_scale1="0.901423" vif_scale2="0.948966" vif_scale3="0.969329" vmaf="94.678268" />
    <frame frameNum="114" adm2="0.972568" adm_scale0="0.964693" adm_scale1="0.951723" adm_scale2="0.970723" adm_scale3="0.983760" motion2="6.067085" vif_scale0="0.554600" vif_scale1="0.895963" vif_scale2="0.946355" vif_scale3="0.967982" vmaf="93.898137" />
    <frame frameNum="115" adm2="0.972779" adm_scale0="0.966640" adm_scale1="0.949455" adm_scale2="0.970289" adm_scale3="0.984456" motion2="5.705991" vif_scale0="0.573602" vif_scale1="0.900896" vif_scale2="0.947862" vif_scale3="0.968943" vmaf="93.667089" />
    <frame frameNum="116" adm2="0.976396" adm_scale0="0.970780" adm_scale1="0.955432" adm_scale2="0.974002" adm_scale3="0.987276" motion2="5.386418" vif_scale0="0.570009" vif_scale1="0.905937" vif_scale2="0.952376" vif_scale3="0.972244" vmaf="94.537166" />
    <frame frameNum="117" adm2="0.974014" adm_scale0="0.967153" adm_scale1="0.954500" adm_scale2="0.969338" adm_scale3="0.986155" motion2="5.075470" vif_scale0="0.563698" vif_scale1="0.898309" vif_scale2="0.947336" vif_scale3="0.968922" vmaf="93.174096" />
    <frame frameNum="118" adm2="0.974680" adm_scale0="0.967502" adm_scale1="0.956102" adm_scale2="0.969025" adm_scale3="0.986651" motion2="4.830062" vif_scale0="0.556321" vif_scale1="0.898661" vif_scale2="0.948206" vif_scale3="0.969369" vmaf="93.107160" />
    <frame frameNum="119" adm2="0.974467" adm_scale0="0.967272" adm_scale1="0.951762" adm_scale2="0.970979" adm_scale3="0.986778" motion2="4.830062" vif_scale0="0.548028" vif_scale1="0.892640" vif_scale2="0.945371" vif_scale3="0.968233" vmaf="92.849370" />
    <frame frameNum="120" adm2="0.975551" adm_scale0="0.966522" adm_scale1="0.955930" adm_scale2="0.974462" adm_scale3="0.985894" motion2="4.543947" vif_scale0="0.565234" vif_scale1="0.906483" vif_scale2="0.952512" vif_scale3="0.971463" vmaf="93.312652" />
    <frame frameNum="121" adm2="0.973653" adm_scale0="0.966176" adm_scale1="0.949895" adm_scale2="0.971109" adm_scale3="0.986270" motion2="4.543947" vif_scale0="0.541492" vif_scale1="0.893185" vif_scale2="0.946563" vif_scale3="0.968789" vmaf="92.439490" />
    <frame frameNum="122" adm2="0.974575" adm_scale0="0.968528" adm_scale1="0.953933" adm_scale2="0.970705" adm_scale3="0.986340" motion2="4.681951" vif_scale0="0.550722" vif_scale1="0.898274" vif_scale2="0.948949" vif_scale3="0.969337" vmaf="92.943174" />
    <frame frameNum="123" adm2="0.973375" adm_scale0="0.968589" adm_scale1="0.951858" adm_scale2="0.970089" adm_scale3="0.984875" motion2="4.436007" vif_scale0="0.543752" vif_scale1="0.893416" vif_scale2="0.945895" vif_scale3="0.967661" vmaf="92.134240" />
    <frame frameNum="124" adm2="0.976016" adm_scale0="0.970263" adm_scale1="0.956089" adm_scale2="0.972118" adm_scale3="0.987499" motion2="4.410894" vif_scale0="0.548409" vif_scale1="0.902235" vif_scale2="0.952067" vif_scale3="0.971739" vmaf="93.264411" />
    <frame frameNum="125" adm2="0.974279" adm_scale0="0.968133" adm_scale1="0.953575" adm_scale2="0.970551" adm_scale3="0.985859" motion2="4.410894" vif_scale0="0.553235" vif_scale1="0.897193" vif_scale2="0.947912" vif_scale3="0.969112" vmaf="92.495167" />
    <frame frameNum="126" adm2="0.974503" adm_scale0="0.969334" adm_scale1="0.952665" adm_scale2="0.969658" adm_scale3="0.986744" motion2="4.462180" vif_scale0="0.558469" vif_scale1="0.901115" vif_scale2="0.950078" vif_scale3="0.970173" vmaf="92.780943" />
    <frame frameNum="127" adm2="0.973559" adm_scale0="0.968642" adm_scale1="0.952256" adm_scale2="0.969210" adm_scale3="0.985420" motion2="4.368739" vif_scale0="0.547694" vif_scale1="0.897634" vif_scale2="0.948881" vif_scale3="0.969715" vmaf="92.384830" />
    <frame frameNum="128" adm2="0.979557" adm_scale0="0.970743" adm_scale1="0.963091" adm_scale2="0.978211" adm_scale3="0.989160" motion2="4.368739" vif_scale0="0.574933" vif_scale1="0.915804" vif_scale2="0.959318" vif_scale3="0.976364" vmaf="94.659982" />
    <frame frameNum="129" adm2="0.974655" adm_scale0="0.968964" adm_scale1="0.953376" adm_scale2="0.972925" adm_scale3="0.984888" motion2="4.662647" vif_scale0="0.565752" vif_scale1="0.900382" vif_scale2="0.948051" vif_scale3="0.968071" vmaf="92.791914" />
    <frame frameNum="130" adm2="0.974957" adm_scale0="0.968268" adm_scale1="0.954996" adm_scale2="0.972435" adm_scale3="0.985929" motion2="4.662647" vif_scale0="0.553217" vif_scale1="0.898849" vif_scale2="0.949149" vif_scale3="0.969427" vmaf="93.017316" />
    <frame frameNum="131" adm2="0.973068" adm_scale0="0.966731" adm_scale1="0.950108" adm_scale2="0.968882" adm_scale3="0.985453" motion2="4.836417" vif_scale0="0.545149" vif_scale1="0.892679" vif_scale2="0.945272" vif_scale3="0.967110" vmaf="92.465727" />
    <frame frameNum="132" adm2="0.976406" adm_scale0="0.970971" adm_scale1="0.956254" adm_scale2="0.973929" adm_scale3="0.986900" motion2="5.031696" vif_scale0="0.566352" vif_scale1="0.904125" vif_scale2="0.952289" vif_scale3="0.971952" vmaf="94.095830" />
    <frame frameNum="133" adm2="0.972434" adm_scale0="0.965177" adm_scale1="0.949407" adm_scale2="0.971218" adm_scale3="0.983788" motion2="5.123641" vif_scale0="0.537719" vif_scale1="0.890635" vif_scale2="0.945511" vif_scale3="0.968032" vmaf="92.750012" />
    <frame frameNum="134" adm2="0.973206" adm_scale0="0.965751" adm_scale1="0.950135" adm_scale2="0.971023" adm_scale3="0.984890" motion2="5.137451" vif_scale0="0.543985" vif_scale1="0.894930" vif_scale2="0.948255" vif_scale3="0.969997" vmaf="93.203928" />
    <frame frameNum="135" adm2="0.973715" adm_scale0="0.966916" adm_scale1="0.950319" adm_scale2="0.971584" adm_scale3="0.985429" motion2="5.556020" vif_scale0="0.555390" vif_scale1="0.894848" vif_scale2="0.947115" vif_scale3="0.968568" vmaf="93.631780" />
    <frame frameNum="136" adm2="0.973808" adm_scale0="0.964497" adm_scale1="0.948612" adm_scale2="0.972852" adm_scale3="0.985606" motion2="5.698411" vif_scale0="0.567164" vif_scale1="0.902977" vif_scale2="0.950948" vif_scale3="0.970997" vmaf="94.178899" />
    <frame frameNum="137" adm2="0.973310" adm_scale0="0.966451" adm_scale1="0.952826" adm_scale2="0.970750" adm_scale3="0.983934" motion2="5.907775" vif_scale0="0.562913" vif_scale1="0.896443" vif_scale2="0.946860" vif_scale3="0.968236" vmaf="93.913801" />
    <frame frameNum="138" adm2="0.971789" adm_scale0="0.964184" adm_scale1="0.943560" adm_scale2="0.969978" adm_scale3="0.984576" motion2="6.206720" vif_scale0="0.539720" vif_scale1="0.892087" vif_scale2="0.946442" vif_scale3="0.968770" vmaf="93.956080" />
    <frame frameNum="139" adm2="0.971134" adm_scale0="0.964312" adm_scale1="0.943471" adm_scale2="0.969827" adm_scale3="0.983362" motion2="6.419833" vif_scale0="0.550592" vif_scale1="0.894119" vif_scale2="0.946358" vif_scale3="0.968324" vmaf="94.018778" />
    <frame frameNum="140" adm2="0.973189" adm_scale0="0.964329" adm_scale1="0.944188" adm_scale2="0.970921" adm_scale3="0.986245" motion2="6.691042" vif_scale0="0.558945" vif_scale1="0.901536" vif_scale2="0.951420" vif_scale3="0.971341" vmaf="95.232925" />
    <frame frameNum="141" adm2="0.972988" adm_scale0="0.966658" adm_scale1="0.944466" adm_scale2="0.970543" adm_scale3="0.985893" motion2="7.202104" vif_scale0="0.570347" vif_scale1="0.900461" vif_scale2="0.948543" vif_scale3="0.968407" vmaf="95.414447" />
    <frame frameNum="142" adm2="0.972090" adm_scale0="0.965626" adm_scale1="0.946989" adm_scale2="0.967128" adm_scale3="0.985426" motion2="7.314528" vif_scale0="0.562645" vif_scale1="0.899056" vif_scale2="0.948673" vif_scale3="0.969600" vmaf="95.443933" />
    <frame frameNum="143" adm2="0.972034" adm_scale0="0.966102" adm_scale1="0.943833" adm_scale2="0.967040" adm_scale3="0.985475" motion2="7.495216" vif_scale0="0.577155" vif_scale1="0.901384" vif_scale2="0.948784" vif_scale3="0.968464" vmaf="95.557327" />
    <frame frameNum="144" adm2="0.977573" adm_scale0="0.969856" adm_scale1="0.956025" adm_scale2="0.975957" adm_scale3="0.987901" motion2="7.396393" vif_scale0="0.616163" vif_scale1="0.928889" vif_scale2="0.964764" vif_scale3="0.978302" vmaf="98.183594" />
    <frame frameNum="145" adm2="0.969998" adm_scale0="0.962256" adm_scale1="0.939650" adm_scale2="0.967244" adm_scale3="0.983494" motion2="7.396393" vif_scale0="0.581318" vif_scale1="0.902203" vif_scale2="0.948781" vif_scale3="0.968960" vmaf="95.048022" />
    <frame frameNum="146" adm2="0.974058" adm_scale0="0.965962" adm_scale1="0.946000" adm_scale2="0.971494" adm_scale3="0.986771" motion2="7.952742" vif_scale0="0.588416" vif_scale1="0.910306" vif_scale2="0.954318" vif_scale3="0.972945" vmaf="97.119185" />
    <frame frameNum="147" adm2="0.972673" adm_scale0="0.967909" adm_scale1="0.941679" adm_scale2="0.967339" adm_scale3="0.986450" motion2="8.263140" vif_scale0="0.593559" vif_scale1="0.905073" vif_scale2="0.949762" vif_scale3="0.969094" vmaf="96.661673" />
    <frame frameNum="148" adm2="0.972310" adm_scale0="0.966711" adm_scale1="0.943633" adm_scale2="0.969272" adm_scale3="0.984805" motion2="8.254028" vif_scale0="0.589576" vif_scale1="0.903700" vif_scale2="0.948928" vif_scale3="0.968539" vmaf="96.489035" />
    <frame frameNum="149" adm2="0.974560" adm_scale0="0.966364" adm_scale1="0.941904" adm_scale2="0.974644" adm_scale3="0.987421" motion2="8.254028" vif_scale0="0.595281" vif_scale1="0.914544" vif_scale2="0.956524" vif_scale3="0.973474" vmaf="97.714384" />
  </frames>
</VMAF>
