<VMAF version="47950a6">
  <params qualityWidth="1280" qualityHeight="720" />
  <fyi fps="14.07" />
  <frames>
    <frame frameNum="0" adm2="0.976236" adm_scale0="0.964837" adm_scale1="0.956618" adm_scale2="0.975279" adm_scale3="0.986813" motion2="0.000000" vif_scale0="0.583580" vif_scale1="0.925357" vif_scale2="0.964283" vif_scale3="0.978132" vmaf="88.946966" />
    <frame frameNum="1" adm2="0.960510" adm_scale0="0.953979" adm_scale1="0.932047" adm_scale2="0.957016" adm_scale3="0.975769" motion2="5.639671" vif_scale0="0.503908" vif_scale1="0.863816" vif_scale2="0.927059" vif_scale3="0.956046" vmaf="89.094929" />
    <frame frameNum="2" adm2="0.963250" adm_scale0="0.956935" adm_scale1="0.936761" adm_scale2="0.961181" adm_scale3="0.976692" motion2="5.106677" vif_scale0="0.512398" vif_scale1="0.872101" vif_scale2="0.932853" vif_scale3="0.959064" vmaf="89.538346" />
    <frame frameNum="3" adm2="0.959084" adm_scale0="0.950973" adm_scale1="0.931396" adm_scale2="0.955995" adm_scale3="0.974046" motion2="4.350933" vif_scale0="0.492658" vif_scale1="0.858706" vif_scale2="0.923688" vif_scale3="0.953121" vmaf="86.965111" />
    <frame frameNum="4" adm2="0.965738" adm_scale0="0.955591" adm_scale1="0.940481" adm_scale2="0.961594" adm_scale3="0.980554" motion2="3.279224" vif_scale0="0.486682" vif_scale1="0.870811" vif_scale2="0.934636" vif_scale3="0.960725" vmaf="88.187607" />
    <frame frameNum="5" adm2="0.961525" adm_scale0="0.953552" adm_scale1="0.935814" adm_scale2="0.956127" adm_scale3="0.976850" motion2="3.279224" vif_scale0="0.475594" vif_scale1="0.854646" vif_scale2="0.923509" vif_scale3="0.954067" vmaf="86.338474" />
    <frame frameNum="6" adm2="0.963847" adm_scale0="0.956424" adm_scale1="0.939552" adm_scale2="0.958184" adm_scale3="0.978626" motion2="4.885628" vif_scale0="0.498765" vif_scale1="0.866888" vif_scale2="0.930194" vif_scale3="0.958165" vmaf="89.245780" />
    <frame frameNum="7" adm2="0.960129" adm_scale0="0.956345" adm_scale1="0.932466" adm_scale2="0.954788" adm_scale3="0.975693" motion2="4.776041" vif_scale0="0.512364" vif_scale1="0.862766" vif_scale2="0.925153" vif_scale3="0.954566" vmaf="87.822441" />
    <frame frameNum="8" adm2="0.964249" adm_scale0="0.954433" adm_scale1="0.937416" adm_scale2="0.962939" adm_scale3="0.978432" motion2="4.056862" vif_scale0="0.498917" vif_scale1="0.881141" vif_scale2="0.941177" vif_scale3="0.965916" vmaf="89.441695" />
    <frame frameNum="9" adm2="0.959576" adm_scale0="0.954117" adm_scale1="0.932352" adm_scale2="0.956147" adm_scale3="0.973948" motion2="4.056862" vif_scale0="0.488892" vif_scale1="0.861665" vif_scale2="0.926895" vif_scale3="0.956405" vmaf="87.121830" />
    <frame frameNum="10" adm2="0.961701" adm_scale0="0.955576" adm_scale1="0.936287" adm_scale2="0.958471" adm_scale3="0.975472" motion2="6.112095" vif_scale0="0.504466" vif_scale1="0.865227" vif_scale2="0.928427" vif_scale3="0.956054" vmaf="89.940385" />
    <frame frameNum="11" adm2="0.959856" adm_scale0="0.954739" adm_scale1="0.930718" adm_scale2="0.955639" adm_scale3="0.975033" motion2="4.545020" vif_scale0="0.487906" vif_scale1="0.861381" vif_scale2="0.926956" vif_scale3="0.955977" vmaf="87.714842" />
    <frame frameNum="12" adm2="0.965246" adm_scale0="0.957155" adm_scale1="0.938151" adm_scale2="0.963107" adm_scale3="0.979018" motion2="3.989195" vif_scale0="0.492650" vif_scale1="0.874907" vif_scale2="0.936704" vif_scale3="0.962580" vmaf="89.133738" />
    <frame frameNum="13" adm2="0.961295" adm_scale0="0.955859" adm_scale1="0.933386" adm_scale2="0.958359" adm_scale3="0.975242" motion2="3.152309" vif_scale0="0.493141" vif_scale1="0.865145" vif_scale2="0.928102" vif_scale3="0.956036" vmaf="86.446170" />
    <frame frameNum="14" adm2="0.964264" adm_scale0="0.955059" adm_scale1="0.937666" adm_scale2="0.960283" adm_scale3="0.979253" motion2="3.152309" vif_scale0="0.494368" vif_scale1="0.872904" vif_scale2="0.935282" vif_scale3="0.961189" vmaf="87.774467" />
    <frame frameNum="15" adm2="0.961407" adm_scale0="0.954507" adm_scale1="0.931487" adm_scale2="0.959500" adm_scale3="0.975892" motion2="3.406580" vif_scale0="0.492969" vif_scale1="0.868669" vif_scale2="0.931702" vif_scale3="0.958814" vmaf="87.132746" />
    <frame frameNum="16" adm2="0.973617" adm_scale0="0.963803" adm_scale1="0.951109" adm_scale2="0.972964" adm_scale3="0.984893" motion2="4.074044" vif_scale0="0.535181" vif_scale1="0.910036" vif_scale2="0.959133" vif_scale3="0.976467" vmaf="93.052957" />
    <frame frameNum="17" adm2="0.964728" adm_scale0="0.956412" adm_scale1="0.936336" adm_scale2="0.963267" adm_scale3="0.978426" motion2="3.065302" vif_scale0="0.502461" vif_scale1="0.876641" vif_scale2="0.937047" vif_scale3="0.962337" vmaf="87.920878" />
    <frame frameNum="18" adm2="0.964782" adm_scale0="0.956713" adm_scale1="0.936008" adm_scale2="0.959559" adm_scale3="0.980851" motion2="3.065302" vif_scale0="0.502835" vif_scale1="0.877106" vif_scale2="0.938296" vif_scale3="0.963335" vmaf="88.061876" />
    <frame frameNum="19" adm2="0.964931" adm_scale0="0.958716" adm_scale1="0.938199" adm_scale2="0.962226" adm_scale3="0.978827" motion2="3.216635" vif_scale0="0.497901" vif_scale1="0.874996" vif_scale2="0.936796" vif_scale3="0.962073" vmaf="88.118686" />
    <frame frameNum="20" adm2="0.968494" adm_scale0="0.960987" adm_scale1="0.944191" adm_scale2="0.966098" adm_scale3="0.981535" motion2="2.992759" vif_scale0="0.500148" vif_scale1="0.884403" vif_scale2="0.944175" vif_scale3="0.967384" vmaf="89.340695" />
    <frame frameNum="21" adm2="0.964537" adm_scale0="0.958897" adm_scale1="0.937234" adm_scale2="0.962370" adm_scale3="0.977876" motion2="2.992759" vif_scale0="0.491792" vif_scale1="0.873114" vif_scale2="0.935655" vif_scale3="0.961537" vmaf="87.692257" />
    <frame frameNum="22" adm2="0.965223" adm_scale0="0.958260" adm_scale1="0.939254" adm_scale2="0.962305" adm_scale3="0.978801" motion2="3.364288" vif_scale0="0.485232" vif_scale1="0.871580" vif_scale2="0.936440" vif_scale3="0.962833" vmaf="88.420030" />
    <frame frameNum="23" adm2="0.963857" adm_scale0="0.955806" adm_scale1="0.939834" adm_scale2="0.960753" adm_scale3="0.977478" motion2="2.941125" vif_scale0="0.482131" vif_scale1="0.869447" vif_scale2="0.935065" vif_scale3="0.961767" vmaf="87.498136" />
    <frame frameNum="24" adm2="0.970697" adm_scale0="0.963979" adm_scale1="0.948434" adm_scale2="0.967926" adm_scale3="0.982699" motion2="2.941125" vif_scale0="0.498113" vif_scale1="0.883278" vif_scale2="0.944549" vif_scale3="0.968372" vmaf="89.845837" />
    <frame frameNum="25" adm2="0.964981" adm_scale0="0.958489" adm_scale1="0.938881" adm_scale2="0.962575" adm_scale3="0.978362" motion2="2.852221" vif_scale0="0.486682" vif_scale1="0.868624" vif_scale2="0.934554" vif_scale3="0.961916" vmaf="87.614078" />
    <frame frameNum="26" adm2="0.966901" adm_scale0="0.960938" adm_scale1="0.943432" adm_scale2="0.963144" adm_scale3="0.979975" motion2="2.776766" vif_scale0="0.492367" vif_scale1="0.874578" vif_scale2="0.937879" vif_scale3="0.963231" vmaf="88.165219" />
    <frame frameNum="27" adm2="0.964623" adm_scale0="0.959056" adm_scale1="0.939564" adm_scale2="0.961013" adm_scale3="0.978378" motion2="2.509950" vif_scale0="0.485646" vif_scale1="0.867727" vif_scale2="0.933594" vif_scale3="0.960633" vmaf="86.996134" />
    <frame frameNum="28" adm2="0.968649" adm_scale0="0.962301" adm_scale1="0.944268" adm_scale2="0.967158" adm_scale3="0.980707" motion2="2.509950" vif_scale0="0.495222" vif_scale1="0.880710" vif_scale2="0.942777" vif_scale3="0.966479" vmaf="88.678011" />
    <frame frameNum="29" adm2="0.964114" adm_scale0="0.958103" adm_scale1="0.939232" adm_scale2="0.962379" adm_scale3="0.976640" motion2="2.816446" vif_scale0="0.489747" vif_scale1="0.868253" vif_scale2="0.933496" vif_scale3="0.960594" vmaf="87.234406" />
    <frame frameNum="30" adm2="0.965453" adm_scale0="0.959162" adm_scale1="0.941066" adm_scale2="0.962608" adm_scale3="0.978367" motion2="2.816446" vif_scale0="0.493297" vif_scale1="0.872213" vif_scale2="0.936831" vif_scale3="0.962681" vmaf="87.814651" />
    <frame frameNum="31" adm2="0.963889" adm_scale0="0.956487" adm_scale1="0.938109" adm_scale2="0.961488" adm_scale3="0.977846" motion2="2.870256" vif_scale0="0.483218" vif_scale1="0.867828" vif_scale2="0.933414" vif_scale3="0.960180" vmaf="87.227117" />
    <frame frameNum="32" adm2="0.974135" adm_scale0="0.965573" adm_scale1="0.953191" adm_scale2="0.972975" adm_scale3="0.985314" motion2="2.870256" vif_scale0="0.519614" vif_scale1="0.901784" vif_scale2="0.956146" vif_scale3="0.975223" vmaf="91.514328" />
    <frame frameNum="33" adm2="0.965010" adm_scale0="0.958639" adm_scale1="0.937637" adm_scale2="0.963272" adm_scale3="0.978282" motion2="4.198459" vif_scale0="0.489109" vif_scale1="0.867153" vif_scale2="0.932402" vif_scale3="0.959388" vmaf="88.901406" />
    <frame frameNum="34" adm2="0.965046" adm_scale0="0.958686" adm_scale1="0.937655" adm_scale2="0.961941" adm_scale3="0.979114" motion2="4.198459" vif_scale0="0.489234" vif_scale1="0.868669" vif_scale2="0.934497" vif_scale3="0.961556" vmaf="89.165178" />
    <frame frameNum="35" adm2="0.961582" adm_scale0="0.957833" adm_scale1="0.933814" adm_scale2="0.956359" adm_scale3="0.976294" motion2="5.916987" vif_scale0="0.486017" vif_scale1="0.856458" vif_scale2="0.925748" vif_scale3="0.955842" vmaf="89.585154" />
    <frame frameNum="36" adm2="0.965125" adm_scale0="0.960301" adm_scale1="0.937638" adm_scale2="0.960026" adm_scale3="0.979384" motion2="6.934131" vif_scale0="0.520500" vif_scale1="0.871213" vif_scale2="0.934357" vif_scale3="0.961944" vmaf="92.293085" />
    <frame frameNum="37" adm2="0.960678" adm_scale0="0.957931" adm_scale1="0.929918" adm_scale2="0.953838" adm_scale3="0.976595" motion2="7.691448" vif_scale0="0.510897" vif_scale1="0.856988" vif_scale2="0.924289" vif_scale3="0.955102" vmaf="91.232347" />
    <frame frameNum="38" adm2="0.960317" adm_scale0="0.959969" adm_scale1="0.930408" adm_scale2="0.954163" adm_scale3="0.974632" motion2="8.290002" vif_scale0="0.529482" vif_scale1="0.864516" vif_scale2="0.926136" vif_scale3="0.955649" vmaf="91.928755" />
    <frame frameNum="39" adm2="0.959244" adm_scale0="0.960721" adm_scale1="0.929108" adm_scale2="0.951130" adm_scale3="0.973854" motion2="9.201682" vif_scale0="0.532376" vif_scale1="0.864815" vif_scale2="0.924738" vif_scale3="0.953730" vmaf="92.482054" />
    <frame frameNum="40" adm2="0.956594" adm_scale0="0.956952" adm_scale1="0.928902" adm_scale2="0.946766" adm_scale3="0.971653" motion2="9.585089" vif_scale0="0.541540" vif_scale1="0.875607" vif_scale2="0.933394" vif_scale3="0.960922" vmaf="93.251974" />
    <frame frameNum="41" adm2="0.957297" adm_scale0="0.959614" adm_scale1="0.928255" adm_scale2="0.947147" adm_scale3="0.972286" motion2="9.823271" vif_scale0="0.532327" vif_scale1="0.863502" vif_scale2="0.924368" vif_scale3="0.954274" vmaf="92.756477" />
    <frame frameNum="42" adm2="0.960991" adm_scale0="0.964232" adm_scale1="0.934234" adm_scale2="0.949811" adm_scale3="0.975805" motion2="9.695138" vif_scale0="0.528148" vif_scale1="0.865105" vif_scale2="0.926596" vif_scale3="0.955772" vmaf="93.615866" />
    <frame frameNum="43" adm2="0.957963" adm_scale0="0.959375" adm_scale1="0.930765" adm_scale2="0.948732" adm_scale3="0.972337" motion2="9.695138" vif_scale0="0.526509" vif_scale1="0.864115" vif_scale2="0.924455" vif_scale3="0.954469" vmaf="92.778303" />
    <frame frameNum="44" adm2="0.959172" adm_scale0="0.959956" adm_scale1="0.930739" adm_scale2="0.948716" adm_scale3="0.974828" motion2="9.964064" vif_scale0="0.537477" vif_scale1="0.873076" vif_scale2="0.931695" vif_scale3="0.960355" vmaf="94.088466" />
    <frame frameNum="45" adm2="0.953263" adm_scale0="0.957408" adm_scale1="0.921064" adm_scale2="0.943579" adm_scale3="0.968769" motion2="9.690370" vif_scale0="0.529353" vif_scale1="0.861982" vif_scale2="0.922573" vif_scale3="0.952383" vmaf="91.532472" />
    <frame frameNum="46" adm2="0.956849" adm_scale0="0.958915" adm_scale1="0.925206" adm_scale2="0.950218" adm_scale3="0.970827" motion2="9.690370" vif_scale0="0.546520" vif_scale1="0.875662" vif_scale2="0.930413" vif_scale3="0.957384" vmaf="93.023248" />
    <frame frameNum="47" adm2="0.955901" adm_scale0="0.959733" adm_scale1="0.923791" adm_scale2="0.946595" adm_scale3="0.970595" motion2="9.335769" vif_scale0="0.550271" vif_scale1="0.877498" vif_scale2="0.930250" vif_scale3="0.955775" vmaf="92.311064" />
    <frame frameNum="48" adm2="0.971040" adm_scale0="0.964478" adm_scale1="0.942919" adm_scale2="0.965878" adm_scale3="0.984907" motion2="9.335769" vif_scale0="0.595370" vif_scale1="0.921604" vif_scale2="0.960929" vif_scale3="0.976972" vmaf="98.629872" />
    <frame frameNum="49" adm2="0.959560" adm_scale0="0.962155" adm_scale1="0.930567" adm_scale2="0.951672" adm_scale3="0.972784" motion2="9.337810" vif_scale0="0.556965" vif_scale1="0.884460" vif_scale2="0.935137" vif_scale3="0.958805" vmaf="93.545428" />
    <frame frameNum="50" adm2="0.958843" adm_scale0="0.960330" adm_scale1="0.930582" adm_scale2="0.949441" adm_scale3="0.972662" motion2="9.054583" vif_scale0="0.545302" vif_scale1="0.873490" vif_scale2="0.929220" vif_scale3="0.956363" vmaf="92.635506" />
    <frame frameNum="51" adm2="0.960750" adm_scale0="0.961524" adm_scale1="0.929170" adm_scale2="0.953790" adm_scale3="0.974503" motion2="9.041745" vif_scale0="0.542006" vif_scale1="0.874773" vif_scale2="0.930639" vif_scale3="0.957584" vmaf="93.182896" />
    <frame frameNum="52" adm2="0.965825" adm_scale0="0.964371" adm_scale1="0.937420" adm_scale2="0.960314" adm_scale3="0.978921" motion2="8.486893" vif_scale0="0.547382" vif_scale1="0.880729" vif_scale2="0.936981" vif_scale3="0.962875" vmaf="94.350713" />
    <frame frameNum="53" adm2="0.957908" adm_scale0="0.959119" adm_scale1="0.926707" adm_scale2="0.948456" adm_scale3="0.974068" motion2="7.573438" vif_scale0="0.514291" vif_scale1="0.854393" vif_scale2="0.920471" vif_scale3="0.951747" vmaf="90.094610" />
    <frame frameNum="54" adm2="0.965767" adm_scale0="0.963904" adm_scale1="0.943190" adm_scale2="0.960967" adm_scale3="0.977177" motion2="7.007406" vif_scale0="0.510568" vif_scale1="0.855829" vif_scale2="0.924943" vif_scale3="0.955940" vmaf="91.654737" />
    <frame frameNum="55" adm2="0.962630" adm_scale0="0.957535" adm_scale1="0.935256" adm_scale2="0.960232" adm_scale3="0.975691" motion2="6.151161" vif_scale0="0.490727" vif_scale1="0.844486" vif_scale2="0.920187" vif_scale3="0.954739" vmaf="89.757490" />
    <frame frameNum="56" adm2="0.969341" adm_scale0="0.966068" adm_scale1="0.943163" adm_scale2="0.964507" adm_scale3="0.982469" motion2="6.116088" vif_scale0="0.489231" vif_scale1="0.856473" vif_scale2="0.932554" vif_scale3="0.963349" vmaf="92.326556" />
    <frame frameNum="57" adm2="0.963694" adm_scale0="0.959786" adm_scale1="0.935466" adm_scale2="0.959394" adm_scale3="0.977743" motion2="6.116088" vif_scale0="0.488181" vif_scale1="0.846499" vif_scale2="0.922932" vif_scale3="0.955854" vmaf="90.144731" />
    <frame frameNum="58" adm2="0.964326" adm_scale0="0.958526" adm_scale1="0.937316" adm_scale2="0.959889" adm_scale3="0.978619" motion2="7.095902" vif_scale0="0.503336" vif_scale1="0.854733" vif_scale2="0.926584" vif_scale3="0.957750" vmaf="91.656848" />
    <frame frameNum="59" adm2="0.964024" adm_scale0="0.959204" adm_scale1="0.936576" adm_scale2="0.957323" adm_scale3="0.979013" motion2="7.340748" vif_scale0="0.499677" vif_scale1="0.852159" vif_scale2="0.923654" vif_scale3="0.954683" vmaf="91.506182" />
    <frame frameNum="60" adm2="0.966888" adm_scale0="0.962504" adm_scale1="0.941822" adm_scale2="0.963514" adm_scale3="0.979229" motion2="7.373094" vif_scale0="0.517943" vif_scale1="0.865839" vif_scale2="0.932361" vif_scale3="0.961290" vmaf="93.023356" />
    <frame frameNum="61" adm2="0.963752" adm_scale0="0.957428" adm_scale1="0.930028" adm_scale2="0.958671" adm_scale3="0.979527" motion2="7.932577" vif_scale0="0.508738" vif_scale1="0.856997" vif_scale2="0.926330" vif_scale3="0.956769" vmaf="92.366919" />
    <frame frameNum="62" adm2="0.964408" adm_scale0="0.958647" adm_scale1="0.935246" adm_scale2="0.959360" adm_scale3="0.979163" motion2="8.347490" vif_scale0="0.507040" vif_scale1="0.855079" vif_scale2="0.926104" vif_scale3="0.957193" vmaf="92.982225" />
    <frame frameNum="63" adm2="0.961012" adm_scale0="0.954695" adm_scale1="0.924886" adm_scale2="0.955124" adm_scale3="0.978211" motion2="8.881413" vif_scale0="0.507611" vif_scale1="0.855059" vif_scale2="0.925723" vif_scale3="0.956862" vmaf="92.791332" />
    <frame frameNum="64" adm2="0.967792" adm_scale0="0.956663" adm_scale1="0.935902" adm_scale2="0.963639" adm_scale3="0.983990" motion2="9.587723" vif_scale0="0.520699" vif_scale1="0.875637" vif_scale2="0.941711" vif_scale3="0.967486" vmaf="96.501834" />
    <frame frameNum="65" adm2="0.960699" adm_scale0="0.957608" adm_scale1="0.918690" adm_scale2="0.954816" adm_scale3="0.979254" motion2="10.133101" vif_scale0="0.493543" vif_scale1="0.847285" vif_scale2="0.923491" vif_scale3="0.956218" vmaf="93.901560" />
    <frame frameNum="66" adm2="0.960355" adm_scale0="0.955179" adm_scale1="0.920048" adm_scale2="0.954508" adm_scale3="0.978446" motion2="10.653828" vif_scale0="0.503132" vif_scale1="0.852934" vif_scale2="0.925332" vif_scale3="0.956547" vmaf="94.473713" />
    <frame frameNum="67" adm2="0.960073" adm_scale0="0.956795" adm_scale1="0.921818" adm_scale2="0.955413" adm_scale3="0.976855" motion2="11.115594" vif_scale0="0.512310" vif_scale1="0.853466" vif_scale2="0.922741" vif_scale3="0.953929" vmaf="94.587318" />
    <frame frameNum="68" adm2="0.965199" adm_scale0="0.958047" adm_scale1="0.933327" adm_scale2="0.959462" adm_scale3="0.980698" motion2="11.631356" vif_scale0="0.515247" vif_scale1="0.861320" vif_scale2="0.929635" vif_scale3="0.959192" vmaf="96.901676" />
    <frame frameNum="69" adm2="0.959020" adm_scale0="0.955901" adm_scale1="0.923522" adm_scale2="0.953237" adm_scale3="0.975324" motion2="11.631356" vif_scale0="0.523054" vif_scale1="0.857277" vif_scale2="0.922830" vif_scale3="0.952962" vmaf="94.829495" />
    <frame frameNum="70" adm2="0.961376" adm_scale0="0.957149" adm_scale1="0.924420" adm_scale2="0.955902" adm_scale3="0.977150" motion2="12.472349" vif_scale0="0.533371" vif_scale1="0.868220" vif_scale2="0.929758" vif_scale3="0.957545" vmaf="96.836187" />
    <frame frameNum="71" adm2="0.956706" adm_scale0="0.954195" adm_scale1="0.922294" adm_scale2="0.948250" adm_scale3="0.972350" motion2="12.472349" vif_scale0="0.538703" vif_scale1="0.867183" vif_scale2="0.927010" vif_scale3="0.955789" vmaf="95.598038" />
    <frame frameNum="72" adm2="0.959230" adm_scale0="0.955068" adm_scale1="0.922538" adm_scale2="0.953579" adm_scale3="0.975777" motion2="13.029011" vif_scale0="0.536720" vif_scale1="0.876502" vif_scale2="0.935447" vif_scale3="0.961309" vmaf="97.468789" />
    <frame frameNum="73" adm2="0.960476" adm_scale0="0.959104" adm_scale1="0.927836" adm_scale2="0.952272" adm_scale3="0.976066" motion2="12.860599" vif_scale0="0.524361" vif_scale1="0.860943" vif_scale2="0.925029" vif_scale3="0.954871" vmaf="96.611088" />
    <frame frameNum="74" adm2="0.961681" adm_scale0="0.963111" adm_scale1="0.928569" adm_scale2="0.952517" adm_scale3="0.977512" motion2="12.854736" vif_scale0="0.525640" vif_scale1="0.866444" vif_scale2="0.930287" vif_scale3="0.958375" vmaf="97.353652" />
    <frame frameNum="75" adm2="0.962573" adm_scale0="0.960275" adm_scale1="0.927919" adm_scale2="0.955357" adm_scale3="0.978068" motion2="12.854736" vif_scale0="0.529928" vif_scale1="0.866824" vif_scale2="0.928624" vif_scale3="0.957022" vmaf="97.378166" />
    <frame frameNum="76" adm2="0.965189" adm_scale0="0.964877" adm_scale1="0.929911" adm_scale2="0.960245" adm_scale3="0.978674" motion2="13.063421" vif_scale0="0.541776" vif_scale1="0.878684" vif_scale2="0.936434" vif_scale3="0.961616" vmaf="98.852424" />
    <frame frameNum="77" adm2="0.961861" adm_scale0="0.962878" adm_scale1="0.930035" adm_scale2="0.951548" adm_scale3="0.977123" motion2="12.974502" vif_scale0="0.532231" vif_scale1="0.867513" vif_scale2="0.928018" vif_scale3="0.955836" vmaf="97.231962" />
    <frame frameNum="78" adm2="0.963374" adm_scale0="0.960879" adm_scale1="0.926073" adm_scale2="0.957287" adm_scale3="0.979222" motion2="12.800354" vif_scale0="0.539077" vif_scale1="0.875370" vif_scale2="0.933660" vif_scale3="0.959695" vmaf="97.932283" />
    <frame frameNum="79" adm2="0.960681" adm_scale0="0.958914" adm_scale1="0.924238" adm_scale2="0.951749" adm_scale3="0.977651" motion2="12.800354" vif_scale0="0.533291" vif_scale1="0.866439" vif_scale2="0.925596" vif_scale3="0.952949" vmaf="96.487110" />
    <frame frameNum="80" adm2="0.972261" adm_scale0="0.963224" adm_scale1="0.937901" adm_scale2="0.970014" adm_scale3="0.986239" motion2="12.288285" vif_scale0="0.570802" vif_scale1="0.912954" vif_scale2="0.959031" vif_scale3="0.976593" vmaf="101.832728" />
    <frame frameNum="81" adm2="0.960294" adm_scale0="0.958471" adm_scale1="0.924403" adm_scale2="0.951420" adm_scale3="0.977455" motion2="12.156039" vif_scale0="0.535766" vif_scale1="0.876402" vif_scale2="0.934787" vif_scale3="0.960843" vmaf="96.761325" />
    <frame frameNum="82" adm2="0.956911" adm_scale0="0.954636" adm_scale1="0.916203" adm_scale2="0.951099" adm_scale3="0.973871" motion2="11.749644" vif_scale0="0.542408" vif_scale1="0.876233" vif_scale2="0.932861" vif_scale3="0.959048" vmaf="95.415756" />
    <frame frameNum="83" adm2="0.958760" adm_scale0="0.958065" adm_scale1="0.919373" adm_scale2="0.949334" adm_scale3="0.977470" motion2="11.213417" vif_scale0="0.533808" vif_scale1="0.871684" vif_scale2="0.932093" vif_scale3="0.959190" vmaf="95.227306" />
    <frame frameNum="84" adm2="0.963017" adm_scale0="0.957887" adm_scale1="0.924835" adm_scale2="0.957403" adm_scale3="0.979964" motion2="11.213417" vif_scale0="0.543915" vif_scale1="0.881093" vif_scale2="0.938456" vif_scale3="0.963268" vmaf="96.739695" />
    <frame frameNum="85" adm2="0.961094" adm_scale0="0.958701" adm_scale1="0.919992" adm_scale2="0.952127" adm_scale3="0.979647" motion2="10.529059" vif_scale0="0.528940" vif_scale1="0.870222" vif_scale2="0.930879" vif_scale3="0.958506" vmaf="94.908105" />
    <frame frameNum="86" adm2="0.961507" adm_scale0="0.957764" adm_scale1="0.923328" adm_scale2="0.953526" adm_scale3="0.979149" motion2="9.761002" vif_scale0="0.531423" vif_scale1="0.872985" vif_scale2="0.933918" vif_scale3="0.960784" vmaf="94.494495" />
    <frame frameNum="87" adm2="0.961929" adm_scale0="0.958753" adm_scale1="0.926771" adm_scale2="0.953724" adm_scale3="0.978764" motion2="9.214196" vif_scale0="0.527335" vif_scale1="0.868753" vif_scale2="0.931001" vif_scale3="0.958427" vmaf="93.692381" />
    <frame frameNum="88" adm2="0.963739" adm_scale0="0.957548" adm_scale1="0.929320" adm_scale2="0.958076" adm_scale3="0.980492" motion2="8.763312" vif_scale0="0.527397" vif_scale1="0.878483" vif_scale2="0.939047" vif_scale3="0.964341" vmaf="94.397026" />
    <frame frameNum="89" adm2="0.960350" adm_scale0="0.958256" adm_scale1="0.925449" adm_scale2="0.953008" adm_scale3="0.977151" motion2="8.763312" vif_scale0="0.520823" vif_scale1="0.865794" vif_scale2="0.929671" vif_scale3="0.958172" vmaf="92.791436" />
    <frame frameNum="90" adm2="0.962349" adm_scale0="0.960549" adm_scale1="0.928505" adm_scale2="0.956903" adm_scale3="0.977749" motion2="8.124693" vif_scale0="0.524194" vif_scale1="0.871643" vif_scale2="0.933885" vif_scale3="0.960769" vmaf="92.904353" />
    <frame frameNum="91" adm2="0.963837" adm_scale0="0.958868" adm_scale1="0.925253" adm_scale2="0.955326" adm_scale3="0.981898" motion2="8.066119" vif_scale0="0.512015" vif_scale1="0.862898" vif_scale2="0.928919" vif_scale3="0.958544" vmaf="92.776262" />
    <frame frameNum="92" adm2="0.964383" adm_scale0="0.959873" adm_scale1="0.932665" adm_scale2="0.959239" adm_scale3="0.979922" motion2="7.910059" vif_scale0="0.521810" vif_scale1="0.873815" vif_scale2="0.935900" vif_scale3="0.961281" vmaf="93.229799" />
    <frame frameNum="93" adm2="0.961051" adm_scale0="0.957254" adm_scale1="0.922497" adm_scale2="0.955404" adm_scale3="0.978539" motion2="7.162950" vif_scale0="0.498948" vif_scale1="0.861372" vif_scale2="0.929536" vif_scale3="0.958113" vmaf="91.184119" />
    <frame frameNum="94" adm2="0.965137" adm_scale0="0.960750" adm_scale1="0.933531" adm_scale2="0.958071" adm_scale3="0.981152" motion2="6.881777" vif_scale0="0.503373" vif_scale1="0.864143" vif_scale2="0.931075" vif_scale3="0.959840" vmaf="91.941505" />
    <frame frameNum="95" adm2="0.963534" adm_scale0="0.958799" adm_scale1="0.930097" adm_scale2="0.956036" adm_scale3="0.980609" motion2="6.881777" vif_scale0="0.490958" vif_scale1="0.860664" vif_scale2="0.930298" vif_scale3="0.958945" vmaf="91.503288" />
    <frame frameNum="96" adm2="0.972395" adm_scale0="0.962403" adm_scale1="0.947152" adm_scale2="0.968997" adm_scale3="0.986118" motion2="6.838077" vif_scale0="0.524714" vif_scale1="0.889226" vif_scale2="0.947481" vif_scale3="0.970403" vmaf="94.974653" />
    <frame frameNum="97" adm2="0.964803" adm_scale0="0.960591" adm_scale1="0.932148" adm_scale2="0.958865" adm_scale3="0.980959" motion2="6.494508" vif_scale0="0.508842" vif_scale1="0.866582" vif_scale2="0.932011" vif_scale3="0.959661" vmaf="91.459828" />
    <frame frameNum="98" adm2="0.966554" adm_scale0="0.962410" adm_scale1="0.935339" adm_scale2="0.960897" adm_scale3="0.982049" motion2="6.203431" vif_scale0="0.513156" vif_scale1="0.868735" vif_scale2="0.933364" vif_scale3="0.960993" vmaf="91.664634" />
    <frame frameNum="99" adm2="0.965897" adm_scale0="0.960678" adm_scale1="0.932769" adm_scale2="0.961359" adm_scale3="0.981220" motion2="6.203431" vif_scale0="0.510560" vif_scale1="0.865658" vif_scale2="0.930719" vif_scale3="0.958931" vmaf="91.254231" />
    <frame frameNum="100" adm2="0.968205" adm_scale0="0.962718" adm_scale1="0.939995" adm_scale2="0.963686" adm_scale3="0.982103" motion2="6.836185" vif_scale0="0.508816" vif_scale1="0.870089" vif_scale2="0.934926" vif_scale3="0.962175" vmaf="92.889048" />
    <frame frameNum="101" adm2="0.963962" adm_scale0="0.962311" adm_scale1="0.927776" adm_scale2="0.958524" adm_scale3="0.980176" motion2="7.031013" vif_scale0="0.502750" vif_scale1="0.860314" vif_scale2="0.927649" vif_scale3="0.956645" vmaf="91.465509" />
    <frame frameNum="102" adm2="0.966429" adm_scale0="0.965010" adm_scale1="0.937015" adm_scale2="0.961123" adm_scale3="0.980881" motion2="7.301840" vif_scale0="0.519209" vif_scale1="0.870315" vif_scale2="0.933112" vif_scale3="0.959903" vmaf="92.770849" />
    <frame frameNum="103" adm2="0.965185" adm_scale0="0.964088" adm_scale1="0.934575" adm_scale2="0.957620" adm_scale3="0.980419" motion2="7.677040" vif_scale0="0.518102" vif_scale1="0.866472" vif_scale2="0.929593" vif_scale3="0.958117" vmaf="92.632961" />
    <frame frameNum="104" adm2="0.970104" adm_scale0="0.963661" adm_scale1="0.942475" adm_scale2="0.967011" adm_scale3="0.983566" motion2="8.242241" vif_scale0="0.541959" vif_scale1="0.882792" vif_scale2="0.939847" vif_scale3="0.963844" vmaf="95.197868" />
    <frame frameNum="105" adm2="0.966046" adm_scale0="0.964381" adm_scale1="0.934101" adm_scale2="0.961303" adm_scale3="0.980971" motion2="8.252743" vif_scale0="0.524330" vif_scale1="0.868335" vif_scale2="0.930681" vif_scale3="0.957421" vmaf="93.440545" />
    <frame frameNum="106" adm2="0.967320" adm_scale0="0.966439" adm_scale1="0.942491" adm_scale2="0.961968" adm_scale3="0.980242" motion2="8.197223" vif_scale0="0.539719" vif_scale1="0.877723" vif_scale2="0.935202" vif_scale3="0.960404" vmaf="94.081794" />
    <frame frameNum="107" adm2="0.969196" adm_scale0="0.966137" adm_scale1="0.943048" adm_scale2="0.962059" adm_scale3="0.983027" motion2="8.151590" vif_scale0="0.546849" vif_scale1="0.877300" vif_scale2="0.933543" vif_scale3="0.958759" vmaf="94.238017" />
    <frame frameNum="108" adm2="0.970896" adm_scale0="0.963956" adm_scale1="0.944583" adm_scale2="0.968404" adm_scale3="0.983829" motion2="8.151590" vif_scale0="0.546109" vif_scale1="0.885715" vif_scale2="0.940531" vif_scale3="0.963595" vmaf="95.281923" />
    <frame frameNum="109" adm2="0.966391" adm_scale0="0.965555" adm_scale1="0.940314" adm_scale2="0.961131" adm_scale3="0.979476" motion2="8.173396" vif_scale0="0.544912" vif_scale1="0.876445" vif_scale2="0.933580" vif_scale3="0.959739" vmaf="93.736831" />
    <frame frameNum="110" adm2="0.969061" adm_scale0="0.967718" adm_scale1="0.941962" adm_scale2="0.963829" adm_scale3="0.982454" motion2="7.728574" vif_scale0="0.548053" vif_scale1="0.882584" vif_scale2="0.938753" vif_scale3="0.962838" vmaf="94.282216" />
    <frame frameNum="111" adm2="0.967924" adm_scale0="0.967952" adm_scale1="0.940090" adm_scale2="0.960814" adm_scale3="0.982354" motion2="7.173264" vif_scale0="0.545943" vif_scale1="0.881272" vif_scale2="0.937449" vif_scale3="0.962247" vmaf="93.315381" />
    <frame frameNum="112" adm2="0.978961" adm_scale0="0.973770" adm_scale1="0.962084" adm_scale2="0.977871" adm_scale3="0.987919" motion2="6.855636" vif_scale0="0.584353" vif_scale1="0.916489" vif_scale2="0.959568" vif_scale3="0.976059" vmaf="97.421005" />
    <frame frameNum="113" adm2="0.969546" adm_scale0="0.964954" adm_scale1="0.943482" adm_scale2="0.965398" adm_scale3="0.983253" motion2="6.519027" vif_scale0="0.546991" vif_scale1="0.884348" vif_scale2="0.939375" vif_scale3="0.963874" vmaf="93.135782" />
    <frame frameNum="114" adm2="0.968189" adm_scale0="0.964920" adm_scale1="0.943084" adm_scale2="0.964171" adm_scale3="0.981090" motion2="6.067085" vif_scale0="0.534299" vif_scale1="0.880505" vif_scale2="0.938139" vif_scale3="0.963546" vmaf="92.253900" />
    <frame frameNum="115" adm2="0.969015" adm_scale0="0.963847" adm_scale1="0.944424" adm_scale2="0.965417" adm_scale3="0.981587" motion2="5.705991" vif_scale0="0.555184" vif_scale1="0.885534" vif_scale2="0.938814" vif_scale3="0.963371" vmaf="92.025297" />
    <frame frameNum="116" adm2="0.973733" adm_scale0="0.969519" adm_scale1="0.951841" adm_scale2="0.972403" adm_scale3="0.983849" motion2="5.386418" vif_scale0="0.552751" vif_scale1="0.891104" vif_scale2="0.943490" vif_scale3="0.966357" vmaf="93.107901" />
    <frame frameNum="117" adm2="0.969460" adm_scale0="0.964425" adm_scale1="0.946464" adm_scale2="0.964842" adm_scale3="0.982319" motion2="5.075470" vif_scale0="0.545547" vif_scale1="0.882982" vif_scale2="0.938112" vif_scale3="0.963125" vmaf="91.345020" />
    <frame frameNum="118" adm2="0.972295" adm_scale0="0.966106" adm_scale1="0.950921" adm_scale2="0.966160" adm_scale3="0.985290" motion2="4.830062" vif_scale0="0.539158" vif_scale1="0.884526" vif_scale2="0.940832" vif_scale3="0.965364" vmaf="91.963927" />
    <frame frameNum="119" adm2="0.970110" adm_scale0="0.965251" adm_scale1="0.945294" adm_scale2="0.965509" adm_scale3="0.983244" motion2="4.830062" vif_scale0="0.529564" vif_scale1="0.876973" vif_scale2="0.936546" vif_scale3="0.962997" vmaf="91.132691" />
    <frame frameNum="120" adm2="0.973881" adm_scale0="0.967110" adm_scale1="0.952200" adm_scale2="0.971007" adm_scale3="0.985493" motion2="4.543947" vif_scale0="0.548848" vif_scale1="0.893581" vif_scale2="0.945410" vif_scale3="0.966956" vmaf="92.289524" />
    <frame frameNum="121" adm2="0.968743" adm_scale0="0.965011" adm_scale1="0.941532" adm_scale2="0.965076" adm_scale3="0.982324" motion2="4.543947" vif_scale0="0.521879" vif_scale1="0.875703" vif_scale2="0.936390" vif_scale3="0.962249" vmaf="90.449393" />
    <frame frameNum="122" adm2="0.970121" adm_scale0="0.966530" adm_scale1="0.946439" adm_scale2="0.965324" adm_scale3="0.982919" motion2="4.681951" vif_scale0="0.531905" vif_scale1="0.883008" vif_scale2="0.940093" vif_scale3="0.963447" vmaf="91.148713" />
    <frame frameNum="123" adm2="0.969081" adm_scale0="0.966437" adm_scale1="0.945363" adm_scale2="0.963907" adm_scale3="0.982033" motion2="4.436007" vif_scale0="0.524090" vif_scale1="0.875609" vif_scale2="0.935306" vif_scale3="0.961080" vmaf="90.256721" />
    <frame frameNum="124" adm2="0.972864" adm_scale0="0.968199" adm_scale1="0.949337" adm_scale2="0.969015" adm_scale3="0.985342" motion2="4.410894" vif_scale0="0.529382" vif_scale1="0.886853" vif_scale2="0.943575" vif_scale3="0.966424" vmaf="91.806517" />
    <frame frameNum="125" adm2="0.970646" adm_scale0="0.964738" adm_scale1="0.946566" adm_scale2="0.966026" adm_scale3="0.983955" motion2="4.410894" vif_scale0="0.535879" vif_scale1="0.882319" vif_scale2="0.939523" vif_scale3="0.964231" vmaf="90.977467" />
    <frame frameNum="126" adm2="0.970963" adm_scale0="0.967473" adm_scale1="0.947337" adm_scale2="0.965768" adm_scale3="0.983602" motion2="4.462180" vif_scale0="0.540202" vif_scale1="0.885084" vif_scale2="0.940698" vif_scale3="0.964209" vmaf="91.151177" />
    <frame frameNum="127" adm2="0.970123" adm_scale0="0.966174" adm_scale1="0.945320" adm_scale2="0.965651" adm_scale3="0.983068" motion2="4.368739" vif_scale0="0.527986" vif_scale1="0.880501" vif_scale2="0.938863" vif_scale3="0.963572" vmaf="90.743695" />
    <frame frameNum="128" adm2="0.976604" adm_scale0="0.968425" adm_scale1="0.957190" adm_scale2="0.975282" adm_scale3="0.987122" motion2="4.368739" vif_scale0="0.558065" vif_scale1="0.904247" vif_scale2="0.953420" vif_scale3="0.973000" vmaf="93.493967" />
    <frame frameNum="129" adm2="0.971365" adm_scale0="0.966344" adm_scale1="0.949259" adm_scale2="0.966924" adm_scale3="0.983466" motion2="4.662647" vif_scale0="0.549001" vif_scale1="0.886012" vif_scale2="0.940064" vif_scale3="0.963486" vmaf="91.382032" />
    <frame frameNum="130" adm2="0.970937" adm_scale0="0.966028" adm_scale1="0.946323" adm_scale2="0.967974" adm_scale3="0.983439" motion2="4.662647" vif_scale0="0.535658" vif_scale1="0.883928" vif_scale2="0.940820" vif_scale3="0.964206" vmaf="91.388565" />
    <frame frameNum="131" adm2="0.967869" adm_scale0="0.964261" adm_scale1="0.942261" adm_scale2="0.962016" adm_scale3="0.981509" motion2="4.836417" vif_scale0="0.526632" vif_scale1="0.877433" vif_scale2="0.936917" vif_scale3="0.962337" vmaf="90.627070" />
    <frame frameNum="132" adm2="0.973418" adm_scale0="0.968260" adm_scale1="0.951336" adm_scale2="0.969632" adm_scale3="0.985411" motion2="5.031696" vif_scale0="0.548335" vif_scale1="0.889421" vif_scale2="0.944234" vif_scale3="0.967653" vmaf="92.761661" />
    <frame frameNum="133" adm2="0.967844" adm_scale0="0.961260" adm_scale1="0.941617" adm_scale2="0.966567" adm_scale3="0.980235" motion2="5.123641" vif_scale0="0.517470" vif_scale1="0.872457" vif_scale2="0.934813" vif_scale3="0.961601" vmaf="90.814741" />
    <frame frameNum="134" adm2="0.969734" adm_scale0="0.964106" adm_scale1="0.944129" adm_scale2="0.965600" adm_scale3="0.983095" motion2="5.137451" vif_scale0="0.525886" vif_scale1="0.879528" vif_scale2="0.939595" vif_scale3="0.964569" vmaf="91.664198" />
    <frame frameNum="135" adm2="0.969250" adm_scale0="0.964682" adm_scale1="0.942513" adm_scale2="0.966491" adm_scale3="0.981977" motion2="5.556020" vif_scale0="0.537864" vif_scale1="0.880086" vif_scale2="0.938515" vif_scale3="0.963255" vmaf="91.886408" />
    <frame frameNum="136" adm2="0.969312" adm_scale0="0.959286" adm_scale1="0.941994" adm_scale2="0.966502" adm_scale3="0.983221" motion2="5.698411" vif_scale0="0.550545" vif_scale1="0.890019" vif_scale2="0.943653" vif_scale3="0.966813" vmaf="92.561129" />
    <frame frameNum="137" adm2="0.969141" adm_scale0="0.962693" adm_scale1="0.944654" adm_scale2="0.965317" adm_scale3="0.981861" motion2="5.907775" vif_scale0="0.544181" vif_scale1="0.881243" vif_scale2="0.938001" vif_scale3="0.962349" vmaf="92.172037" />
    <frame frameNum="138" adm2="0.967961" adm_scale0="0.960397" adm_scale1="0.931989" adm_scale2="0.965721" adm_scale3="0.983646" motion2="6.206720" vif_scale0="0.520458" vif_scale1="0.875773" vif_scale2="0.937157" vif_scale3="0.963266" vmaf="92.304889" />
    <frame frameNum="139" adm2="0.966641" adm_scale0="0.961396" adm_scale1="0.936547" adm_scale2="0.963823" adm_scale3="0.980277" motion2="6.419833" vif_scale0="0.529171" vif_scale1="0.876686" vif_scale2="0.936250" vif_scale3="0.962352" vmaf="92.149944" />
    <frame frameNum="140" adm2="0.969799" adm_scale0="0.959662" adm_scale1="0.935447" adm_scale2="0.966648" adm_scale3="0.985455" motion2="6.691042" vif_scale0="0.540884" vif_scale1="0.887961" vif_scale2="0.944399" vif_scale3="0.967796" vmaf="93.909991" />
    <frame frameNum="141" adm2="0.968354" adm_scale0="0.963641" adm_scale1="0.936007" adm_scale2="0.965634" adm_scale3="0.982285" motion2="7.202104" vif_scale0="0.551704" vif_scale1="0.885011" vif_scale2="0.939503" vif_scale3="0.962915" vmaf="93.581717" />
    <frame frameNum="142" adm2="0.967509" adm_scale0="0.961686" adm_scale1="0.938273" adm_scale2="0.962375" adm_scale3="0.982181" motion2="7.314528" vif_scale0="0.545527" vif_scale1="0.884686" vif_scale2="0.940304" vif_scale3="0.964470" vmaf="93.681802" />
    <frame frameNum="143" adm2="0.968544" adm_scale0="0.963356" adm_scale1="0.938153" adm_scale2="0.962798" adm_scale3="0.982937" motion2="7.495216" vif_scale0="0.561866" vif_scale1="0.887614" vif_scale2="0.940411" vif_scale3="0.963556" vmaf="94.043495" />
    <frame frameNum="144" adm2="0.975666" adm_scale0="0.967539" adm_scale1="0.951052" adm_scale2="0.974282" adm_scale3="0.986984" motion2="7.396393" vif_scale0="0.605056" vif_scale1="0.921897" vif_scale2="0.961018" vif_scale3="0.976006" vmaf="97.402790" />
    <frame frameNum="145" adm2="0.965317" adm_scale0="0.958595" adm_scale1="0.931009" adm_scale2="0.961974" adm_scale3="0.980185" motion2="7.396393" vif_scale0="0.566752" vif_scale1="0.888797" vif_scale2="0.940062" vif_scale3="0.963135" vmaf="93.192771" />
    <frame frameNum="146" adm2="0.970613" adm_scale0="0.961658" adm_scale1="0.942203" adm_scale2="0.966654" adm_scale3="0.984511" motion2="7.952742" vif_scale0="0.573628" vif_scale1="0.896971" vif_scale2="0.946130" vif_scale3="0.967914" vmaf="95.600031" />
    <frame frameNum="147" adm2="0.968703" adm_scale0="0.964279" adm_scale1="0.935888" adm_scale2="0.962280" adm_scale3="0.983574" motion2="8.263140" vif_scale0="0.577880" vif_scale1="0.891278" vif_scale2="0.941435" vif_scale3="0.963875" vmaf="95.012355" />
    <frame frameNum="148" adm2="0.968313" adm_scale0="0.964082" adm_scale1="0.936689" adm_scale2="0.963613" adm_scale3="0.982404" motion2="8.254028" vif_scale0="0.573069" vif_scale1="0.888702" vif_scale2="0.939571" vif_scale3="0.962952" vmaf="94.762013" />
    <frame frameNum="149" adm2="0.972169" adm_scale0="0.964136" adm_scale1="0.938899" adm_scale2="0.971578" adm_scale3="0.985630" motion2="8.254028" vif_scale0="0.580378" vif_scale1="0.902510" vif_scale2="0.949791" vif_scale3="0.969194" vmaf="96.539480" />
  </frames>
</VMAF>
