<VMAF version="47950a6">
  <params qualityWidth="1280" qualityHeight="720" />
  <fyi fps="14.23" />
  <frames>
    <frame frameNum="0" adm2="0.984569" adm_scale0="0.966266" adm_scale1="0.964100" adm_scale2="0.986197" adm_scale3="0.995491" motion2="0.000000" vif_scale0="0.585089" vif_scale1="0.931806" vif_scale2="0.969935" vif_scale3="0.982968" vmaf="91.375300" />
    <frame frameNum="1" adm2="0.977638" adm_scale0="0.960379" adm_scale1="0.950792" adm_scale2="0.978412" adm_scale3="0.992142" motion2="5.639671" vif_scale0="0.506779" vif_scale1="0.871923" vif_scale2="0.934815" vif_scale3="0.963001" vmaf="93.622025" />
    <frame frameNum="2" adm2="0.978746" adm_scale0="0.962674" adm_scale1="0.955828" adm_scale2="0.979008" adm_scale3="0.991765" motion2="5.106677" vif_scale0="0.515116" vif_scale1="0.880242" vif_scale2="0.940747" vif_scale3="0.966156" vmaf="93.744247" />
    <frame frameNum="3" adm2="0.973872" adm_scale0="0.956632" adm_scale1="0.948532" adm_scale2="0.977163" adm_scale3="0.985976" motion2="4.350933" vif_scale0="0.495490" vif_scale1="0.867139" vif_scale2="0.931930" vif_scale3="0.960735" vmaf="91.045610" />
    <frame frameNum="4" adm2="0.981882" adm_scale0="0.959535" adm_scale1="0.959207" adm_scale2="0.983049" adm_scale3="0.995404" motion2="3.279224" vif_scale0="0.489377" vif_scale1="0.878954" vif_scale2="0.942800" vif_scale3="0.968054" vmaf="92.549037" />
    <frame frameNum="5" adm2="0.976855" adm_scale0="0.959607" adm_scale1="0.951421" adm_scale2="0.980422" adm_scale3="0.988459" motion2="3.279224" vif_scale0="0.478531" vif_scale1="0.863070" vif_scale2="0.931814" vif_scale3="0.961657" vmaf="90.524797" />
    <frame frameNum="6" adm2="0.980552" adm_scale0="0.961762" adm_scale1="0.958104" adm_scale2="0.980673" adm_scale3="0.993768" motion2="4.885628" vif_scale0="0.501714" vif_scale1="0.875580" vif_scale2="0.938619" vif_scale3="0.965712" vmaf="93.760571" />
    <frame frameNum="7" adm2="0.977597" adm_scale0="0.961242" adm_scale1="0.951975" adm_scale2="0.980313" adm_scale3="0.990101" motion2="4.776041" vif_scale0="0.515519" vif_scale1="0.872027" vif_scale2="0.933721" vif_scale3="0.961954" vmaf="92.484822" />
    <frame frameNum="8" adm2="0.976233" adm_scale0="0.958151" adm_scale1="0.949007" adm_scale2="0.978028" adm_scale3="0.990652" motion2="4.056862" vif_scale0="0.500360" vif_scale1="0.887594" vif_scale2="0.947972" vif_scale3="0.972162" vmaf="92.786569" />
    <frame frameNum="9" adm2="0.975995" adm_scale0="0.957910" adm_scale1="0.949813" adm_scale2="0.979373" adm_scale3="0.988617" motion2="4.056862" vif_scale0="0.491659" vif_scale1="0.870030" vif_scale2="0.935244" vif_scale3="0.963864" vmaf="91.546605" />
    <frame frameNum="10" adm2="0.977740" adm_scale0="0.959684" adm_scale1="0.953309" adm_scale2="0.980430" adm_scale3="0.990193" motion2="6.112095" vif_scale0="0.507899" vif_scale1="0.874372" vif_scale2="0.937177" vif_scale3="0.963974" vmaf="94.356811" />
    <frame frameNum="11" adm2="0.975748" adm_scale0="0.961258" adm_scale1="0.946608" adm_scale2="0.978756" adm_scale3="0.988583" motion2="4.545020" vif_scale0="0.490624" vif_scale1="0.869476" vif_scale2="0.934986" vif_scale3="0.963548" vmaf="92.025376" />
    <frame frameNum="12" adm2="0.982755" adm_scale0="0.961318" adm_scale1="0.961072" adm_scale2="0.987364" adm_scale3="0.993598" motion2="3.989195" vif_scale0="0.495382" vif_scale1="0.883349" vif_scale2="0.944861" vif_scale3="0.969858" vmaf="93.794342" />
    <frame frameNum="13" adm2="0.977317" adm_scale0="0.960547" adm_scale1="0.950838" adm_scale2="0.982068" adm_scale3="0.988627" motion2="3.152309" vif_scale0="0.496292" vif_scale1="0.874202" vif_scale2="0.936779" vif_scale3="0.963853" vmaf="90.826722" />
    <frame frameNum="14" adm2="0.981144" adm_scale0="0.959993" adm_scale1="0.957244" adm_scale2="0.981501" adm_scale3="0.995429" motion2="3.152309" vif_scale0="0.497088" vif_scale1="0.881188" vif_scale2="0.943493" vif_scale3="0.968703" vmaf="92.311101" />
    <frame frameNum="15" adm2="0.978036" adm_scale0="0.958468" adm_scale1="0.949704" adm_scale2="0.981768" adm_scale3="0.991491" motion2="3.406580" vif_scale0="0.495692" vif_scale1="0.876544" vif_scale2="0.939426" vif_scale3="0.965650" vmaf="91.534116" />
    <frame frameNum="16" adm2="0.986451" adm_scale0="0.966762" adm_scale1="0.963294" adm_scale2="0.990205" adm_scale3="0.997616" motion2="4.074044" vif_scale0="0.537151" vif_scale1="0.916585" vif_scale2="0.965608" vif_scale3="0.982267" vmaf="96.569805" />
    <frame frameNum="17" adm2="0.983056" adm_scale0="0.959668" adm_scale1="0.953700" adm_scale2="0.989498" adm_scale3="0.995859" motion2="3.065302" vif_scale0="0.505267" vif_scale1="0.885417" vif_scale2="0.945805" vif_scale3="0.970373" vmaf="92.837995" />
    <frame frameNum="18" adm2="0.977642" adm_scale0="0.959865" adm_scale1="0.950909" adm_scale2="0.975904" adm_scale3="0.993246" motion2="3.065302" vif_scale0="0.504957" vif_scale1="0.884528" vif_scale2="0.945990" vif_scale3="0.970400" vmaf="91.688014" />
    <frame frameNum="19" adm2="0.982712" adm_scale0="0.963350" adm_scale1="0.960309" adm_scale2="0.984200" adm_scale3="0.995723" motion2="3.216635" vif_scale0="0.500777" vif_scale1="0.883599" vif_scale2="0.945266" vif_scale3="0.969684" vmaf="92.871783" />
    <frame frameNum="20" adm2="0.986830" adm_scale0="0.966759" adm_scale1="0.964101" adm_scale2="0.990596" adm_scale3="0.998612" motion2="2.992759" vif_scale0="0.503159" vif_scale1="0.892573" vif_scale2="0.952116" vif_scale3="0.974482" vmaf="94.165115" />
    <frame frameNum="21" adm2="0.982257" adm_scale0="0.962055" adm_scale1="0.955400" adm_scale2="0.986477" adm_scale3="0.995154" motion2="2.992759" vif_scale0="0.494583" vif_scale1="0.881552" vif_scale2="0.944006" vif_scale3="0.968994" vmaf="92.409157" />
    <frame frameNum="22" adm2="0.982916" adm_scale0="0.963931" adm_scale1="0.960120" adm_scale2="0.983543" adm_scale3="0.996205" motion2="3.364288" vif_scale0="0.488034" vif_scale1="0.879554" vif_scale2="0.944305" vif_scale3="0.970074" vmaf="93.095588" />
    <frame frameNum="23" adm2="0.979226" adm_scale0="0.960408" adm_scale1="0.957346" adm_scale2="0.981633" adm_scale3="0.991305" motion2="2.941125" vif_scale0="0.484596" vif_scale1="0.877037" vif_scale2="0.942925" vif_scale3="0.969173" vmaf="91.681396" />
    <frame frameNum="24" adm2="0.988347" adm_scale0="0.968386" adm_scale1="0.967322" adm_scale2="0.992102" adm_scale3="0.999197" motion2="2.941125" vif_scale0="0.501096" vif_scale1="0.890912" vif_scale2="0.952003" vif_scale3="0.975017" vmaf="94.467377" />
    <frame frameNum="25" adm2="0.981561" adm_scale0="0.962685" adm_scale1="0.957976" adm_scale2="0.984300" adm_scale3="0.993982" motion2="2.852221" vif_scale0="0.489228" vif_scale1="0.876036" vif_scale2="0.942096" vif_scale3="0.968810" vmaf="92.003269" />
    <frame frameNum="26" adm2="0.982960" adm_scale0="0.965122" adm_scale1="0.960978" adm_scale2="0.986805" adm_scale3="0.993748" motion2="2.776766" vif_scale0="0.494956" vif_scale1="0.882273" vif_scale2="0.945593" vif_scale3="0.970065" vmaf="92.454395" />
    <frame frameNum="27" adm2="0.982586" adm_scale0="0.965438" adm_scale1="0.962707" adm_scale2="0.985927" adm_scale3="0.992913" motion2="2.509950" vif_scale0="0.488163" vif_scale1="0.875119" vif_scale2="0.941048" vif_scale3="0.967414" vmaf="91.662939" />
    <frame frameNum="28" adm2="0.985823" adm_scale0="0.966994" adm_scale1="0.964665" adm_scale2="0.990639" adm_scale3="0.995825" motion2="2.509950" vif_scale0="0.497795" vif_scale1="0.887997" vif_scale2="0.950015" vif_scale3="0.973015" vmaf="93.170016" />
    <frame frameNum="29" adm2="0.981779" adm_scale0="0.961985" adm_scale1="0.958371" adm_scale2="0.988495" adm_scale3="0.991807" motion2="2.816446" vif_scale0="0.492371" vif_scale1="0.875622" vif_scale2="0.940842" vif_scale3="0.967366" vmaf="91.835445" />
    <frame frameNum="30" adm2="0.982360" adm_scale0="0.963783" adm_scale1="0.962463" adm_scale2="0.986998" adm_scale3="0.992088" motion2="2.816446" vif_scale0="0.495888" vif_scale1="0.879691" vif_scale2="0.944344" vif_scale3="0.969436" vmaf="92.267113" />
    <frame frameNum="31" adm2="0.980262" adm_scale0="0.960455" adm_scale1="0.955789" adm_scale2="0.986918" adm_scale3="0.990929" motion2="2.870256" vif_scale0="0.485654" vif_scale1="0.875300" vif_scale2="0.941152" vif_scale3="0.967250" vmaf="91.590483" />
    <frame frameNum="32" adm2="0.988939" adm_scale0="0.968089" adm_scale1="0.968301" adm_scale2="0.992777" adm_scale3="1.000077" motion2="2.870256" vif_scale0="0.521691" vif_scale1="0.908322" vif_scale2="0.962609" vif_scale3="0.980849" vmaf="95.426410" />
    <frame frameNum="33" adm2="0.983921" adm_scale0="0.962697" adm_scale1="0.956899" adm_scale2="0.991547" adm_scale3="0.994956" motion2="4.198459" vif_scale0="0.491853" vif_scale1="0.874881" vif_scale2="0.940267" vif_scale3="0.966627" vmaf="93.837603" />
    <frame frameNum="34" adm2="0.983303" adm_scale0="0.963882" adm_scale1="0.956756" adm_scale2="0.988398" adm_scale3="0.995253" motion2="4.198459" vif_scale0="0.492032" vif_scale1="0.876587" vif_scale2="0.942394" vif_scale3="0.968772" vmaf="93.964359" />
    <frame frameNum="35" adm2="0.975904" adm_scale0="0.961126" adm_scale1="0.949452" adm_scale2="0.974652" adm_scale3="0.990589" motion2="5.916987" vif_scale0="0.488852" vif_scale1="0.864346" vif_scale2="0.933621" vif_scale3="0.963448" vmaf="93.560174" />
    <frame frameNum="36" adm2="0.982132" adm_scale0="0.963004" adm_scale1="0.957938" adm_scale2="0.984176" adm_scale3="0.994542" motion2="6.934131" vif_scale0="0.523446" vif_scale1="0.879142" vif_scale2="0.941944" vif_scale3="0.968728" vmaf="96.799097" />
    <frame frameNum="37" adm2="0.974409" adm_scale0="0.961010" adm_scale1="0.943528" adm_scale2="0.969300" adm_scale3="0.992156" motion2="7.691448" vif_scale0="0.514111" vif_scale1="0.865277" vif_scale2="0.932265" vif_scale3="0.962594" vmaf="95.084469" />
    <frame frameNum="38" adm2="0.974889" adm_scale0="0.962689" adm_scale1="0.940552" adm_scale2="0.975253" adm_scale3="0.989854" motion2="8.290002" vif_scale0="0.532402" vif_scale1="0.872110" vif_scale2="0.933613" vif_scale3="0.962724" vmaf="95.917147" />
    <frame frameNum="39" adm2="0.974001" adm_scale0="0.964307" adm_scale1="0.944714" adm_scale2="0.974417" adm_scale3="0.986221" motion2="9.201682" vif_scale0="0.536399" vif_scale1="0.873716" vif_scale2="0.933139" vif_scale3="0.961200" vmaf="96.579886" />
    <frame frameNum="40" adm2="0.964126" adm_scale0="0.958133" adm_scale1="0.937064" adm_scale2="0.957270" adm_scale3="0.978924" motion2="9.585089" vif_scale0="0.543199" vif_scale1="0.881747" vif_scale2="0.939550" vif_scale3="0.966833" vmaf="95.590586" />
    <frame frameNum="41" adm2="0.970258" adm_scale0="0.962981" adm_scale1="0.943682" adm_scale2="0.969737" adm_scale3="0.981316" motion2="9.823271" vif_scale0="0.535262" vif_scale1="0.870883" vif_scale2="0.931501" vif_scale3="0.960874" vmaf="96.343704" />
    <frame frameNum="42" adm2="0.977052" adm_scale0="0.967980" adm_scale1="0.958430" adm_scale2="0.972274" adm_scale3="0.988731" motion2="9.695138" vif_scale0="0.531783" vif_scale1="0.872762" vif_scale2="0.933934" vif_scale3="0.962610" vmaf="97.901825" />
    <frame frameNum="43" adm2="0.971808" adm_scale0="0.962334" adm_scale1="0.940988" adm_scale2="0.970303" adm_scale3="0.985889" motion2="9.695138" vif_scale0="0.529834" vif_scale1="0.872047" vif_scale2="0.932151" vif_scale3="0.961604" vmaf="96.621196" />
    <frame frameNum="44" adm2="0.972772" adm_scale0="0.964097" adm_scale1="0.948644" adm_scale2="0.967825" adm_scale3="0.986433" motion2="9.964064" vif_scale0="0.540321" vif_scale1="0.880331" vif_scale2="0.938725" vif_scale3="0.967026" vmaf="97.827616" />
    <frame frameNum="45" adm2="0.965243" adm_scale0="0.960879" adm_scale1="0.937253" adm_scale2="0.957865" adm_scale3="0.980435" motion2="9.690370" vif_scale0="0.532396" vif_scale1="0.869249" vif_scale2="0.929733" vif_scale3="0.959145" vmaf="94.916666" />
    <frame frameNum="46" adm2="0.968927" adm_scale0="0.961732" adm_scale1="0.939332" adm_scale2="0.965719" adm_scale3="0.982961" motion2="9.690370" vif_scale0="0.549907" vif_scale1="0.883648" vif_scale2="0.938017" vif_scale3="0.964217" vmaf="96.472488" />
    <frame frameNum="47" adm2="0.970015" adm_scale0="0.962507" adm_scale1="0.940918" adm_scale2="0.968168" adm_scale3="0.982843" motion2="9.335769" vif_scale0="0.553419" vif_scale1="0.885447" vif_scale2="0.938018" vif_scale3="0.962791" vmaf="96.218935" />
    <frame frameNum="48" adm2="0.979607" adm_scale0="0.965548" adm_scale1="0.953959" adm_scale2="0.976481" adm_scale3="0.993703" motion2="9.335769" vif_scale0="0.596947" vif_scale1="0.927122" vif_scale2="0.966231" vif_scale3="0.981859" vmaf="101.117982" />
    <frame frameNum="49" adm2="0.972378" adm_scale0="0.965686" adm_scale1="0.949191" adm_scale2="0.968466" adm_scale3="0.984116" motion2="9.337810" vif_scale0="0.560067" vif_scale1="0.892089" vif_scale2="0.942386" vif_scale3="0.965490" vmaf="97.138048" />
    <frame frameNum="50" adm2="0.969436" adm_scale0="0.962467" adm_scale1="0.941032" adm_scale2="0.963824" adm_scale3="0.983497" motion2="9.054583" vif_scale0="0.547881" vif_scale1="0.880239" vif_scale2="0.935823" vif_scale3="0.962725" vmaf="95.684188" />
    <frame frameNum="51" adm2="0.976548" adm_scale0="0.966027" adm_scale1="0.952684" adm_scale2="0.976021" adm_scale3="0.987323" motion2="9.041745" vif_scale0="0.545657" vif_scale1="0.882491" vif_scale2="0.938000" vif_scale3="0.964536" vmaf="97.433635" />
    <frame frameNum="52" adm2="0.979920" adm_scale0="0.967124" adm_scale1="0.957445" adm_scale2="0.981455" adm_scale3="0.989992" motion2="8.486893" vif_scale0="0.550555" vif_scale1="0.887661" vif_scale2="0.943598" vif_scale3="0.969016" vmaf="98.152654" />
    <frame frameNum="53" adm2="0.971156" adm_scale0="0.962877" adm_scale1="0.940415" adm_scale2="0.965016" adm_scale3="0.987757" motion2="7.573438" vif_scale0="0.517394" vif_scale1="0.861198" vif_scale2="0.927351" vif_scale3="0.958597" vmaf="93.739666" />
    <frame frameNum="54" adm2="0.982521" adm_scale0="0.969880" adm_scale1="0.964532" adm_scale2="0.985942" adm_scale3="0.990132" motion2="7.007406" vif_scale0="0.513965" vif_scale1="0.862280" vif_scale2="0.931311" vif_scale3="0.962055" vmaf="95.983303" />
    <frame frameNum="55" adm2="0.977967" adm_scale0="0.960218" adm_scale1="0.950427" adm_scale2="0.980922" adm_scale3="0.991223" motion2="6.151161" vif_scale0="0.493508" vif_scale1="0.850592" vif_scale2="0.926502" vif_scale3="0.961226" vmaf="93.789601" />
    <frame frameNum="56" adm2="0.985168" adm_scale0="0.969730" adm_scale1="0.957788" adm_scale2="0.987793" adm_scale3="0.997365" motion2="6.116088" vif_scale0="0.491885" vif_scale1="0.862275" vif_scale2="0.938631" vif_scale3="0.969405" vmaf="96.442564" />
    <frame frameNum="57" adm2="0.980802" adm_scale0="0.963984" adm_scale1="0.947050" adm_scale2="0.985823" adm_scale3="0.994401" motion2="6.116088" vif_scale0="0.491026" vif_scale1="0.853015" vif_scale2="0.929848" vif_scale3="0.962678" vmaf="94.610532" />
    <frame frameNum="58" adm2="0.977324" adm_scale0="0.961947" adm_scale1="0.951809" adm_scale2="0.977428" adm_scale3="0.990855" motion2="7.095902" vif_scale0="0.506198" vif_scale1="0.861182" vif_scale2="0.933289" vif_scale3="0.964195" vmaf="95.218051" />
    <frame frameNum="59" adm2="0.980741" adm_scale0="0.962234" adm_scale1="0.953226" adm_scale2="0.981804" adm_scale3="0.994671" motion2="7.340748" vif_scale0="0.502813" vif_scale1="0.859049" vif_scale2="0.930679" vif_scale3="0.961562" vmaf="95.907277" />
    <frame frameNum="60" adm2="0.982232" adm_scale0="0.965121" adm_scale1="0.960841" adm_scale2="0.985145" adm_scale3="0.992752" motion2="7.373094" vif_scale0="0.521142" vif_scale1="0.872758" vif_scale2="0.939460" vif_scale3="0.968039" vmaf="97.145030" />
    <frame frameNum="61" adm2="0.977722" adm_scale0="0.959065" adm_scale1="0.945890" adm_scale2="0.977969" adm_scale3="0.992934" motion2="7.932577" vif_scale0="0.511754" vif_scale1="0.863831" vif_scale2="0.933400" vif_scale3="0.963832" vmaf="96.202875" />
    <frame frameNum="62" adm2="0.978427" adm_scale0="0.961150" adm_scale1="0.945309" adm_scale2="0.978794" adm_scale3="0.994229" motion2="8.347490" vif_scale0="0.509922" vif_scale1="0.861681" vif_scale2="0.932896" vif_scale3="0.963463" vmaf="96.755133" />
    <frame frameNum="63" adm2="0.975245" adm_scale0="0.955729" adm_scale1="0.936732" adm_scale2="0.975377" adm_scale3="0.993102" motion2="8.881413" vif_scale0="0.510383" vif_scale1="0.861559" vif_scale2="0.932489" vif_scale3="0.963557" vmaf="96.639193" />
    <frame frameNum="64" adm2="0.977092" adm_scale0="0.957867" adm_scale1="0.942935" adm_scale2="0.975910" adm_scale3="0.994410" motion2="9.587723" vif_scale0="0.521983" vif_scale1="0.879943" vif_scale2="0.946633" vif_scale3="0.972436" vmaf="99.100210" />
    <frame frameNum="65" adm2="0.979072" adm_scale0="0.961996" adm_scale1="0.930823" adm_scale2="0.979253" adm_scale3="0.999791" motion2="10.133101" vif_scale0="0.496654" vif_scale1="0.854320" vif_scale2="0.930819" vif_scale3="0.963750" vmaf="98.715854" />
    <frame frameNum="66" adm2="0.975853" adm_scale0="0.956444" adm_scale1="0.934336" adm_scale2="0.976398" adm_scale3="0.994252" motion2="10.653828" vif_scale0="0.506118" vif_scale1="0.859941" vif_scale2="0.932715" vif_scale3="0.963815" vmaf="98.659418" />
    <frame frameNum="67" adm2="0.975923" adm_scale0="0.958627" adm_scale1="0.933827" adm_scale2="0.976693" adm_scale3="0.994489" motion2="11.115594" vif_scale0="0.515463" vif_scale1="0.860594" vif_scale2="0.930037" vif_scale3="0.961066" vmaf="98.833075" />
    <frame frameNum="68" adm2="0.980307" adm_scale0="0.958831" adm_scale1="0.946214" adm_scale2="0.978904" adm_scale3="0.997749" motion2="11.631356" vif_scale0="0.517887" vif_scale1="0.867937" vif_scale2="0.936531" vif_scale3="0.965865" vmaf="100.949380" />
    <frame frameNum="69" adm2="0.973988" adm_scale0="0.957034" adm_scale1="0.930830" adm_scale2="0.973253" adm_scale3="0.993611" motion2="11.631356" vif_scale0="0.526162" vif_scale1="0.865086" vif_scale2="0.930820" vif_scale3="0.960380" vmaf="98.939071" />
    <frame frameNum="70" adm2="0.974665" adm_scale0="0.957759" adm_scale1="0.935435" adm_scale2="0.973999" adm_scale3="0.991831" motion2="12.472349" vif_scale0="0.536374" vif_scale1="0.876185" vif_scale2="0.937733" vif_scale3="0.965196" vmaf="100.616912" />
    <frame frameNum="71" adm2="0.969438" adm_scale0="0.954698" adm_scale1="0.930102" adm_scale2="0.967191" adm_scale3="0.986534" motion2="12.472349" vif_scale0="0.542053" vif_scale1="0.876054" vif_scale2="0.935622" vif_scale3="0.963801" vmaf="99.309390" />
    <frame frameNum="72" adm2="0.967610" adm_scale0="0.955261" adm_scale1="0.926456" adm_scale2="0.963377" adm_scale3="0.987099" motion2="13.029011" vif_scale0="0.538907" vif_scale1="0.883765" vif_scale2="0.942944" vif_scale3="0.968519" vmaf="100.146070" />
    <frame frameNum="73" adm2="0.978689" adm_scale0="0.961485" adm_scale1="0.942189" adm_scale2="0.974805" adm_scale3="0.997426" motion2="12.860599" vif_scale0="0.527913" vif_scale1="0.870401" vif_scale2="0.934282" vif_scale3="0.963485" vmaf="101.564874" />
    <frame frameNum="74" adm2="0.979301" adm_scale0="0.964786" adm_scale1="0.944209" adm_scale2="0.979958" adm_scale3="0.994306" motion2="12.854736" vif_scale0="0.529086" vif_scale1="0.875457" vif_scale2="0.939194" vif_scale3="0.966613" vmaf="102.146766" />
    <frame frameNum="75" adm2="0.982518" adm_scale0="0.962313" adm_scale1="0.946148" adm_scale2="0.980206" adm_scale3="1.000527" motion2="12.854736" vif_scale0="0.533215" vif_scale1="0.875714" vif_scale2="0.937430" vif_scale3="0.965169" vmaf="102.658747" />
    <frame frameNum="76" adm2="0.977971" adm_scale0="0.966082" adm_scale1="0.941498" adm_scale2="0.977950" adm_scale3="0.992106" motion2="13.063421" vif_scale0="0.544207" vif_scale1="0.886538" vif_scale2="0.944259" vif_scale3="0.968713" vmaf="102.486747" />
    <frame frameNum="77" adm2="0.978775" adm_scale0="0.964871" adm_scale1="0.946556" adm_scale2="0.971391" adm_scale3="0.996491" motion2="12.974502" vif_scale0="0.535716" vif_scale1="0.877183" vif_scale2="0.937338" vif_scale3="0.964118" vmaf="101.894342" />
    <frame frameNum="78" adm2="0.982525" adm_scale0="0.962694" adm_scale1="0.952288" adm_scale2="0.985432" adm_scale3="0.995656" motion2="12.800354" vif_scale0="0.542331" vif_scale1="0.884257" vif_scale2="0.942254" vif_scale3="0.967565" vmaf="103.025441" />
    <frame frameNum="79" adm2="0.975294" adm_scale0="0.960634" adm_scale1="0.937290" adm_scale2="0.971938" adm_scale3="0.993107" motion2="12.800354" vif_scale0="0.536832" vif_scale1="0.876278" vif_scale2="0.935145" vif_scale3="0.961767" vmaf="100.703489" />
    <frame frameNum="80" adm2="0.985645" adm_scale0="0.964097" adm_scale1="0.944491" adm_scale2="0.989751" adm_scale3="1.001526" motion2="12.288285" vif_scale0="0.572430" vif_scale1="0.919502" vif_scale2="0.965381" vif_scale3="0.982255" vmaf="105.461831" />
    <frame frameNum="81" adm2="0.978190" adm_scale0="0.959536" adm_scale1="0.936636" adm_scale2="0.975961" adm_scale3="0.997965" motion2="12.156039" vif_scale0="0.539805" vif_scale1="0.887517" vif_scale2="0.945183" vif_scale3="0.969776" vmaf="101.749543" />
    <frame frameNum="82" adm2="0.970817" adm_scale0="0.955257" adm_scale1="0.921576" adm_scale2="0.971119" adm_scale3="0.990615" motion2="11.749644" vif_scale0="0.545148" vif_scale1="0.885373" vif_scale2="0.941779" vif_scale3="0.967263" vmaf="99.420139" />
    <frame frameNum="83" adm2="0.976811" adm_scale0="0.959874" adm_scale1="0.933070" adm_scale2="0.977365" adm_scale3="0.995530" motion2="11.213417" vif_scale0="0.537991" vif_scale1="0.882974" vif_scale2="0.942658" vif_scale3="0.968552" vmaf="100.284633" />
    <frame frameNum="84" adm2="0.977776" adm_scale0="0.958621" adm_scale1="0.932595" adm_scale2="0.979723" adm_scale3="0.996336" motion2="11.213417" vif_scale0="0.546629" vif_scale1="0.889875" vif_scale2="0.947110" vif_scale3="0.971216" vmaf="100.910768" />
    <frame frameNum="85" adm2="0.978388" adm_scale0="0.959888" adm_scale1="0.935757" adm_scale2="0.975639" adm_scale3="0.998185" motion2="10.529059" vif_scale0="0.533163" vif_scale1="0.881289" vif_scale2="0.941048" vif_scale3="0.967465" vmaf="99.755083" />
    <frame frameNum="86" adm2="0.979250" adm_scale0="0.958645" adm_scale1="0.937549" adm_scale2="0.979230" adm_scale3="0.997944" motion2="9.761002" vif_scale0="0.535545" vif_scale1="0.883887" vif_scale2="0.944240" vif_scale3="0.969873" vmaf="99.461786" />
    <frame frameNum="87" adm2="0.977725" adm_scale0="0.959671" adm_scale1="0.938649" adm_scale2="0.978389" adm_scale3="0.994698" motion2="9.214196" vif_scale0="0.531216" vif_scale1="0.878795" vif_scale2="0.940530" vif_scale3="0.966785" vmaf="98.142036" />
    <frame frameNum="88" adm2="0.976130" adm_scale0="0.958404" adm_scale1="0.937221" adm_scale2="0.977127" adm_scale3="0.993558" motion2="8.763312" vif_scale0="0.529770" vif_scale1="0.886658" vif_scale2="0.947701" vif_scale3="0.972579" vmaf="98.079804" />
    <frame frameNum="89" adm2="0.979147" adm_scale0="0.959763" adm_scale1="0.937962" adm_scale2="0.977928" adm_scale3="0.999177" motion2="8.763312" vif_scale0="0.524796" vif_scale1="0.876707" vif_scale2="0.940196" vif_scale3="0.967411" vmaf="97.991625" />
    <frame frameNum="90" adm2="0.981221" adm_scale0="0.962379" adm_scale1="0.944474" adm_scale2="0.982204" adm_scale3="0.998424" motion2="8.124693" vif_scale0="0.528716" vif_scale1="0.882740" vif_scale2="0.944434" vif_scale3="0.969972" vmaf="98.130995" />
    <frame frameNum="91" adm2="0.981758" adm_scale0="0.961591" adm_scale1="0.938103" adm_scale2="0.980712" adm_scale3="1.001044" motion2="8.066119" vif_scale0="0.515929" vif_scale1="0.872979" vif_scale2="0.938826" vif_scale3="0.967451" vmaf="97.733997" />
    <frame frameNum="92" adm2="0.976286" adm_scale0="0.961300" adm_scale1="0.944300" adm_scale2="0.978364" adm_scale3="0.990317" motion2="7.910059" vif_scale0="0.524397" vif_scale1="0.882179" vif_scale2="0.944360" vif_scale3="0.969274" vmaf="96.773529" />
    <frame frameNum="93" adm2="0.981210" adm_scale0="0.959863" adm_scale1="0.939308" adm_scale2="0.985122" adm_scale3="0.998779" motion2="7.162950" vif_scale0="0.502914" vif_scale1="0.872126" vif_scale2="0.940127" vif_scale3="0.967526" vmaf="96.681782" />
    <frame frameNum="94" adm2="0.988925" adm_scale0="0.964839" adm_scale1="0.961572" adm_scale2="0.995666" adm_scale3="1.000364" motion2="6.881777" vif_scale0="0.507670" vif_scale1="0.875067" vif_scale2="0.941607" vif_scale3="0.969359" vmaf="98.235939" />
    <frame frameNum="95" adm2="0.986557" adm_scale0="0.962714" adm_scale1="0.953504" adm_scale2="0.986972" adm_scale3="1.003892" motion2="6.881777" vif_scale0="0.494721" vif_scale1="0.870763" vif_scale2="0.940200" vif_scale3="0.967767" vmaf="97.540923" />
    <frame frameNum="96" adm2="0.985868" adm_scale0="0.963637" adm_scale1="0.958648" adm_scale2="0.988488" adm_scale3="0.999982" motion2="6.838077" vif_scale0="0.526720" vif_scale1="0.896579" vif_scale2="0.955165" vif_scale3="0.977517" vmaf="98.776646" />
    <frame frameNum="97" adm2="0.985146" adm_scale0="0.963127" adm_scale1="0.952968" adm_scale2="0.985213" adm_scale3="1.002340" motion2="6.494508" vif_scale0="0.512468" vif_scale1="0.876133" vif_scale2="0.941465" vif_scale3="0.968132" vmaf="96.885704" />
    <frame frameNum="98" adm2="0.987622" adm_scale0="0.968233" adm_scale1="0.955632" adm_scale2="0.993478" adm_scale3="1.000381" motion2="6.203431" vif_scale0="0.517422" vif_scale1="0.879721" vif_scale2="0.943898" vif_scale3="0.970416" vmaf="97.374017" />
    <frame frameNum="99" adm2="0.985255" adm_scale0="0.963533" adm_scale1="0.950755" adm_scale2="0.990507" adm_scale3="0.999475" motion2="6.203431" vif_scale0="0.514452" vif_scale1="0.875914" vif_scale2="0.940769" vif_scale3="0.968047" vmaf="96.543078" />
    <frame frameNum="100" adm2="0.984769" adm_scale0="0.966269" adm_scale1="0.953556" adm_scale2="0.986182" adm_scale3="0.999543" motion2="6.836185" vif_scale0="0.511559" vif_scale1="0.878396" vif_scale2="0.943465" vif_scale3="0.970076" vmaf="97.428429" />
    <frame frameNum="101" adm2="0.985150" adm_scale0="0.965715" adm_scale1="0.950434" adm_scale2="0.985196" adm_scale3="1.002327" motion2="7.031013" vif_scale0="0.506797" vif_scale1="0.870884" vif_scale2="0.938131" vif_scale3="0.966130" vmaf="97.186550" />
    <frame frameNum="102" adm2="0.986028" adm_scale0="0.970027" adm_scale1="0.966455" adm_scale2="0.986401" adm_scale3="0.997486" motion2="7.301840" vif_scale0="0.523378" vif_scale1="0.880660" vif_scale2="0.943168" vif_scale3="0.969133" vmaf="98.134062" />
    <frame frameNum="103" adm2="0.987000" adm_scale0="0.967384" adm_scale1="0.957493" adm_scale2="0.985770" adm_scale3="1.003035" motion2="7.677040" vif_scale0="0.522225" vif_scale1="0.877442" vif_scale2="0.940176" vif_scale3="0.967495" vmaf="98.500387" />
    <frame frameNum="104" adm2="0.982702" adm_scale0="0.964539" adm_scale1="0.952196" adm_scale2="0.987513" adm_scale3="0.995552" motion2="8.242241" vif_scale0="0.544102" vif_scale1="0.891117" vif_scale2="0.948402" vif_scale3="0.971704" vmaf="98.901574" />
    <frame frameNum="105" adm2="0.988364" adm_scale0="0.966688" adm_scale1="0.962985" adm_scale2="0.997686" adm_scale3="0.997453" motion2="8.252743" vif_scale0="0.528594" vif_scale1="0.879784" vif_scale2="0.941718" vif_scale3="0.966869" vmaf="99.447820" />
    <frame frameNum="106" adm2="0.990404" adm_scale0="0.968829" adm_scale1="0.967228" adm_scale2="0.998998" adm_scale3="0.999647" motion2="8.197223" vif_scale0="0.543891" vif_scale1="0.888553" vif_scale2="0.945503" vif_scale3="0.969780" vmaf="100.235611" />
    <frame frameNum="107" adm2="0.990388" adm_scale0="0.969318" adm_scale1="0.963051" adm_scale2="0.998623" adm_scale3="1.000140" motion2="8.151590" vif_scale0="0.551575" vif_scale1="0.889823" vif_scale2="0.944935" vif_scale3="0.968307" vmaf="100.047641" />
    <frame frameNum="108" adm2="0.984254" adm_scale0="0.965473" adm_scale1="0.956616" adm_scale2="0.987620" adm_scale3="0.997321" motion2="8.151590" vif_scale0="0.548809" vif_scale1="0.895330" vif_scale2="0.949955" vif_scale3="0.972251" vmaf="99.254868" />
    <frame frameNum="109" adm2="0.988645" adm_scale0="0.969968" adm_scale1="0.966715" adm_scale2="0.996373" adm_scale3="0.996923" motion2="8.173396" vif_scale0="0.548743" vif_scale1="0.887218" vif_scale2="0.943888" vif_scale3="0.969027" vmaf="99.701855" />
    <frame frameNum="110" adm2="0.990584" adm_scale0="0.971624" adm_scale1="0.969271" adm_scale2="0.995442" adm_scale3="1.000500" motion2="7.728574" vif_scale0="0.552483" vif_scale1="0.893986" vif_scale2="0.949380" vif_scale3="0.972149" vmaf="100.120158" />
    <frame frameNum="111" adm2="0.990155" adm_scale0="0.971276" adm_scale1="0.967119" adm_scale2="0.997919" adm_scale3="0.998863" motion2="7.173264" vif_scale0="0.550205" vif_scale1="0.891816" vif_scale2="0.947504" vif_scale3="0.971467" vmaf="99.267135" />
    <frame frameNum="112" adm2="0.992045" adm_scale0="0.975281" adm_scale1="0.978053" adm_scale2="0.996453" adm_scale3="0.999564" motion2="6.855636" vif_scale0="0.585812" vif_scale1="0.922481" vif_scale2="0.965739" vif_scale3="0.981785" vmaf="100.994517" />
    <frame frameNum="113" adm2="0.984268" adm_scale0="0.967606" adm_scale1="0.960281" adm_scale2="0.986642" adm_scale3="0.996469" motion2="6.519027" vif_scale0="0.549527" vif_scale1="0.892595" vif_scale2="0.947807" vif_scale3="0.971614" vmaf="97.280791" />
    <frame frameNum="114" adm2="0.989535" adm_scale0="0.970077" adm_scale1="0.969724" adm_scale2="0.993132" adm_scale3="1.000060" motion2="6.067085" vif_scale0="0.537715" vif_scale1="0.889850" vif_scale2="0.947229" vif_scale3="0.971611" vmaf="97.873983" />
    <frame frameNum="115" adm2="0.984697" adm_scale0="0.966039" adm_scale1="0.954234" adm_scale2="0.985648" adm_scale3="1.000227" motion2="5.705991" vif_scale0="0.557706" vif_scale1="0.894067" vif_scale2="0.947127" vif_scale3="0.970708" vmaf="96.339311" />
    <frame frameNum="116" adm2="0.988901" adm_scale0="0.973721" adm_scale1="0.968035" adm_scale2="0.990080" adm_scale3="1.000121" motion2="5.386418" vif_scale0="0.555288" vif_scale1="0.899692" vif_scale2="0.951983" vif_scale3="0.973990" vmaf="97.352178" />
    <frame frameNum="117" adm2="0.984253" adm_scale0="0.967747" adm_scale1="0.964765" adm_scale2="0.984868" adm_scale3="0.995704" motion2="5.075470" vif_scale0="0.548022" vif_scale1="0.891563" vif_scale2="0.946766" vif_scale3="0.971046" vmaf="95.521932" />
    <frame frameNum="118" adm2="0.989738" adm_scale0="0.970310" adm_scale1="0.976353" adm_scale2="0.986861" adm_scale3="1.001451" motion2="4.830062" vif_scale0="0.541788" vif_scale1="0.892752" vif_scale2="0.949272" vif_scale3="0.973412" vmaf="96.716190" />
    <frame frameNum="119" adm2="0.983916" adm_scale0="0.968826" adm_scale1="0.967918" adm_scale2="0.985051" adm_scale3="0.993066" motion2="4.830062" vif_scale0="0.531940" vif_scale1="0.884530" vif_scale2="0.944371" vif_scale3="0.970770" vmaf="95.040936" />
    <frame frameNum="120" adm2="0.987399" adm_scale0="0.970551" adm_scale1="0.966301" adm_scale2="0.988810" adm_scale3="0.998845" motion2="4.543947" vif_scale0="0.550725" vif_scale1="0.901046" vif_scale2="0.953089" vif_scale3="0.974237" vmaf="96.111646" />
    <frame frameNum="121" adm2="0.985543" adm_scale0="0.968919" adm_scale1="0.957198" adm_scale2="0.986448" adm_scale3="1.000174" motion2="4.543947" vif_scale0="0.523829" vif_scale1="0.883153" vif_scale2="0.944275" vif_scale3="0.969995" vmaf="94.996769" />
    <frame frameNum="122" adm2="0.988702" adm_scale0="0.970484" adm_scale1="0.967664" adm_scale2="0.986815" adm_scale3="1.002710" motion2="4.681951" vif_scale0="0.534102" vif_scale1="0.891095" vif_scale2="0.948370" vif_scale3="0.971285" vmaf="96.115894" />
    <frame frameNum="123" adm2="0.986092" adm_scale0="0.970034" adm_scale1="0.964720" adm_scale2="0.982593" adm_scale3="1.000861" motion2="4.436007" vif_scale0="0.526309" vif_scale1="0.883568" vif_scale2="0.943612" vif_scale3="0.968927" vmaf="94.874491" />
    <frame frameNum="124" adm2="0.991505" adm_scale0="0.972786" adm_scale1="0.966885" adm_scale2="0.996060" adm_scale3="1.002769" motion2="4.410894" vif_scale0="0.531736" vif_scale1="0.894942" vif_scale2="0.951949" vif_scale3="0.974288" vmaf="96.799268" />
    <frame frameNum="125" adm2="0.985708" adm_scale0="0.967949" adm_scale1="0.965645" adm_scale2="0.985742" adm_scale3="0.997841" motion2="4.410894" vif_scale0="0.538281" vif_scale1="0.890704" vif_scale2="0.948174" vif_scale3="0.972559" vmaf="95.240812" />
    <frame frameNum="126" adm2="0.986220" adm_scale0="0.970578" adm_scale1="0.963150" adm_scale2="0.983816" adm_scale3="1.000238" motion2="4.462180" vif_scale0="0.542604" vif_scale1="0.893375" vif_scale2="0.949276" vif_scale3="0.972442" vmaf="95.449621" />
    <frame frameNum="127" adm2="0.985124" adm_scale0="0.969896" adm_scale1="0.959007" adm_scale2="0.982868" adm_scale3="1.000241" motion2="4.368739" vif_scale0="0.530278" vif_scale1="0.888643" vif_scale2="0.947615" vif_scale3="0.972028" vmaf="95.004135" />
    <frame frameNum="128" adm2="0.985145" adm_scale0="0.969887" adm_scale1="0.965588" adm_scale2="0.984836" adm_scale3="0.997039" motion2="4.368739" vif_scale0="0.558921" vif_scale1="0.909909" vif_scale2="0.959789" vif_scale3="0.979540" vmaf="96.137212" />
    <frame frameNum="129" adm2="0.987403" adm_scale0="0.970608" adm_scale1="0.969610" adm_scale2="0.990029" adm_scale3="0.996578" motion2="4.662647" vif_scale0="0.551424" vif_scale1="0.894139" vif_scale2="0.948082" vif_scale3="0.971030" vmaf="95.773184" />
    <frame frameNum="130" adm2="0.988089" adm_scale0="0.969281" adm_scale1="0.964264" adm_scale2="0.992638" adm_scale3="0.999058" motion2="4.662647" vif_scale0="0.537784" vif_scale1="0.891388" vif_scale2="0.948748" vif_scale3="0.972089" vmaf="96.038350" />
    <frame frameNum="131" adm2="0.982251" adm_scale0="0.967586" adm_scale1="0.954364" adm_scale2="0.984330" adm_scale3="0.994631" motion2="4.836417" vif_scale0="0.528739" vif_scale1="0.884835" vif_scale2="0.944863" vif_scale3="0.970025" vmaf="94.655496" />
    <frame frameNum="132" adm2="0.989166" adm_scale0="0.971528" adm_scale1="0.966919" adm_scale2="0.989760" adm_scale3="1.001726" motion2="5.031696" vif_scale0="0.550485" vif_scale1="0.896578" vif_scale2="0.951755" vif_scale3="0.975041" vmaf="97.065002" />
    <frame frameNum="133" adm2="0.983562" adm_scale0="0.963576" adm_scale1="0.961464" adm_scale2="0.986541" adm_scale3="0.995276" motion2="5.123641" vif_scale0="0.519778" vif_scale1="0.880126" vif_scale2="0.943215" vif_scale3="0.970351" vmaf="95.228356" />
    <frame frameNum="134" adm2="0.985524" adm_scale0="0.967615" adm_scale1="0.955681" adm_scale2="0.989507" adm_scale3="0.998466" motion2="5.137451" vif_scale0="0.528068" vif_scale1="0.887518" vif_scale2="0.948152" vif_scale3="0.972999" vmaf="96.087472" />
    <frame frameNum="135" adm2="0.983894" adm_scale0="0.967797" adm_scale1="0.953938" adm_scale2="0.988904" adm_scale3="0.995773" motion2="5.556020" vif_scale0="0.540436" vif_scale1="0.888386" vif_scale2="0.947195" vif_scale3="0.971820" vmaf="96.081443" />
    <frame frameNum="136" adm2="0.977182" adm_scale0="0.960475" adm_scale1="0.949798" adm_scale2="0.973474" adm_scale3="0.993463" motion2="5.698411" vif_scale0="0.551820" vif_scale1="0.896681" vif_scale2="0.951115" vif_scale3="0.974393" vmaf="95.176967" />
    <frame frameNum="137" adm2="0.987593" adm_scale0="0.965137" adm_scale1="0.961189" adm_scale2="0.990783" adm_scale3="1.000772" motion2="5.907775" vif_scale0="0.546895" vif_scale1="0.889844" vif_scale2="0.946707" vif_scale3="0.970425" vmaf="97.153737" />
    <frame frameNum="138" adm2="0.980079" adm_scale0="0.962338" adm_scale1="0.943771" adm_scale2="0.982553" adm_scale3="0.995594" motion2="6.206720" vif_scale0="0.522706" vif_scale1="0.883920" vif_scale2="0.945724" vif_scale3="0.971618" vmaf="95.929482" />
    <frame frameNum="139" adm2="0.982270" adm_scale0="0.963034" adm_scale1="0.950566" adm_scale2="0.985438" adm_scale3="0.996289" motion2="6.419833" vif_scale0="0.531567" vif_scale1="0.885194" vif_scale2="0.945045" vif_scale3="0.970618" vmaf="96.534165" />
    <frame frameNum="140" adm2="0.983473" adm_scale0="0.960781" adm_scale1="0.948801" adm_scale2="0.983650" adm_scale3="1.000444" motion2="6.691042" vif_scale0="0.542947" vif_scale1="0.895842" vif_scale2="0.952800" vif_scale3="0.975869" vmaf="97.859561" />
    <frame frameNum="141" adm2="0.983232" adm_scale0="0.966488" adm_scale1="0.948256" adm_scale2="0.986415" adm_scale3="0.997464" motion2="7.202104" vif_scale0="0.554592" vif_scale1="0.894302" vif_scale2="0.948901" vif_scale3="0.971659" vmaf="97.883918" />
    <frame frameNum="142" adm2="0.981841" adm_scale0="0.963465" adm_scale1="0.951330" adm_scale2="0.981393" adm_scale3="0.997375" motion2="7.314528" vif_scale0="0.548242" vif_scale1="0.893646" vif_scale2="0.949441" vif_scale3="0.973101" vmaf="97.844786" />
    <frame frameNum="143" adm2="0.983092" adm_scale0="0.964242" adm_scale1="0.948597" adm_scale2="0.984179" adm_scale3="0.998228" motion2="7.495216" vif_scale0="0.564486" vif_scale1="0.896162" vif_scale2="0.949221" vif_scale3="0.971931" vmaf="98.223896" />
    <frame frameNum="144" adm2="0.985312" adm_scale0="0.968737" adm_scale1="0.958458" adm_scale2="0.988271" adm_scale3="0.996850" motion2="7.396393" vif_scale0="0.607088" vif_scale1="0.929757" vif_scale2="0.968424" vif_scale3="0.982350" vmaf="100.341838" />
    <frame frameNum="145" adm2="0.977091" adm_scale0="0.960085" adm_scale1="0.938556" adm_scale2="0.976585" adm_scale3="0.994239" motion2="7.396393" vif_scale0="0.568673" vif_scale1="0.896738" vif_scale2="0.948346" vif_scale3="0.970895" vmaf="96.700145" />
    <frame frameNum="146" adm2="0.981480" adm_scale0="0.962133" adm_scale1="0.949432" adm_scale2="0.981500" adm_scale3="0.996860" motion2="7.952742" vif_scale0="0.575425" vif_scale1="0.904971" vif_scale2="0.954328" vif_scale3="0.975516" vmaf="98.910169" />
    <frame frameNum="147" adm2="0.981917" adm_scale0="0.966321" adm_scale1="0.947963" adm_scale2="0.978103" adm_scale3="0.998521" motion2="8.263140" vif_scale0="0.580733" vif_scale1="0.901118" vif_scale2="0.950970" vif_scale3="0.972447" vmaf="98.959868" />
    <frame frameNum="148" adm2="0.983258" adm_scale0="0.968841" adm_scale1="0.953539" adm_scale2="0.982504" adm_scale3="0.997021" motion2="8.254028" vif_scale0="0.576123" vif_scale1="0.898724" vif_scale2="0.949352" vif_scale3="0.971773" vmaf="99.110014" />
    <frame frameNum="149" adm2="0.983215" adm_scale0="0.965246" adm_scale1="0.945492" adm_scale2="0.986351" adm_scale3="0.998416" motion2="8.254028" vif_scale0="0.582357" vif_scale1="0.910581" vif_scale2="0.957835" vif_scale3="0.976578" vmaf="99.872207" />
  </frames>
</VMAF>
