<VMAF version="47950a6">
  <params qualityWidth="1280" qualityHeight="720" />
  <fyi fps="13.89" />
  <frames>
    <frame frameNum="0" adm2="0.986331" adm_scale0="0.966969" adm_scale1="0.965935" adm_scale2="0.988891" adm_scale3="0.996885" motion2="0.000000" vif_scale0="0.593931" vif_scale1="0.936137" vif_scale2="0.971645" vif_scale3="0.984001" vmaf="91.905557" />
    <frame frameNum="1" adm2="0.980748" adm_scale0="0.960384" adm_scale1="0.959466" adm_scale2="0.981598" adm_scale3="0.993846" motion2="5.639671" vif_scale0="0.523036" vif_scale1="0.885481" vif_scale2="0.943228" vif_scale3="0.968222" vmaf="95.054703" />
    <frame frameNum="2" adm2="0.981487" adm_scale0="0.962350" adm_scale1="0.958367" adm_scale2="0.983032" adm_scale3="0.994516" motion2="5.106677" vif_scale0="0.533252" vif_scale1="0.894696" vif_scale2="0.949138" vif_scale3="0.971535" vmaf="95.115902" />
    <frame frameNum="3" adm2="0.981783" adm_scale0="0.961466" adm_scale1="0.956900" adm_scale2="0.986515" adm_scale3="0.993535" motion2="4.350933" vif_scale0="0.514531" vif_scale1="0.884232" vif_scale2="0.942433" vif_scale3="0.967086" vmaf="93.666858" />
    <frame frameNum="4" adm2="0.985247" adm_scale0="0.965415" adm_scale1="0.963287" adm_scale2="0.986071" adm_scale3="0.998078" motion2="3.279224" vif_scale0="0.511555" vif_scale1="0.896934" vif_scale2="0.952965" vif_scale3="0.974489" vmaf="94.197360" />
    <frame frameNum="5" adm2="0.984566" adm_scale0="0.961381" adm_scale1="0.963099" adm_scale2="0.991159" adm_scale3="0.994165" motion2="3.279224" vif_scale0="0.500487" vif_scale1="0.881936" vif_scale2="0.942871" vif_scale3="0.968544" vmaf="93.151227" />
    <frame frameNum="6" adm2="0.986814" adm_scale0="0.964390" adm_scale1="0.968279" adm_scale2="0.985761" adm_scale3="1.000243" motion2="4.885628" vif_scale0="0.523529" vif_scale1="0.894667" vif_scale2="0.949863" vif_scale3="0.972064" vmaf="96.085535" />
    <frame frameNum="7" adm2="0.980934" adm_scale0="0.964376" adm_scale1="0.958897" adm_scale2="0.983970" adm_scale3="0.991865" motion2="4.776041" vif_scale0="0.535128" vif_scale1="0.890253" vif_scale2="0.945167" vif_scale3="0.969680" vmaf="94.289128" />
    <frame frameNum="8" adm2="0.980289" adm_scale0="0.962596" adm_scale1="0.953166" adm_scale2="0.985197" adm_scale3="0.992374" motion2="4.056862" vif_scale0="0.522656" vif_scale1="0.906132" vif_scale2="0.958405" vif_scale3="0.978306" vmaf="94.588903" />
    <frame frameNum="9" adm2="0.983399" adm_scale0="0.965640" adm_scale1="0.962262" adm_scale2="0.986267" adm_scale3="0.994340" motion2="4.056862" vif_scale0="0.514082" vif_scale1="0.890914" vif_scale2="0.948474" vif_scale3="0.972066" vmaf="94.325571" />
    <frame frameNum="10" adm2="0.983752" adm_scale0="0.964074" adm_scale1="0.957493" adm_scale2="0.989352" adm_scale3="0.995306" motion2="6.112095" vif_scale0="0.530822" vif_scale1="0.894920" vif_scale2="0.949698" vif_scale3="0.971374" vmaf="96.774623" />
    <frame frameNum="11" adm2="0.979827" adm_scale0="0.962247" adm_scale1="0.951878" adm_scale2="0.980758" adm_scale3="0.994441" motion2="4.545020" vif_scale0="0.511235" vif_scale1="0.886741" vif_scale2="0.945218" vif_scale3="0.969184" vmaf="93.762269" />
    <frame frameNum="12" adm2="0.982964" adm_scale0="0.961331" adm_scale1="0.960067" adm_scale2="0.985849" adm_scale3="0.995456" motion2="3.989195" vif_scale0="0.519991" vif_scale1="0.901764" vif_scale2="0.954758" vif_scale3="0.975295" vmaf="94.685175" />
    <frame frameNum="13" adm2="0.982132" adm_scale0="0.963572" adm_scale1="0.954399" adm_scale2="0.988065" adm_scale3="0.993603" motion2="3.152309" vif_scale0="0.517832" vif_scale1="0.891830" vif_scale2="0.947299" vif_scale3="0.970227" vmaf="92.784304" />
    <frame frameNum="14" adm2="0.984335" adm_scale0="0.964407" adm_scale1="0.962581" adm_scale2="0.984275" adm_scale3="0.997767" motion2="3.152309" vif_scale0="0.520870" vif_scale1="0.899094" vif_scale2="0.953369" vif_scale3="0.974931" vmaf="93.893264" />
    <frame frameNum="15" adm2="0.982260" adm_scale0="0.961919" adm_scale1="0.956272" adm_scale2="0.986329" adm_scale3="0.994810" motion2="3.406580" vif_scale0="0.516318" vif_scale1="0.893627" vif_scale2="0.949169" vif_scale3="0.971961" vmaf="93.334927" />
    <frame frameNum="16" adm2="0.989271" adm_scale0="0.969932" adm_scale1="0.969465" adm_scale2="0.991918" adm_scale3="0.999862" motion2="4.074044" vif_scale0="0.559912" vif_scale1="0.929401" vif_scale2="0.971264" vif_scale3="0.985491" vmaf="97.696423" />
    <frame frameNum="17" adm2="0.985782" adm_scale0="0.965404" adm_scale1="0.960383" adm_scale2="0.987417" adm_scale3="0.999525" motion2="3.065302" vif_scale0="0.532607" vif_scale1="0.906327" vif_scale2="0.957681" vif_scale3="0.977568" vmaf="94.490494" />
    <frame frameNum="18" adm2="0.982893" adm_scale0="0.963225" adm_scale1="0.956593" adm_scale2="0.981812" adm_scale3="0.998406" motion2="3.065302" vif_scale0="0.530008" vif_scale1="0.903422" vif_scale2="0.956264" vif_scale3="0.976123" vmaf="93.691939" />
    <frame frameNum="19" adm2="0.984275" adm_scale0="0.966021" adm_scale1="0.963691" adm_scale2="0.987728" adm_scale3="0.994929" motion2="3.216635" vif_scale0="0.526183" vif_scale1="0.902980" vif_scale2="0.955859" vif_scale3="0.975843" vmaf="94.135120" />
    <frame frameNum="20" adm2="0.991187" adm_scale0="0.971774" adm_scale1="0.974919" adm_scale2="0.994872" adm_scale3="1.000358" motion2="2.992759" vif_scale0="0.531761" vif_scale1="0.914457" vif_scale2="0.964128" vif_scale3="0.981916" vmaf="96.208273" />
    <frame frameNum="21" adm2="0.987459" adm_scale0="0.966222" adm_scale1="0.965618" adm_scale2="0.992882" adm_scale3="0.997936" motion2="2.992759" vif_scale0="0.520028" vif_scale1="0.902468" vif_scale2="0.956241" vif_scale3="0.976613" vmaf="94.636528" />
    <frame frameNum="22" adm2="0.988251" adm_scale0="0.967302" adm_scale1="0.968204" adm_scale2="0.990742" adm_scale3="0.999799" motion2="3.364288" vif_scale0="0.513511" vif_scale1="0.899971" vif_scale2="0.955439" vif_scale3="0.976406" vmaf="95.204183" />
    <frame frameNum="23" adm2="0.987051" adm_scale0="0.965025" adm_scale1="0.964267" adm_scale2="0.992355" adm_scale3="0.998420" motion2="2.941125" vif_scale0="0.510579" vif_scale1="0.899972" vif_scale2="0.956057" vif_scale3="0.977421" vmaf="94.552159" />
    <frame frameNum="24" adm2="0.991887" adm_scale0="0.972048" adm_scale1="0.973343" adm_scale2="0.995463" adm_scale3="1.001893" motion2="2.941125" vif_scale0="0.524759" vif_scale1="0.909399" vif_scale2="0.961669" vif_scale3="0.980350" vmaf="96.064376" />
    <frame frameNum="25" adm2="0.986329" adm_scale0="0.965803" adm_scale1="0.970859" adm_scale2="0.985268" adm_scale3="0.998667" motion2="2.852221" vif_scale0="0.514359" vif_scale1="0.897877" vif_scale2="0.954067" vif_scale3="0.975551" vmaf="94.048695" />
    <frame frameNum="26" adm2="0.988615" adm_scale0="0.967986" adm_scale1="0.971379" adm_scale2="0.988694" adm_scale3="1.000853" motion2="2.776766" vif_scale0="0.520354" vif_scale1="0.903241" vif_scale2="0.957131" vif_scale3="0.976998" vmaf="94.695321" />
    <frame frameNum="27" adm2="0.986156" adm_scale0="0.966480" adm_scale1="0.967631" adm_scale2="0.988506" adm_scale3="0.997341" motion2="2.509950" vif_scale0="0.512940" vif_scale1="0.896756" vif_scale2="0.953395" vif_scale3="0.974702" vmaf="93.505087" />
    <frame frameNum="28" adm2="0.988991" adm_scale0="0.970855" adm_scale1="0.969043" adm_scale2="0.993531" adm_scale3="0.998529" motion2="2.509950" vif_scale0="0.522716" vif_scale1="0.907423" vif_scale2="0.960455" vif_scale3="0.979528" vmaf="94.802430" />
    <frame frameNum="29" adm2="0.983296" adm_scale0="0.965053" adm_scale1="0.962087" adm_scale2="0.986733" adm_scale3="0.994301" motion2="2.816446" vif_scale0="0.516466" vif_scale1="0.897389" vif_scale2="0.953071" vif_scale3="0.974656" vmaf="93.237350" />
    <frame frameNum="30" adm2="0.987107" adm_scale0="0.967106" adm_scale1="0.970807" adm_scale2="0.991436" adm_scale3="0.996065" motion2="2.816446" vif_scale0="0.521026" vif_scale1="0.900475" vif_scale2="0.955347" vif_scale3="0.975654" vmaf="94.230310" />
    <frame frameNum="31" adm2="0.986168" adm_scale0="0.965425" adm_scale1="0.964177" adm_scale2="0.991502" adm_scale3="0.997058" motion2="2.870256" vif_scale0="0.511854" vif_scale1="0.898847" vif_scale2="0.954699" vif_scale3="0.975966" vmaf="94.100740" />
    <frame frameNum="32" adm2="0.990143" adm_scale0="0.969091" adm_scale1="0.970416" adm_scale2="0.995094" adm_scale3="1.000236" motion2="2.870256" vif_scale0="0.545651" vif_scale1="0.924042" vif_scale2="0.970097" vif_scale3="0.985220" vmaf="96.363280" />
    <frame frameNum="33" adm2="0.986856" adm_scale0="0.967601" adm_scale1="0.964255" adm_scale2="0.992093" adm_scale3="0.997266" motion2="4.198459" vif_scale0="0.517280" vif_scale1="0.897226" vif_scale2="0.953310" vif_scale3="0.975227" vmaf="95.697339" />
    <frame frameNum="34" adm2="0.987868" adm_scale0="0.967281" adm_scale1="0.965705" adm_scale2="0.992248" adm_scale3="0.998970" motion2="4.198459" vif_scale0="0.517222" vif_scale1="0.898379" vif_scale2="0.954878" vif_scale3="0.976288" vmaf="96.068282" />
    <frame frameNum="35" adm2="0.981883" adm_scale0="0.965271" adm_scale1="0.956470" adm_scale2="0.981645" adm_scale3="0.996032" motion2="5.916987" vif_scale0="0.512972" vif_scale1="0.887034" vif_scale2="0.947223" vif_scale3="0.970955" vmaf="96.007884" />
    <frame frameNum="36" adm2="0.984171" adm_scale0="0.966143" adm_scale1="0.961183" adm_scale2="0.982925" adm_scale3="0.997948" motion2="6.934131" vif_scale0="0.548363" vif_scale1="0.901989" vif_scale2="0.955389" vif_scale3="0.976194" vmaf="98.433225" />
    <frame frameNum="37" adm2="0.982663" adm_scale0="0.964104" adm_scale1="0.957029" adm_scale2="0.982681" adm_scale3="0.996718" motion2="7.691448" vif_scale0="0.536145" vif_scale1="0.886861" vif_scale2="0.945877" vif_scale3="0.970592" vmaf="98.080992" />
    <frame frameNum="38" adm2="0.979717" adm_scale0="0.964798" adm_scale1="0.952652" adm_scale2="0.981521" adm_scale3="0.992019" motion2="8.290002" vif_scale0="0.552362" vif_scale1="0.890889" vif_scale2="0.945781" vif_scale3="0.970170" vmaf="98.081335" />
    <frame frameNum="39" adm2="0.977140" adm_scale0="0.966571" adm_scale1="0.953767" adm_scale2="0.975185" adm_scale3="0.989075" motion2="9.201682" vif_scale0="0.554080" vif_scale1="0.890140" vif_scale2="0.943183" vif_scale3="0.966968" vmaf="98.159034" />
    <frame frameNum="40" adm2="0.968044" adm_scale0="0.960172" adm_scale1="0.941325" adm_scale2="0.964360" adm_scale3="0.981326" motion2="9.585089" vif_scale0="0.557273" vif_scale1="0.895453" vif_scale2="0.947714" vif_scale3="0.971644" vmaf="97.182321" />
    <frame frameNum="41" adm2="0.975562" adm_scale0="0.964196" adm_scale1="0.948144" adm_scale2="0.977243" adm_scale3="0.986706" motion2="9.823271" vif_scale0="0.553423" vif_scale1="0.889985" vif_scale2="0.944272" vif_scale3="0.968906" vmaf="98.683802" />
    <frame frameNum="42" adm2="0.982363" adm_scale0="0.972116" adm_scale1="0.965665" adm_scale2="0.981284" adm_scale3="0.991505" motion2="9.695138" vif_scale0="0.550130" vif_scale1="0.890485" vif_scale2="0.944945" vif_scale3="0.969434" vmaf="100.080730" />
    <frame frameNum="43" adm2="0.974056" adm_scale0="0.964919" adm_scale1="0.946401" adm_scale2="0.974672" adm_scale3="0.985693" motion2="9.695138" vif_scale0="0.545981" vif_scale1="0.887993" vif_scale2="0.942792" vif_scale3="0.968128" vmaf="98.089932" />
    <frame frameNum="44" adm2="0.979332" adm_scale0="0.966759" adm_scale1="0.957863" adm_scale2="0.976592" adm_scale3="0.991911" motion2="9.964064" vif_scale0="0.557463" vif_scale1="0.897688" vif_scale2="0.949584" vif_scale3="0.973077" vmaf="100.216464" />
    <frame frameNum="45" adm2="0.970680" adm_scale0="0.962275" adm_scale1="0.944896" adm_scale2="0.964442" adm_scale3="0.985626" motion2="9.690370" vif_scale0="0.550806" vif_scale1="0.887559" vif_scale2="0.942084" vif_scale3="0.967422" vmaf="97.276681" />
    <frame frameNum="46" adm2="0.975087" adm_scale0="0.967145" adm_scale1="0.946962" adm_scale2="0.972885" adm_scale3="0.988254" motion2="9.690370" vif_scale0="0.567204" vif_scale1="0.901915" vif_scale2="0.950110" vif_scale3="0.972397" vmaf="98.994400" />
    <frame frameNum="47" adm2="0.972253" adm_scale0="0.965519" adm_scale1="0.945687" adm_scale2="0.966639" adm_scale3="0.986146" motion2="9.335769" vif_scale0="0.569454" vif_scale1="0.900157" vif_scale2="0.947791" vif_scale3="0.969494" vmaf="97.672244" />
    <frame frameNum="48" adm2="0.982978" adm_scale0="0.969811" adm_scale1="0.957658" adm_scale2="0.982376" adm_scale3="0.995287" motion2="9.335769" vif_scale0="0.611805" vif_scale1="0.937295" vif_scale2="0.971515" vif_scale3="0.985014" vmaf="102.377466" />
    <frame frameNum="49" adm2="0.976050" adm_scale0="0.967842" adm_scale1="0.949307" adm_scale2="0.973908" adm_scale3="0.988365" motion2="9.337810" vif_scale0="0.576328" vif_scale1="0.906960" vif_scale2="0.952333" vif_scale3="0.972475" vmaf="98.940892" />
    <frame frameNum="50" adm2="0.974702" adm_scale0="0.966683" adm_scale1="0.951726" adm_scale2="0.970333" adm_scale3="0.986644" motion2="9.054583" vif_scale0="0.564867" vif_scale1="0.895344" vif_scale2="0.945258" vif_scale3="0.968673" vmaf="97.711462" />
    <frame frameNum="51" adm2="0.978633" adm_scale0="0.967040" adm_scale1="0.951626" adm_scale2="0.979952" adm_scale3="0.989647" motion2="9.041745" vif_scale0="0.560634" vif_scale1="0.896636" vif_scale2="0.947334" vif_scale3="0.970116" vmaf="98.745963" />
    <frame frameNum="52" adm2="0.982424" adm_scale0="0.969404" adm_scale1="0.960760" adm_scale2="0.984014" adm_scale3="0.992258" motion2="8.486893" vif_scale0="0.568555" vif_scale1="0.902348" vif_scale2="0.952252" vif_scale3="0.973882" vmaf="99.479950" />
    <frame frameNum="53" adm2="0.978979" adm_scale0="0.967684" adm_scale1="0.956873" adm_scale2="0.973848" adm_scale3="0.992871" motion2="7.573438" vif_scale0="0.539779" vif_scale1="0.883558" vif_scale2="0.942358" vif_scale3="0.968054" vmaf="96.804035" />
    <frame frameNum="54" adm2="0.985051" adm_scale0="0.971982" adm_scale1="0.969108" adm_scale2="0.986939" adm_scale3="0.993035" motion2="7.007406" vif_scale0="0.535352" vif_scale1="0.882430" vif_scale2="0.943338" vif_scale3="0.969126" vmaf="97.603011" />
    <frame frameNum="55" adm2="0.981793" adm_scale0="0.964543" adm_scale1="0.960525" adm_scale2="0.987341" adm_scale3="0.990913" motion2="6.151161" vif_scale0="0.513523" vif_scale1="0.869094" vif_scale2="0.937545" vif_scale3="0.967108" vmaf="95.524909" />
    <frame frameNum="56" adm2="0.991125" adm_scale0="0.972646" adm_scale1="0.971354" adm_scale2="0.995190" adm_scale3="1.000575" motion2="6.116088" vif_scale0="0.511187" vif_scale1="0.878829" vif_scale2="0.947836" vif_scale3="0.974446" vmaf="98.514930" />
    <frame frameNum="57" adm2="0.986042" adm_scale0="0.966548" adm_scale1="0.958310" adm_scale2="0.991724" adm_scale3="0.997806" motion2="6.116088" vif_scale0="0.510736" vif_scale1="0.871877" vif_scale2="0.941542" vif_scale3="0.969593" vmaf="96.764951" />
    <frame frameNum="58" adm2="0.983152" adm_scale0="0.966823" adm_scale1="0.965719" adm_scale2="0.983640" adm_scale3="0.993781" motion2="7.095902" vif_scale0="0.525692" vif_scale1="0.879256" vif_scale2="0.944393" vif_scale3="0.970863" vmaf="97.470972" />
    <frame frameNum="59" adm2="0.982983" adm_scale0="0.965457" adm_scale1="0.953069" adm_scale2="0.987090" adm_scale3="0.995567" motion2="7.340748" vif_scale0="0.521405" vif_scale1="0.876768" vif_scale2="0.941611" vif_scale3="0.968543" vmaf="97.405092" />
    <frame frameNum="60" adm2="0.986093" adm_scale0="0.968098" adm_scale1="0.962715" adm_scale2="0.990548" adm_scale3="0.996552" motion2="7.373094" vif_scale0="0.540405" vif_scale1="0.890752" vif_scale2="0.950109" vif_scale3="0.974209" vmaf="98.938181" />
    <frame frameNum="61" adm2="0.982321" adm_scale0="0.961763" adm_scale1="0.956350" adm_scale2="0.982440" adm_scale3="0.996210" motion2="7.932577" vif_scale0="0.529532" vif_scale1="0.880311" vif_scale2="0.943585" vif_scale3="0.969774" vmaf="98.102487" />
    <frame frameNum="62" adm2="0.984145" adm_scale0="0.965808" adm_scale1="0.956859" adm_scale2="0.986073" adm_scale3="0.997252" motion2="8.347490" vif_scale0="0.528990" vif_scale1="0.879446" vif_scale2="0.943515" vif_scale3="0.969746" vmaf="98.943828" />
    <frame frameNum="63" adm2="0.980434" adm_scale0="0.959075" adm_scale1="0.945648" adm_scale2="0.982632" adm_scale3="0.996294" motion2="8.881413" vif_scale0="0.529046" vif_scale1="0.879758" vif_scale2="0.943896" vif_scale3="0.970189" vmaf="98.775470" />
    <frame frameNum="64" adm2="0.978102" adm_scale0="0.956770" adm_scale1="0.942708" adm_scale2="0.978023" adm_scale3="0.995726" motion2="9.587723" vif_scale0="0.537310" vif_scale1="0.894275" vif_scale2="0.954486" vif_scale3="0.976837" vmaf="100.030786" />
    <frame frameNum="65" adm2="0.981430" adm_scale0="0.961555" adm_scale1="0.943192" adm_scale2="0.987000" adm_scale3="0.996222" motion2="10.133101" vif_scale0="0.514328" vif_scale1="0.870461" vif_scale2="0.939681" vif_scale3="0.967991" vmaf="99.948713" />
    <frame frameNum="66" adm2="0.980151" adm_scale0="0.960506" adm_scale1="0.941584" adm_scale2="0.982354" adm_scale3="0.996640" motion2="10.653828" vif_scale0="0.524287" vif_scale1="0.877418" vif_scale2="0.943407" vif_scale3="0.970238" vmaf="100.565430" />
    <frame frameNum="67" adm2="0.980678" adm_scale0="0.961010" adm_scale1="0.943236" adm_scale2="0.983370" adm_scale3="0.997120" motion2="11.115594" vif_scale0="0.533727" vif_scale1="0.878763" vif_scale2="0.941452" vif_scale3="0.968098" vmaf="100.918183" />
    <frame frameNum="68" adm2="0.982511" adm_scale0="0.961348" adm_scale1="0.948181" adm_scale2="0.979210" adm_scale3="1.001079" motion2="11.631356" vif_scale0="0.534956" vif_scale1="0.884497" vif_scale2="0.946911" vif_scale3="0.972281" vmaf="102.406506" />
    <frame frameNum="69" adm2="0.979913" adm_scale0="0.961312" adm_scale1="0.939654" adm_scale2="0.981948" adm_scale3="0.997296" motion2="11.631356" vif_scale0="0.546318" vif_scale1="0.885999" vif_scale2="0.944469" vif_scale3="0.969552" vmaf="101.550072" />
    <frame frameNum="70" adm2="0.975780" adm_scale0="0.959088" adm_scale1="0.937553" adm_scale2="0.975272" adm_scale3="0.992486" motion2="12.472349" vif_scale0="0.553028" vif_scale1="0.892823" vif_scale2="0.948100" vif_scale3="0.971822" vmaf="101.862903" />
    <frame frameNum="71" adm2="0.975941" adm_scale0="0.958966" adm_scale1="0.937080" adm_scale2="0.974858" adm_scale3="0.992873" motion2="12.472349" vif_scale0="0.558326" vif_scale1="0.894092" vif_scale2="0.947406" vif_scale3="0.970851" vmaf="101.804002" />
    <frame frameNum="72" adm2="0.968289" adm_scale0="0.955792" adm_scale1="0.927477" adm_scale2="0.965574" adm_scale3="0.986769" motion2="13.029011" vif_scale0="0.553423" vif_scale1="0.896349" vif_scale2="0.950032" vif_scale3="0.972991" vmaf="100.986001" />
    <frame frameNum="73" adm2="0.974480" adm_scale0="0.960422" adm_scale1="0.937398" adm_scale2="0.972395" adm_scale3="0.991448" motion2="12.860599" vif_scale0="0.546571" vif_scale1="0.888200" vif_scale2="0.944863" vif_scale3="0.969682" vmaf="101.645681" />
    <frame frameNum="74" adm2="0.981918" adm_scale0="0.964682" adm_scale1="0.944686" adm_scale2="0.987965" adm_scale3="0.995102" motion2="12.854736" vif_scale0="0.547847" vif_scale1="0.891670" vif_scale2="0.947700" vif_scale3="0.971350" vmaf="103.497089" />
    <frame frameNum="75" adm2="0.976532" adm_scale0="0.961625" adm_scale1="0.939204" adm_scale2="0.978496" adm_scale3="0.990933" motion2="12.854736" vif_scale0="0.550641" vif_scale1="0.891533" vif_scale2="0.946496" vif_scale3="0.970756" vmaf="102.246719" />
    <frame frameNum="76" adm2="0.981885" adm_scale0="0.967998" adm_scale1="0.950488" adm_scale2="0.977194" adm_scale3="0.997706" motion2="13.063421" vif_scale0="0.561598" vif_scale1="0.903963" vif_scale2="0.955118" vif_scale3="0.975944" vmaf="104.423351" />
    <frame frameNum="77" adm2="0.980944" adm_scale0="0.965430" adm_scale1="0.961079" adm_scale2="0.975635" adm_scale3="0.994163" motion2="12.974502" vif_scale0="0.553682" vif_scale1="0.893588" vif_scale2="0.946936" vif_scale3="0.970522" vmaf="103.323809" />
    <frame frameNum="78" adm2="0.982358" adm_scale0="0.962471" adm_scale1="0.950766" adm_scale2="0.984131" adm_scale3="0.996594" motion2="12.800354" vif_scale0="0.559302" vif_scale1="0.898493" vif_scale2="0.949714" vif_scale3="0.971669" vmaf="103.684317" />
    <frame frameNum="79" adm2="0.974435" adm_scale0="0.960713" adm_scale1="0.935758" adm_scale2="0.971425" adm_scale3="0.991992" motion2="12.800354" vif_scale0="0.554277" vif_scale1="0.892155" vif_scale2="0.945176" vif_scale3="0.968226" vmaf="101.497268" />
    <frame frameNum="80" adm2="0.987769" adm_scale0="0.965694" adm_scale1="0.950621" adm_scale2="0.989188" adm_scale3="1.004100" motion2="12.288285" vif_scale0="0.589460" vif_scale1="0.930897" vif_scale2="0.970320" vif_scale3="0.984462" vmaf="106.378128" />
    <frame frameNum="81" adm2="0.976419" adm_scale0="0.959544" adm_scale1="0.939785" adm_scale2="0.976025" adm_scale3="0.993048" motion2="12.156039" vif_scale0="0.556588" vif_scale1="0.900592" vif_scale2="0.952436" vif_scale3="0.973960" vmaf="102.055160" />
    <frame frameNum="82" adm2="0.974321" adm_scale0="0.957243" adm_scale1="0.931696" adm_scale2="0.970630" adm_scale3="0.994806" motion2="11.749644" vif_scale0="0.561594" vif_scale1="0.900836" vif_scale2="0.951428" vif_scale3="0.973487" vmaf="101.119552" />
    <frame frameNum="83" adm2="0.973469" adm_scale0="0.959763" adm_scale1="0.929137" adm_scale2="0.973324" adm_scale3="0.991880" motion2="11.213417" vif_scale0="0.554234" vif_scale1="0.896372" vif_scale2="0.949890" vif_scale3="0.972638" vmaf="100.234261" />
    <frame frameNum="84" adm2="0.980192" adm_scale0="0.960867" adm_scale1="0.945369" adm_scale2="0.979146" adm_scale3="0.997289" motion2="11.213417" vif_scale0="0.564466" vif_scale1="0.905347" vif_scale2="0.955829" vif_scale3="0.976504" vmaf="102.273403" />
    <frame frameNum="85" adm2="0.978189" adm_scale0="0.960920" adm_scale1="0.943259" adm_scale2="0.978094" adm_scale3="0.993740" motion2="10.529059" vif_scale0="0.548541" vif_scale1="0.894099" vif_scale2="0.948187" vif_scale3="0.971331" vmaf="100.353506" />
    <frame frameNum="86" adm2="0.980332" adm_scale0="0.960938" adm_scale1="0.945677" adm_scale2="0.977745" adm_scale3="0.997986" motion2="9.761002" vif_scale0="0.551718" vif_scale1="0.897180" vif_scale2="0.951311" vif_scale3="0.973764" vmaf="100.336879" />
    <frame frameNum="87" adm2="0.977812" adm_scale0="0.960785" adm_scale1="0.938066" adm_scale2="0.978213" adm_scale3="0.994872" motion2="9.214196" vif_scale0="0.548524" vif_scale1="0.892915" vif_scale2="0.947834" vif_scale3="0.971028" vmaf="98.833456" />
    <frame frameNum="88" adm2="0.982678" adm_scale0="0.961298" adm_scale1="0.949293" adm_scale2="0.984920" adm_scale3="0.998509" motion2="8.763312" vif_scale0="0.549762" vif_scale1="0.904393" vif_scale2="0.957329" vif_scale3="0.977982" vmaf="100.371109" />
    <frame frameNum="89" adm2="0.978102" adm_scale0="0.960718" adm_scale1="0.938638" adm_scale2="0.977810" adm_scale3="0.996423" motion2="8.763312" vif_scale0="0.543686" vif_scale1="0.894232" vif_scale2="0.949762" vif_scale3="0.972978" vmaf="98.642154" />
    <frame frameNum="90" adm2="0.981048" adm_scale0="0.962730" adm_scale1="0.946792" adm_scale2="0.983365" adm_scale3="0.996416" motion2="8.124693" vif_scale0="0.547820" vif_scale1="0.898379" vif_scale2="0.952610" vif_scale3="0.975211" vmaf="98.884878" />
    <frame frameNum="91" adm2="0.979327" adm_scale0="0.959828" adm_scale1="0.937392" adm_scale2="0.980043" adm_scale3="0.996906" motion2="8.066119" vif_scale0="0.536763" vif_scale1="0.891494" vif_scale2="0.948704" vif_scale3="0.972573" vmaf="98.059102" />
    <frame frameNum="92" adm2="0.983976" adm_scale0="0.964784" adm_scale1="0.951356" adm_scale2="0.992075" adm_scale3="0.995608" motion2="7.910059" vif_scale0="0.545163" vif_scale1="0.901915" vif_scale2="0.955890" vif_scale3="0.976148" vmaf="99.500173" />
    <frame frameNum="93" adm2="0.980376" adm_scale0="0.959642" adm_scale1="0.938847" adm_scale2="0.983838" adm_scale3="0.997928" motion2="7.162950" vif_scale0="0.524675" vif_scale1="0.890229" vif_scale2="0.949151" vif_scale3="0.972707" vmaf="97.309842" />
    <frame frameNum="94" adm2="0.986996" adm_scale0="0.965775" adm_scale1="0.956005" adm_scale2="0.991244" adm_scale3="1.000402" motion2="6.881777" vif_scale0="0.529917" vif_scale1="0.893765" vif_scale2="0.951623" vif_scale3="0.974380" vmaf="98.664632" />
    <frame frameNum="95" adm2="0.982315" adm_scale0="0.960221" adm_scale1="0.951451" adm_scale2="0.982219" adm_scale3="0.998746" motion2="6.881777" vif_scale0="0.517718" vif_scale1="0.889103" vif_scale2="0.949370" vif_scale3="0.973298" vmaf="97.468150" />
    <frame frameNum="96" adm2="0.990114" adm_scale0="0.966346" adm_scale1="0.964863" adm_scale2="0.993439" adm_scale3="1.003530" motion2="6.838077" vif_scale0="0.548474" vif_scale1="0.913878" vif_scale2="0.964126" vif_scale3="0.982279" vmaf="100.495067" />
    <frame frameNum="97" adm2="0.980261" adm_scale0="0.961795" adm_scale1="0.945718" adm_scale2="0.984386" adm_scale3="0.994734" motion2="6.494508" vif_scale0="0.533045" vif_scale1="0.893099" vif_scale2="0.950409" vif_scale3="0.974112" vmaf="96.700189" />
    <frame frameNum="98" adm2="0.981959" adm_scale0="0.963288" adm_scale1="0.952314" adm_scale2="0.984779" adm_scale3="0.995629" motion2="6.203431" vif_scale0="0.537715" vif_scale1="0.896033" vif_scale2="0.951760" vif_scale3="0.974114" vmaf="96.796281" />
    <frame frameNum="99" adm2="0.984557" adm_scale0="0.962553" adm_scale1="0.953373" adm_scale2="0.988437" adm_scale3="0.998600" motion2="6.203431" vif_scale0="0.536359" vif_scale1="0.894207" vif_scale2="0.950276" vif_scale3="0.972850" vmaf="97.190930" />
    <frame frameNum="100" adm2="0.989969" adm_scale0="0.967285" adm_scale1="0.964175" adm_scale2="0.998572" adm_scale3="0.999585" motion2="6.836185" vif_scale0="0.532879" vif_scale1="0.897461" vif_scale2="0.953546" vif_scale3="0.976216" vmaf="99.489020" />
    <frame frameNum="101" adm2="0.982717" adm_scale0="0.965714" adm_scale1="0.941907" adm_scale2="0.986311" adm_scale3="0.999119" motion2="7.031013" vif_scale0="0.529897" vif_scale1="0.891482" vif_scale2="0.949575" vif_scale3="0.973079" vmaf="97.715675" />
    <frame frameNum="102" adm2="0.986597" adm_scale0="0.968833" adm_scale1="0.960509" adm_scale2="0.991716" adm_scale3="0.997834" motion2="7.301840" vif_scale0="0.546440" vif_scale1="0.900396" vif_scale2="0.953479" vif_scale3="0.975004" vmaf="99.192105" />
    <frame frameNum="103" adm2="0.983134" adm_scale0="0.964885" adm_scale1="0.955007" adm_scale2="0.984548" adm_scale3="0.996745" motion2="7.677040" vif_scale0="0.543863" vif_scale1="0.894407" vif_scale2="0.948676" vif_scale3="0.971730" vmaf="98.388552" />
    <frame frameNum="104" adm2="0.984393" adm_scale0="0.968827" adm_scale1="0.957673" adm_scale2="0.988941" adm_scale3="0.995343" motion2="8.242241" vif_scale0="0.563891" vif_scale1="0.908565" vif_scale2="0.957676" vif_scale3="0.977423" vmaf="100.158244" />
    <frame frameNum="105" adm2="0.984912" adm_scale0="0.964825" adm_scale1="0.957209" adm_scale2="0.985712" adm_scale3="0.999903" motion2="8.252743" vif_scale0="0.548996" vif_scale1="0.897967" vif_scale2="0.951334" vif_scale3="0.972485" vmaf="99.590647" />
    <frame frameNum="106" adm2="0.986687" adm_scale0="0.966856" adm_scale1="0.960802" adm_scale2="0.986989" adm_scale3="1.001836" motion2="8.197223" vif_scale0="0.562512" vif_scale1="0.903646" vif_scale2="0.953246" vif_scale3="0.973328" vmaf="100.079584" />
    <frame frameNum="107" adm2="0.986789" adm_scale0="0.967994" adm_scale1="0.959884" adm_scale2="0.988802" adm_scale3="0.999550" motion2="8.151590" vif_scale0="0.571191" vif_scale1="0.905767" vif_scale2="0.953294" vif_scale3="0.973735" vmaf="100.094729" />
    <frame frameNum="108" adm2="0.988792" adm_scale0="0.969120" adm_scale1="0.964288" adm_scale2="0.990105" adm_scale3="1.002304" motion2="8.151590" vif_scale0="0.568320" vif_scale1="0.911270" vif_scale2="0.958830" vif_scale3="0.977489" vmaf="101.073951" />
    <frame frameNum="109" adm2="0.984213" adm_scale0="0.967850" adm_scale1="0.961713" adm_scale2="0.987970" adm_scale3="0.994610" motion2="8.173396" vif_scale0="0.569917" vif_scale1="0.905633" vif_scale2="0.954177" vif_scale3="0.974940" vmaf="99.693451" />
    <frame frameNum="110" adm2="0.989048" adm_scale0="0.972615" adm_scale1="0.972019" adm_scale2="0.991948" adm_scale3="0.997953" motion2="7.728574" vif_scale0="0.574149" vif_scale1="0.910609" vif_scale2="0.957793" vif_scale3="0.976890" vmaf="100.566844" />
    <frame frameNum="111" adm2="0.987547" adm_scale0="0.971485" adm_scale1="0.965779" adm_scale2="0.990517" adm_scale3="0.998019" motion2="7.173264" vif_scale0="0.571349" vif_scale1="0.908183" vif_scale2="0.956110" vif_scale3="0.976203" vmaf="99.482260" />
    <frame frameNum="112" adm2="0.996933" adm_scale0="0.977559" adm_scale1="0.984754" adm_scale2="1.002696" adm_scale3="1.003595" motion2="6.855636" vif_scale0="0.604443" vif_scale1="0.934499" vif_scale2="0.971293" vif_scale3="0.984804" vmaf="102.583133" />
    <frame frameNum="113" adm2="0.988578" adm_scale0="0.969716" adm_scale1="0.971406" adm_scale2="0.987674" adm_scale3="1.000950" motion2="6.519027" vif_scale0="0.569566" vif_scale1="0.909273" vif_scale2="0.956859" vif_scale3="0.976524" vmaf="99.019234" />
    <frame frameNum="114" adm2="0.984943" adm_scale0="0.966380" adm_scale1="0.965757" adm_scale2="0.984247" adm_scale3="0.997753" motion2="6.067085" vif_scale0="0.556290" vif_scale1="0.902586" vif_scale2="0.953403" vif_scale3="0.974752" vmaf="97.412031" />
    <frame frameNum="115" adm2="0.987980" adm_scale0="0.969346" adm_scale1="0.963436" adm_scale2="0.991631" adm_scale3="0.999647" motion2="5.705991" vif_scale0="0.576219" vif_scale1="0.909546" vif_scale2="0.956042" vif_scale3="0.976243" vmaf="97.892293" />
    <frame frameNum="116" adm2="0.994902" adm_scale0="0.975373" adm_scale1="0.975927" adm_scale2="1.001177" adm_scale3="1.003305" motion2="5.386418" vif_scale0="0.572545" vif_scale1="0.914742" vif_scale2="0.960893" vif_scale3="0.979788" vmaf="99.520861" />
    <frame frameNum="117" adm2="0.988398" adm_scale0="0.970288" adm_scale1="0.971967" adm_scale2="0.989686" adm_scale3="0.998749" motion2="5.075470" vif_scale0="0.565968" vif_scale1="0.906737" vif_scale2="0.955809" vif_scale3="0.976591" vmaf="97.259095" />
    <frame frameNum="118" adm2="0.993036" adm_scale0="0.969942" adm_scale1="0.978750" adm_scale2="0.996779" adm_scale3="1.002063" motion2="4.830062" vif_scale0="0.558693" vif_scale1="0.906557" vif_scale2="0.956290" vif_scale3="0.977055" vmaf="98.033293" />
    <frame frameNum="119" adm2="0.987739" adm_scale0="0.970874" adm_scale1="0.969907" adm_scale2="0.988985" adm_scale3="0.997963" motion2="4.830062" vif_scale0="0.550277" vif_scale1="0.900197" vif_scale2="0.953182" vif_scale3="0.975876" vmaf="96.654356" />
    <frame frameNum="120" adm2="0.986282" adm_scale0="0.968493" adm_scale1="0.963492" adm_scale2="0.988690" adm_scale3="0.997961" motion2="4.543947" vif_scale0="0.566744" vif_scale1="0.913212" vif_scale2="0.959612" vif_scale3="0.978407" vmaf="96.495043" />
    <frame frameNum="121" adm2="0.987754" adm_scale0="0.970485" adm_scale1="0.964445" adm_scale2="0.991049" adm_scale3="0.999116" motion2="4.543947" vif_scale0="0.543247" vif_scale1="0.900321" vif_scale2="0.953955" vif_scale3="0.975881" vmaf="96.359352" />
    <frame frameNum="122" adm2="0.990177" adm_scale0="0.972479" adm_scale1="0.968320" adm_scale2="0.993210" adm_scale3="1.001120" motion2="4.681951" vif_scale0="0.552634" vif_scale1="0.905576" vif_scale2="0.956650" vif_scale3="0.976893" vmaf="97.244622" />
    <frame frameNum="123" adm2="0.988110" adm_scale0="0.972859" adm_scale1="0.966528" adm_scale2="0.988511" adm_scale3="1.000166" motion2="4.436007" vif_scale0="0.545836" vif_scale1="0.900857" vif_scale2="0.953789" vif_scale3="0.975005" vmaf="96.231592" />
    <frame frameNum="124" adm2="0.994677" adm_scale0="0.974500" adm_scale1="0.977686" adm_scale2="0.999194" adm_scale3="1.003558" motion2="4.410894" vif_scale0="0.550675" vif_scale1="0.909870" vif_scale2="0.959905" vif_scale3="0.979243" vmaf="98.233766" />
    <frame frameNum="125" adm2="0.989026" adm_scale0="0.970948" adm_scale1="0.970911" adm_scale2="0.990073" adm_scale3="0.999894" motion2="4.410894" vif_scale0="0.555354" vif_scale1="0.904935" vif_scale2="0.955941" vif_scale3="0.976825" vmaf="96.636818" />
    <frame frameNum="126" adm2="0.991359" adm_scale0="0.972099" adm_scale1="0.968185" adm_scale2="0.989109" adm_scale3="1.006308" motion2="4.462180" vif_scale0="0.560854" vif_scale1="0.909150" vif_scale2="0.958276" vif_scale3="0.977715" vmaf="97.377804" />
    <frame frameNum="127" adm2="0.989757" adm_scale0="0.972337" adm_scale1="0.974989" adm_scale2="0.988718" adm_scale3="1.000580" motion2="4.368739" vif_scale0="0.549908" vif_scale1="0.905706" vif_scale2="0.957229" vif_scale3="0.977390" vmaf="96.850306" />
    <frame frameNum="128" adm2="0.987917" adm_scale0="0.971827" adm_scale1="0.972767" adm_scale2="0.987682" adm_scale3="0.998337" motion2="4.368739" vif_scale0="0.575737" vif_scale1="0.921293" vif_scale2="0.965500" vif_scale3="0.982611" vmaf="97.243195" />
    <frame frameNum="129" adm2="0.989291" adm_scale0="0.972876" adm_scale1="0.971388" adm_scale2="0.993988" adm_scale3="0.997061" motion2="4.662647" vif_scale0="0.568119" vif_scale1="0.908440" vif_scale2="0.956051" vif_scale3="0.975393" vmaf="96.882854" />
    <frame frameNum="130" adm2="0.990846" adm_scale0="0.972526" adm_scale1="0.969275" adm_scale2="0.993941" adm_scale3="1.001831" motion2="4.662647" vif_scale0="0.555303" vif_scale1="0.906324" vif_scale2="0.956942" vif_scale3="0.976853" vmaf="97.375776" />
    <frame frameNum="131" adm2="0.989217" adm_scale0="0.970115" adm_scale1="0.961352" adm_scale2="0.991848" adm_scale3="1.002420" motion2="4.836417" vif_scale0="0.547287" vif_scale1="0.900108" vif_scale2="0.953191" vif_scale3="0.974750" vmaf="96.893613" />
    <frame frameNum="132" adm2="0.994061" adm_scale0="0.973827" adm_scale1="0.972870" adm_scale2="0.998138" adm_scale3="1.004635" motion2="5.031696" vif_scale0="0.568479" vif_scale1="0.911438" vif_scale2="0.959904" vif_scale3="0.979306" vmaf="98.833842" />
    <frame frameNum="133" adm2="0.988302" adm_scale0="0.968018" adm_scale1="0.961384" adm_scale2="0.992435" adm_scale3="1.001101" motion2="5.123641" vif_scale0="0.540097" vif_scale1="0.898566" vif_scale2="0.953934" vif_scale3="0.976351" vmaf="97.192187" />
    <frame frameNum="134" adm2="0.989597" adm_scale0="0.968262" adm_scale1="0.967925" adm_scale2="0.991862" adm_scale3="1.001638" motion2="5.137451" vif_scale0="0.546482" vif_scale1="0.903364" vif_scale2="0.956883" vif_scale3="0.978191" vmaf="97.765828" />
    <frame frameNum="135" adm2="0.986943" adm_scale0="0.969523" adm_scale1="0.962005" adm_scale2="0.989707" adm_scale3="0.998865" motion2="5.556020" vif_scale0="0.557826" vif_scale1="0.903028" vif_scale2="0.955501" vif_scale3="0.976640" vmaf="97.492527" />
    <frame frameNum="136" adm2="0.984005" adm_scale0="0.965851" adm_scale1="0.956801" adm_scale2="0.984962" adm_scale3="0.997619" motion2="5.698411" vif_scale0="0.568670" vif_scale1="0.909687" vif_scale2="0.958171" vif_scale3="0.978096" vmaf="97.263775" />
    <frame frameNum="137" adm2="0.990198" adm_scale0="0.968417" adm_scale1="0.969010" adm_scale2="0.990598" adm_scale3="1.003173" motion2="5.907775" vif_scale0="0.565452" vif_scale1="0.904633" vif_scale2="0.955015" vif_scale3="0.975803" vmaf="98.519021" />
    <frame frameNum="138" adm2="0.986558" adm_scale0="0.966812" adm_scale1="0.955577" adm_scale2="0.992420" adm_scale3="0.998642" motion2="6.206720" vif_scale0="0.542137" vif_scale1="0.900561" vif_scale2="0.954990" vif_scale3="0.976858" vmaf="98.154870" />
    <frame frameNum="139" adm2="0.986288" adm_scale0="0.966921" adm_scale1="0.964889" adm_scale2="0.987740" adm_scale3="0.997912" motion2="6.419833" vif_scale0="0.553087" vif_scale1="0.902749" vif_scale2="0.954990" vif_scale3="0.976197" vmaf="98.290446" />
    <frame frameNum="140" adm2="0.985547" adm_scale0="0.965575" adm_scale1="0.956011" adm_scale2="0.988349" adm_scale3="0.998554" motion2="6.691042" vif_scale0="0.561264" vif_scale1="0.909527" vif_scale2="0.959608" vif_scale3="0.979305" vmaf="98.898916" />
    <frame frameNum="141" adm2="0.986040" adm_scale0="0.968249" adm_scale1="0.957618" adm_scale2="0.989053" adm_scale3="0.998463" motion2="7.202104" vif_scale0="0.573102" vif_scale1="0.909391" vif_scale2="0.957499" vif_scale3="0.976622" vmaf="99.284734" />
    <frame frameNum="142" adm2="0.988896" adm_scale0="0.967431" adm_scale1="0.959391" adm_scale2="0.993003" adm_scale3="1.002070" motion2="7.314528" vif_scale0="0.565301" vif_scale1="0.907839" vif_scale2="0.957559" vif_scale3="0.977866" vmaf="100.125628" />
    <frame frameNum="143" adm2="0.986958" adm_scale0="0.967905" adm_scale1="0.954998" adm_scale2="0.985403" adm_scale3="1.002904" motion2="7.495216" vif_scale0="0.579717" vif_scale1="0.909602" vif_scale2="0.957157" vif_scale3="0.976319" vmaf="99.779101" />
    <frame frameNum="144" adm2="0.986920" adm_scale0="0.971007" adm_scale1="0.964611" adm_scale2="0.986807" adm_scale3="0.998729" motion2="7.396393" vif_scale0="0.618234" vif_scale1="0.936747" vif_scale2="0.972240" vif_scale3="0.984844" vmaf="101.084511" />
    <frame frameNum="145" adm2="0.979608" adm_scale0="0.964401" adm_scale1="0.947140" adm_scale2="0.979283" adm_scale3="0.994223" motion2="7.396393" vif_scale0="0.583029" vif_scale1="0.909413" vif_scale2="0.956366" vif_scale3="0.976355" vmaf="98.046047" />
    <frame frameNum="146" adm2="0.985456" adm_scale0="0.967344" adm_scale1="0.957823" adm_scale2="0.987576" adm_scale3="0.997818" motion2="7.952742" vif_scale0="0.589933" vif_scale1="0.917626" vif_scale2="0.961983" vif_scale3="0.980178" vmaf="100.507302" />
    <frame frameNum="147" adm2="0.986354" adm_scale0="0.969179" adm_scale1="0.952774" adm_scale2="0.985207" adm_scale3="1.001724" motion2="8.263140" vif_scale0="0.596126" vif_scale1="0.914341" vif_scale2="0.958818" vif_scale3="0.977306" vmaf="100.681089" />
    <frame frameNum="148" adm2="0.987717" adm_scale0="0.968798" adm_scale1="0.960048" adm_scale2="0.989866" adm_scale3="1.000241" motion2="8.254028" vif_scale0="0.592232" vif_scale1="0.913260" vif_scale2="0.958327" vif_scale3="0.976718" vmaf="100.893233" />
    <frame frameNum="149" adm2="0.983632" adm_scale0="0.967462" adm_scale1="0.947588" adm_scale2="0.987396" adm_scale3="0.997373" motion2="8.254028" vif_scale0="0.596836" vif_scale1="0.921979" vif_scale2="0.964066" vif_scale3="0.980334" vmaf="100.567326" />
  </frames>
</VMAF>
