<VMAF version="47950a6">
  <params qualityWidth="1280" qualityHeight="720" />
  <fyi fps="14.42" />
  <frames>
    <frame frameNum="0" adm2="0.975383" adm_scale0="0.963747" adm_scale1="0.955018" adm_scale2="0.974415" adm_scale3="0.986296" motion2="0.000000" vif_scale0="0.578070" vif_scale1="0.922502" vif_scale2="0.962793" vif_scale3="0.976935" vmaf="88.610396" />
    <frame frameNum="1" adm2="0.958277" adm_scale0="0.950459" adm_scale1="0.928555" adm_scale2="0.954622" adm_scale3="0.974479" motion2="5.639671" vif_scale0="0.496320" vif_scale1="0.857650" vif_scale2="0.923107" vif_scale3="0.952971" vmaf="88.226458" />
    <frame frameNum="2" adm2="0.959484" adm_scale0="0.953051" adm_scale1="0.931149" adm_scale2="0.956194" adm_scale3="0.974513" motion2="5.106677" vif_scale0="0.502856" vif_scale1="0.862180" vif_scale2="0.926195" vif_scale3="0.954760" vmaf="88.134298" />
    <frame frameNum="3" adm2="0.956167" adm_scale0="0.949429" adm_scale1="0.926837" adm_scale2="0.951506" adm_scale3="0.972473" motion2="4.350933" vif_scale0="0.484166" vif_scale1="0.850882" vif_scale2="0.918338" vif_scale3="0.949305" vmaf="85.849102" />
    <frame frameNum="4" adm2="0.963309" adm_scale0="0.952094" adm_scale1="0.934745" adm_scale2="0.958956" adm_scale3="0.979781" motion2="3.279224" vif_scale0="0.475541" vif_scale1="0.860026" vif_scale2="0.927998" vif_scale3="0.956862" vmaf="87.116430" />
    <frame frameNum="5" adm2="0.957869" adm_scale0="0.948214" adm_scale1="0.931251" adm_scale2="0.952199" adm_scale3="0.974147" motion2="3.279224" vif_scale0="0.465303" vif_scale1="0.843286" vif_scale2="0.915421" vif_scale3="0.948175" vmaf="84.809048" />
    <frame frameNum="6" adm2="0.961144" adm_scale0="0.953963" adm_scale1="0.935057" adm_scale2="0.954504" adm_scale3="0.977175" motion2="4.885628" vif_scale0="0.487821" vif_scale1="0.857202" vif_scale2="0.924190" vif_scale3="0.954203" vmaf="88.128994" />
    <frame frameNum="7" adm2="0.957734" adm_scale0="0.954776" adm_scale1="0.928974" adm_scale2="0.953386" adm_scale3="0.972812" motion2="4.776041" vif_scale0="0.500602" vif_scale1="0.852119" vif_scale2="0.918300" vif_scale3="0.950116" vmaf="86.705907" />
    <frame frameNum="8" adm2="0.963682" adm_scale0="0.953972" adm_scale1="0.936323" adm_scale2="0.962791" adm_scale3="0.977751" motion2="4.056862" vif_scale0="0.487633" vif_scale1="0.871881" vif_scale2="0.935785" vif_scale3="0.962347" vmaf="88.828962" />
    <frame frameNum="9" adm2="0.958022" adm_scale0="0.953011" adm_scale1="0.928953" adm_scale2="0.954753" adm_scale3="0.972876" motion2="4.056862" vif_scale0="0.477406" vif_scale1="0.851889" vif_scale2="0.921399" vif_scale3="0.953002" vmaf="86.325697" />
    <frame frameNum="10" adm2="0.957699" adm_scale0="0.951580" adm_scale1="0.927806" adm_scale2="0.954333" adm_scale3="0.973297" motion2="6.112095" vif_scale0="0.490846" vif_scale1="0.853210" vif_scale2="0.920746" vif_scale3="0.950827" vmaf="88.380083" />
    <frame frameNum="11" adm2="0.955985" adm_scale0="0.951681" adm_scale1="0.924510" adm_scale2="0.951722" adm_scale3="0.971856" motion2="4.545020" vif_scale0="0.473878" vif_scale1="0.846984" vif_scale2="0.917785" vif_scale3="0.950314" vmaf="86.107858" />
    <frame frameNum="12" adm2="0.961698" adm_scale0="0.953358" adm_scale1="0.933078" adm_scale2="0.958203" adm_scale3="0.977006" motion2="3.989195" vif_scale0="0.479959" vif_scale1="0.862643" vif_scale2="0.929030" vif_scale3="0.957163" vmaf="87.655982" />
    <frame frameNum="13" adm2="0.957126" adm_scale0="0.954264" adm_scale1="0.925521" adm_scale2="0.953235" adm_scale3="0.972411" motion2="3.152309" vif_scale0="0.478912" vif_scale1="0.852108" vif_scale2="0.920330" vif_scale3="0.951476" vmaf="84.922844" />
    <frame frameNum="14" adm2="0.960998" adm_scale0="0.952503" adm_scale1="0.931710" adm_scale2="0.955786" adm_scale3="0.977612" motion2="3.152309" vif_scale0="0.480808" vif_scale1="0.860521" vif_scale2="0.927640" vif_scale3="0.956969" vmaf="86.461041" />
    <frame frameNum="15" adm2="0.958238" adm_scale0="0.952105" adm_scale1="0.926343" adm_scale2="0.956221" adm_scale3="0.973338" motion2="3.406580" vif_scale0="0.479530" vif_scale1="0.856838" vif_scale2="0.924290" vif_scale3="0.954164" vmaf="85.820417" />
    <frame frameNum="16" adm2="0.971467" adm_scale0="0.961590" adm_scale1="0.946766" adm_scale2="0.969678" adm_scale3="0.984324" motion2="4.074044" vif_scale0="0.522444" vif_scale1="0.901238" vif_scale2="0.954949" vif_scale3="0.974362" vmaf="92.244934" />
    <frame frameNum="17" adm2="0.962018" adm_scale0="0.954791" adm_scale1="0.932173" adm_scale2="0.958517" adm_scale3="0.977323" motion2="3.065302" vif_scale0="0.490746" vif_scale1="0.865541" vif_scale2="0.930269" vif_scale3="0.958645" vmaf="86.794357" />
    <frame frameNum="18" adm2="0.961500" adm_scale0="0.955578" adm_scale1="0.930721" adm_scale2="0.954892" adm_scale3="0.978644" motion2="3.065302" vif_scale0="0.488961" vif_scale1="0.864037" vif_scale2="0.930494" vif_scale3="0.958622" vmaf="86.695487" />
    <frame frameNum="19" adm2="0.961971" adm_scale0="0.956396" adm_scale1="0.930883" adm_scale2="0.958661" adm_scale3="0.977784" motion2="3.216635" vif_scale0="0.483029" vif_scale1="0.861662" vif_scale2="0.928318" vif_scale3="0.956578" vmaf="86.735664" />
    <frame frameNum="20" adm2="0.966501" adm_scale0="0.958319" adm_scale1="0.940133" adm_scale2="0.964346" adm_scale3="0.980361" motion2="2.992759" vif_scale0="0.486946" vif_scale1="0.874163" vif_scale2="0.938747" vif_scale3="0.964709" vmaf="88.496696" />
    <frame frameNum="21" adm2="0.960836" adm_scale0="0.956642" adm_scale1="0.929980" adm_scale2="0.958008" adm_scale3="0.975563" motion2="2.992759" vif_scale0="0.475034" vif_scale1="0.859174" vif_scale2="0.928028" vif_scale3="0.956915" vmaf="86.263896" />
    <frame frameNum="22" adm2="0.962700" adm_scale0="0.954997" adm_scale1="0.934097" adm_scale2="0.959016" adm_scale3="0.977976" motion2="3.364288" vif_scale0="0.471050" vif_scale1="0.859552" vif_scale2="0.929144" vif_scale3="0.958347" vmaf="87.257640" />
    <frame frameNum="23" adm2="0.960163" adm_scale0="0.953396" adm_scale1="0.935348" adm_scale2="0.957563" adm_scale3="0.973392" motion2="2.941125" vif_scale0="0.466884" vif_scale1="0.854646" vif_scale2="0.925294" vif_scale3="0.955475" vmaf="85.855874" />
    <frame frameNum="24" adm2="0.967702" adm_scale0="0.961651" adm_scale1="0.943995" adm_scale2="0.964111" adm_scale3="0.980605" motion2="2.941125" vif_scale0="0.483333" vif_scale1="0.871507" vif_scale2="0.937948" vif_scale3="0.963820" vmaf="88.594702" />
    <frame frameNum="25" adm2="0.961089" adm_scale0="0.955980" adm_scale1="0.932396" adm_scale2="0.956909" adm_scale3="0.976264" motion2="2.852221" vif_scale0="0.471859" vif_scale1="0.855291" vif_scale2="0.926093" vif_scale3="0.956610" vmaf="86.058089" />
    <frame frameNum="26" adm2="0.963611" adm_scale0="0.957299" adm_scale1="0.939041" adm_scale2="0.958207" adm_scale3="0.978288" motion2="2.776766" vif_scale0="0.476425" vif_scale1="0.859595" vif_scale2="0.928278" vif_scale3="0.957189" vmaf="86.628191" />
    <frame frameNum="27" adm2="0.962264" adm_scale0="0.956312" adm_scale1="0.934412" adm_scale2="0.959146" adm_scale3="0.976883" motion2="2.509950" vif_scale0="0.471538" vif_scale1="0.855000" vif_scale2="0.925586" vif_scale3="0.955318" vmaf="85.785571" />
    <frame frameNum="28" adm2="0.964791" adm_scale0="0.958568" adm_scale1="0.937030" adm_scale2="0.963211" adm_scale3="0.978159" motion2="2.509950" vif_scale0="0.478982" vif_scale1="0.865365" vif_scale2="0.933521" vif_scale3="0.960776" vmaf="87.054021" />
    <frame frameNum="29" adm2="0.960978" adm_scale0="0.956612" adm_scale1="0.936464" adm_scale2="0.957912" adm_scale3="0.973814" motion2="2.816446" vif_scale0="0.474230" vif_scale1="0.853023" vif_scale2="0.923595" vif_scale3="0.953977" vmaf="85.682283" />
    <frame frameNum="30" adm2="0.963201" adm_scale0="0.957315" adm_scale1="0.936408" adm_scale2="0.958399" adm_scale3="0.978203" motion2="2.816446" vif_scale0="0.479634" vif_scale1="0.860692" vif_scale2="0.929827" vif_scale3="0.958282" vmaf="86.729587" />
    <frame frameNum="31" adm2="0.962110" adm_scale0="0.954514" adm_scale1="0.932851" adm_scale2="0.960777" adm_scale3="0.976739" motion2="2.870256" vif_scale0="0.469887" vif_scale1="0.857980" vif_scale2="0.928481" vif_scale3="0.958038" vmaf="86.507674" />
    <frame frameNum="32" adm2="0.971704" adm_scale0="0.961076" adm_scale1="0.946925" adm_scale2="0.971566" adm_scale3="0.984234" motion2="2.870256" vif_scale0="0.504982" vif_scale1="0.890933" vif_scale2="0.950655" vif_scale3="0.971932" vmaf="90.510214" />
    <frame frameNum="33" adm2="0.960245" adm_scale0="0.954019" adm_scale1="0.930010" adm_scale2="0.957877" adm_scale3="0.974979" motion2="4.198459" vif_scale0="0.474425" vif_scale1="0.854846" vif_scale2="0.925271" vif_scale3="0.955141" vmaf="87.288223" />
    <frame frameNum="34" adm2="0.962359" adm_scale0="0.956706" adm_scale1="0.933623" adm_scale2="0.958283" adm_scale3="0.977377" motion2="4.198459" vif_scale0="0.474415" vif_scale1="0.855092" vif_scale2="0.926273" vif_scale3="0.956414" vmaf="87.877059" />
    <frame frameNum="35" adm2="0.958828" adm_scale0="0.954260" adm_scale1="0.925831" adm_scale2="0.954147" adm_scale3="0.975354" motion2="5.916987" vif_scale0="0.472589" vif_scale1="0.845683" vif_scale2="0.919691" vif_scale3="0.951771" vmaf="88.454656" />
    <frame frameNum="36" adm2="0.961869" adm_scale0="0.957521" adm_scale1="0.932691" adm_scale2="0.956511" adm_scale3="0.976764" motion2="6.934131" vif_scale0="0.506917" vif_scale1="0.858652" vif_scale2="0.926523" vif_scale3="0.956270" vmaf="90.833451" />
    <frame frameNum="37" adm2="0.958732" adm_scale0="0.957003" adm_scale1="0.926769" adm_scale2="0.950936" adm_scale3="0.975401" motion2="7.691448" vif_scale0="0.497859" vif_scale1="0.845287" vif_scale2="0.916807" vif_scale3="0.949709" vmaf="90.101726" />
    <frame frameNum="38" adm2="0.958144" adm_scale0="0.959399" adm_scale1="0.925429" adm_scale2="0.951592" adm_scale3="0.973232" motion2="8.290002" vif_scale0="0.519940" vif_scale1="0.854449" vif_scale2="0.919619" vif_scale3="0.951337" vmaf="90.862633" />
    <frame frameNum="39" adm2="0.953753" adm_scale0="0.959013" adm_scale1="0.922299" adm_scale2="0.942363" adm_scale3="0.969752" motion2="9.201682" vif_scale0="0.522310" vif_scale1="0.853443" vif_scale2="0.916384" vif_scale3="0.947659" vmaf="90.496490" />
    <frame frameNum="40" adm2="0.954492" adm_scale0="0.957952" adm_scale1="0.924859" adm_scale2="0.945195" adm_scale3="0.969021" motion2="9.585089" vif_scale0="0.533133" vif_scale1="0.865465" vif_scale2="0.926074" vif_scale3="0.955729" vmaf="92.087767" />
    <frame frameNum="41" adm2="0.955797" adm_scale0="0.958891" adm_scale1="0.926643" adm_scale2="0.946088" adm_scale3="0.970345" motion2="9.823271" vif_scale0="0.522159" vif_scale1="0.852804" vif_scale2="0.916624" vif_scale3="0.948598" vmaf="91.676235" />
    <frame frameNum="42" adm2="0.956596" adm_scale0="0.962328" adm_scale1="0.926918" adm_scale2="0.945516" adm_scale3="0.971636" motion2="9.695138" vif_scale0="0.518008" vif_scale1="0.854251" vif_scale2="0.918591" vif_scale3="0.949907" vmaf="91.889640" />
    <frame frameNum="43" adm2="0.951893" adm_scale0="0.955692" adm_scale1="0.922563" adm_scale2="0.941740" adm_scale3="0.966865" motion2="9.695138" vif_scale0="0.515586" vif_scale1="0.851684" vif_scale2="0.915606" vif_scale3="0.948313" vmaf="90.643643" />
    <frame frameNum="44" adm2="0.954215" adm_scale0="0.957898" adm_scale1="0.924810" adm_scale2="0.943504" adm_scale3="0.969507" motion2="9.964064" vif_scale0="0.528470" vif_scale1="0.862392" vif_scale2="0.923910" vif_scale3="0.954302" vmaf="92.228641" />
    <frame frameNum="45" adm2="0.949811" adm_scale0="0.955036" adm_scale1="0.916323" adm_scale2="0.937260" adm_scale3="0.967162" motion2="9.690370" vif_scale0="0.520889" vif_scale1="0.851008" vif_scale2="0.914961" vif_scale3="0.947232" vmaf="90.088333" />
    <frame frameNum="46" adm2="0.954968" adm_scale0="0.958374" adm_scale1="0.922881" adm_scale2="0.946540" adm_scale3="0.969759" motion2="9.690370" vif_scale0="0.538924" vif_scale1="0.868320" vif_scale2="0.925490" vif_scale3="0.954094" vmaf="92.154686" />
    <frame frameNum="47" adm2="0.952641" adm_scale0="0.957756" adm_scale1="0.919856" adm_scale2="0.941839" adm_scale3="0.968025" motion2="9.335769" vif_scale0="0.542814" vif_scale1="0.869624" vif_scale2="0.924869" vif_scale3="0.952654" vmaf="91.142944" />
    <frame frameNum="48" adm2="0.971499" adm_scale0="0.966469" adm_scale1="0.944543" adm_scale2="0.966619" adm_scale3="0.984388" motion2="9.335769" vif_scale0="0.590099" vif_scale1="0.917637" vif_scale2="0.959004" vif_scale3="0.975947" vmaf="98.550691" />
    <frame frameNum="49" adm2="0.956061" adm_scale0="0.961460" adm_scale1="0.925159" adm_scale2="0.946726" adm_scale3="0.969925" motion2="9.337810" vif_scale0="0.547120" vif_scale1="0.874444" vif_scale2="0.928099" vif_scale3="0.954210" vmaf="92.133676" />
    <frame frameNum="50" adm2="0.955327" adm_scale0="0.960610" adm_scale1="0.923881" adm_scale2="0.946033" adm_scale3="0.969028" motion2="9.054583" vif_scale0="0.536058" vif_scale1="0.863960" vif_scale2="0.922393" vif_scale3="0.951980" vmaf="91.255886" />
    <frame frameNum="51" adm2="0.959155" adm_scale0="0.958816" adm_scale1="0.928902" adm_scale2="0.951341" adm_scale3="0.973284" motion2="9.041745" vif_scale0="0.533560" vif_scale1="0.866317" vif_scale2="0.924936" vif_scale3="0.953473" vmaf="92.279660" />
    <frame frameNum="52" adm2="0.963625" adm_scale0="0.964095" adm_scale1="0.937130" adm_scale2="0.956731" adm_scale3="0.976389" motion2="8.486893" vif_scale0="0.537807" vif_scale1="0.870657" vif_scale2="0.930228" vif_scale3="0.958381" vmaf="93.237102" />
    <frame frameNum="53" adm2="0.958797" adm_scale0="0.960206" adm_scale1="0.931687" adm_scale2="0.948765" adm_scale3="0.973879" motion2="7.573438" vif_scale0="0.507432" vif_scale1="0.847137" vif_scale2="0.915834" vif_scale3="0.949323" vmaf="89.912416" />
    <frame frameNum="54" adm2="0.962123" adm_scale0="0.962447" adm_scale1="0.935449" adm_scale2="0.955159" adm_scale3="0.975721" motion2="7.007406" vif_scale0="0.501629" vif_scale1="0.848359" vif_scale2="0.920162" vif_scale3="0.953455" vmaf="90.494086" />
    <frame frameNum="55" adm2="0.959376" adm_scale0="0.957238" adm_scale1="0.931149" adm_scale2="0.955087" adm_scale3="0.973136" motion2="6.151161" vif_scale0="0.479651" vif_scale1="0.835446" vif_scale2="0.914586" vif_scale3="0.951431" vmaf="88.599185" />
    <frame frameNum="56" adm2="0.966284" adm_scale0="0.961440" adm_scale1="0.938246" adm_scale2="0.961104" adm_scale3="0.980713" motion2="6.116088" vif_scale0="0.475760" vif_scale1="0.843567" vif_scale2="0.924681" vif_scale3="0.958524" vmaf="90.987994" />
    <frame frameNum="57" adm2="0.958974" adm_scale0="0.956443" adm_scale1="0.929716" adm_scale2="0.954525" adm_scale3="0.973100" motion2="6.116088" vif_scale0="0.474934" vif_scale1="0.832198" vif_scale2="0.913283" vif_scale3="0.949434" vmaf="88.276252" />
    <frame frameNum="58" adm2="0.960444" adm_scale0="0.957706" adm_scale1="0.932362" adm_scale2="0.954291" adm_scale3="0.975366" motion2="7.095902" vif_scale0="0.490358" vif_scale1="0.841670" vif_scale2="0.918251" vif_scale3="0.953065" vmaf="90.135896" />
    <frame frameNum="59" adm2="0.960232" adm_scale0="0.955812" adm_scale1="0.929058" adm_scale2="0.954817" adm_scale3="0.975592" motion2="7.340748" vif_scale0="0.488310" vif_scale1="0.839916" vif_scale2="0.915619" vif_scale3="0.950161" vmaf="90.031217" />
    <frame frameNum="60" adm2="0.964013" adm_scale0="0.961402" adm_scale1="0.935478" adm_scale2="0.960671" adm_scale3="0.977057" motion2="7.373094" vif_scale0="0.505259" vif_scale1="0.854536" vif_scale2="0.925461" vif_scale3="0.956968" vmaf="91.788723" />
    <frame frameNum="61" adm2="0.959565" adm_scale0="0.954994" adm_scale1="0.925595" adm_scale2="0.951671" adm_scale3="0.976661" motion2="7.932577" vif_scale0="0.495288" vif_scale1="0.842997" vif_scale2="0.916954" vif_scale3="0.950619" vmaf="90.620542" />
    <frame frameNum="62" adm2="0.961377" adm_scale0="0.956937" adm_scale1="0.929211" adm_scale2="0.956920" adm_scale3="0.976415" motion2="8.347490" vif_scale0="0.495550" vif_scale1="0.843849" vif_scale2="0.919313" vif_scale3="0.953076" vmaf="91.741296" />
    <frame frameNum="63" adm2="0.956604" adm_scale0="0.952024" adm_scale1="0.917713" adm_scale2="0.948562" adm_scale3="0.975567" motion2="8.881413" vif_scale0="0.494387" vif_scale1="0.840702" vif_scale2="0.916309" vif_scale3="0.950917" vmaf="91.011462" />
    <frame frameNum="64" adm2="0.965278" adm_scale0="0.955199" adm_scale1="0.930153" adm_scale2="0.960654" adm_scale3="0.982560" motion2="9.587723" vif_scale0="0.507853" vif_scale1="0.864215" vif_scale2="0.935306" vif_scale3="0.963700" vmaf="95.385336" />
    <frame frameNum="65" adm2="0.957284" adm_scale0="0.952635" adm_scale1="0.914601" adm_scale2="0.949171" adm_scale3="0.977878" motion2="10.133101" vif_scale0="0.482146" vif_scale1="0.835429" vif_scale2="0.915785" vif_scale3="0.951000" vmaf="92.459245" />
    <frame frameNum="66" adm2="0.959010" adm_scale0="0.954944" adm_scale1="0.918465" adm_scale2="0.953346" adm_scale3="0.976771" motion2="10.653828" vif_scale0="0.492425" vif_scale1="0.842146" vif_scale2="0.918932" vif_scale3="0.952999" vmaf="93.646740" />
    <frame frameNum="67" adm2="0.956595" adm_scale0="0.954467" adm_scale1="0.918005" adm_scale2="0.950080" adm_scale3="0.974352" motion2="11.115594" vif_scale0="0.500834" vif_scale1="0.841350" vif_scale2="0.914884" vif_scale3="0.949046" vmaf="93.143960" />
    <frame frameNum="68" adm2="0.962274" adm_scale0="0.957026" adm_scale1="0.925501" adm_scale2="0.955655" adm_scale3="0.979355" motion2="11.631356" vif_scale0="0.502515" vif_scale1="0.849390" vif_scale2="0.922226" vif_scale3="0.954465" vmaf="95.591078" />
    <frame frameNum="69" adm2="0.957000" adm_scale0="0.955101" adm_scale1="0.921954" adm_scale2="0.952171" adm_scale3="0.972198" motion2="11.631356" vif_scale0="0.511504" vif_scale1="0.844513" vif_scale2="0.914212" vif_scale3="0.947041" vmaf="93.581843" />
    <frame frameNum="70" adm2="0.958292" adm_scale0="0.955525" adm_scale1="0.919354" adm_scale2="0.952095" adm_scale3="0.974697" motion2="12.472349" vif_scale0="0.523176" vif_scale1="0.856614" vif_scale2="0.922089" vif_scale3="0.952789" vmaf="95.477133" />
    <frame frameNum="71" adm2="0.955530" adm_scale0="0.954070" adm_scale1="0.918511" adm_scale2="0.946628" adm_scale3="0.971910" motion2="12.472349" vif_scale0="0.527929" vif_scale1="0.857105" vif_scale2="0.920474" vif_scale3="0.951422" vmaf="94.724625" />
    <frame frameNum="72" adm2="0.956973" adm_scale0="0.953689" adm_scale1="0.917915" adm_scale2="0.952525" adm_scale3="0.973279" motion2="13.029011" vif_scale0="0.526917" vif_scale1="0.867198" vif_scale2="0.930087" vif_scale3="0.957896" vmaf="96.478431" />
    <frame frameNum="73" adm2="0.957275" adm_scale0="0.956414" adm_scale1="0.926736" adm_scale2="0.946134" adm_scale3="0.973790" motion2="12.860599" vif_scale0="0.515445" vif_scale1="0.851736" vif_scale2="0.918249" vif_scale3="0.950255" vmaf="95.282724" />
    <frame frameNum="74" adm2="0.958632" adm_scale0="0.959975" adm_scale1="0.923260" adm_scale2="0.950865" adm_scale3="0.974365" motion2="12.854736" vif_scale0="0.515495" vif_scale1="0.856187" vif_scale2="0.923565" vif_scale3="0.953981" vmaf="96.068920" />
    <frame frameNum="75" adm2="0.958441" adm_scale0="0.960637" adm_scale1="0.923789" adm_scale2="0.947841" adm_scale3="0.974684" motion2="12.854736" vif_scale0="0.516252" vif_scale1="0.851702" vif_scale2="0.918749" vif_scale3="0.950930" vmaf="95.598043" />
    <frame frameNum="76" adm2="0.963294" adm_scale0="0.962414" adm_scale1="0.926816" adm_scale2="0.956139" adm_scale3="0.978555" motion2="13.063421" vif_scale0="0.528645" vif_scale1="0.865904" vif_scale2="0.928875" vif_scale3="0.957292" vmaf="97.765900" />
    <frame frameNum="77" adm2="0.959814" adm_scale0="0.960631" adm_scale1="0.927553" adm_scale2="0.949905" adm_scale3="0.975033" motion2="12.974502" vif_scale0="0.518830" vif_scale1="0.854836" vif_scale2="0.920089" vif_scale3="0.951098" vmaf="96.079711" />
    <frame frameNum="78" adm2="0.959976" adm_scale0="0.958648" adm_scale1="0.923177" adm_scale2="0.952968" adm_scale3="0.975890" motion2="12.800354" vif_scale0="0.526287" vif_scale1="0.862961" vif_scale2="0.926151" vif_scale3="0.955177" vmaf="96.518461" />
    <frame frameNum="79" adm2="0.957109" adm_scale0="0.956772" adm_scale1="0.919818" adm_scale2="0.947590" adm_scale3="0.974284" motion2="12.800354" vif_scale0="0.519504" vif_scale1="0.852083" vif_scale2="0.915903" vif_scale3="0.946064" vmaf="94.777444" />
    <frame frameNum="80" adm2="0.970783" adm_scale0="0.962406" adm_scale1="0.936520" adm_scale2="0.967010" adm_scale3="0.985404" motion2="12.288285" vif_scale0="0.557701" vif_scale1="0.902281" vif_scale2="0.953505" vif_scale3="0.973740" vmaf="101.008476" />
    <frame frameNum="81" adm2="0.956816" adm_scale0="0.956550" adm_scale1="0.917149" adm_scale2="0.947732" adm_scale3="0.974866" motion2="12.156039" vif_scale0="0.522906" vif_scale1="0.862939" vif_scale2="0.926277" vif_scale3="0.956004" vmaf="95.266992" />
    <frame frameNum="82" adm2="0.953614" adm_scale0="0.953018" adm_scale1="0.910441" adm_scale2="0.943340" adm_scale3="0.973513" motion2="11.749644" vif_scale0="0.526698" vif_scale1="0.859689" vif_scale2="0.922002" vif_scale3="0.952266" vmaf="93.714545" />
    <frame frameNum="83" adm2="0.954653" adm_scale0="0.955234" adm_scale1="0.913273" adm_scale2="0.946884" adm_scale3="0.972641" motion2="11.213417" vif_scale0="0.520128" vif_scale1="0.857718" vif_scale2="0.922324" vif_scale3="0.953003" vmaf="93.451556" />
    <frame frameNum="84" adm2="0.960544" adm_scale0="0.958207" adm_scale1="0.925386" adm_scale2="0.953570" adm_scale3="0.976564" motion2="11.213417" vif_scale0="0.528186" vif_scale1="0.865823" vif_scale2="0.928827" vif_scale3="0.957656" vmaf="95.345221" />
    <frame frameNum="85" adm2="0.956923" adm_scale0="0.956870" adm_scale1="0.915867" adm_scale2="0.945432" adm_scale3="0.976281" motion2="10.529059" vif_scale0="0.513499" vif_scale1="0.854540" vif_scale2="0.921192" vif_scale3="0.952069" vmaf="93.104944" />
    <frame frameNum="86" adm2="0.955794" adm_scale0="0.953720" adm_scale1="0.916234" adm_scale2="0.945555" adm_scale3="0.974733" motion2="9.761002" vif_scale0="0.515178" vif_scale1="0.856506" vif_scale2="0.923353" vif_scale3="0.954160" vmaf="92.310117" />
    <frame frameNum="87" adm2="0.956593" adm_scale0="0.954953" adm_scale1="0.920464" adm_scale2="0.947313" adm_scale3="0.973943" motion2="9.214196" vif_scale0="0.513244" vif_scale1="0.852632" vif_scale2="0.919780" vif_scale3="0.951284" vmaf="91.530957" />
    <frame frameNum="88" adm2="0.961312" adm_scale0="0.956418" adm_scale1="0.924879" adm_scale2="0.954659" adm_scale3="0.978982" motion2="8.763312" vif_scale0="0.513172" vif_scale1="0.866211" vif_scale2="0.932028" vif_scale3="0.960713" vmaf="93.291013" />
    <frame frameNum="89" adm2="0.954386" adm_scale0="0.953140" adm_scale1="0.916593" adm_scale2="0.944213" adm_scale3="0.973651" motion2="8.763312" vif_scale0="0.506328" vif_scale1="0.852468" vif_scale2="0.921063" vif_scale3="0.952025" vmaf="90.686784" />
    <frame frameNum="90" adm2="0.959256" adm_scale0="0.956818" adm_scale1="0.920794" adm_scale2="0.953879" adm_scale3="0.976356" motion2="8.124693" vif_scale0="0.511317" vif_scale1="0.859036" vif_scale2="0.925734" vif_scale3="0.955897" vmaf="91.523867" />
    <frame frameNum="91" adm2="0.960127" adm_scale0="0.955744" adm_scale1="0.918915" adm_scale2="0.950808" adm_scale3="0.979311" motion2="8.066119" vif_scale0="0.500763" vif_scale1="0.851583" vif_scale2="0.921462" vif_scale3="0.952751" vmaf="91.229362" />
    <frame frameNum="92" adm2="0.961728" adm_scale0="0.957562" adm_scale1="0.926567" adm_scale2="0.955833" adm_scale3="0.978838" motion2="7.910059" vif_scale0="0.505434" vif_scale1="0.859992" vif_scale2="0.928552" vif_scale3="0.957580" vmaf="92.065336" />
    <frame frameNum="93" adm2="0.955587" adm_scale0="0.952539" adm_scale1="0.910020" adm_scale2="0.948619" adm_scale3="0.976039" motion2="7.162950" vif_scale0="0.484234" vif_scale1="0.846412" vif_scale2="0.919748" vif_scale3="0.951048" vmaf="89.083027" />
    <frame frameNum="94" adm2="0.962864" adm_scale0="0.957445" adm_scale1="0.928104" adm_scale2="0.956200" adm_scale3="0.979961" motion2="6.881777" vif_scale0="0.488450" vif_scale1="0.849621" vif_scale2="0.922040" vif_scale3="0.953367" vmaf="90.590300" />
    <frame frameNum="95" adm2="0.960783" adm_scale0="0.954537" adm_scale1="0.922459" adm_scale2="0.953747" adm_scale3="0.979647" motion2="6.881777" vif_scale0="0.478113" vif_scale1="0.846592" vif_scale2="0.920893" vif_scale3="0.952728" vmaf="90.059425" />
    <frame frameNum="96" adm2="0.969891" adm_scale0="0.960439" adm_scale1="0.942663" adm_scale2="0.965893" adm_scale3="0.984530" motion2="6.838077" vif_scale0="0.508680" vif_scale1="0.876243" vif_scale2="0.940743" vif_scale3="0.965921" vmaf="93.792865" />
    <frame frameNum="97" adm2="0.959825" adm_scale0="0.955233" adm_scale1="0.923486" adm_scale2="0.955222" adm_scale3="0.976520" motion2="6.494508" vif_scale0="0.495582" vif_scale1="0.852748" vif_scale2="0.922881" vif_scale3="0.954037" vmaf="89.592875" />
    <frame frameNum="98" adm2="0.963866" adm_scale0="0.957357" adm_scale1="0.929431" adm_scale2="0.958306" adm_scale3="0.981073" motion2="6.203431" vif_scale0="0.497644" vif_scale1="0.854150" vif_scale2="0.924339" vif_scale3="0.955265" vmaf="90.281125" />
    <frame frameNum="99" adm2="0.962137" adm_scale0="0.955983" adm_scale1="0.925074" adm_scale2="0.957225" adm_scale3="0.979263" motion2="6.203431" vif_scale0="0.497172" vif_scale1="0.852018" vif_scale2="0.922109" vif_scale3="0.952961" vmaf="89.643383" />
    <frame frameNum="100" adm2="0.966350" adm_scale0="0.961420" adm_scale1="0.935637" adm_scale2="0.959220" adm_scale3="0.982562" motion2="6.836185" vif_scale0="0.491837" vif_scale1="0.855534" vif_scale2="0.926394" vif_scale3="0.956616" vmaf="91.710898" />
    <frame frameNum="101" adm2="0.960694" adm_scale0="0.957140" adm_scale1="0.922798" adm_scale2="0.955784" adm_scale3="0.977688" motion2="7.031013" vif_scale0="0.490081" vif_scale1="0.847323" vif_scale2="0.919676" vif_scale3="0.951634" vmaf="90.062266" />
    <frame frameNum="102" adm2="0.963153" adm_scale0="0.958738" adm_scale1="0.930320" adm_scale2="0.958878" adm_scale3="0.979039" motion2="7.301840" vif_scale0="0.507259" vif_scale1="0.858838" vif_scale2="0.925638" vif_scale3="0.955111" vmaf="91.388655" />
    <frame frameNum="103" adm2="0.962152" adm_scale0="0.957743" adm_scale1="0.929365" adm_scale2="0.955437" adm_scale3="0.978505" motion2="7.677040" vif_scale0="0.505890" vif_scale1="0.853353" vif_scale2="0.921092" vif_scale3="0.952649" vmaf="91.211511" />
    <frame frameNum="104" adm2="0.968309" adm_scale0="0.964601" adm_scale1="0.940000" adm_scale2="0.964240" adm_scale3="0.981848" motion2="8.242241" vif_scale0="0.527374" vif_scale1="0.870184" vif_scale2="0.932165" vif_scale3="0.958770" vmaf="94.081833" />
    <frame frameNum="105" adm2="0.963650" adm_scale0="0.960064" adm_scale1="0.931566" adm_scale2="0.958909" adm_scale3="0.979162" motion2="8.252743" vif_scale0="0.511540" vif_scale1="0.857373" vif_scale2="0.923372" vif_scale3="0.952394" vmaf="92.232839" />
    <frame frameNum="106" adm2="0.963245" adm_scale0="0.961053" adm_scale1="0.937580" adm_scale2="0.959373" adm_scale3="0.975893" motion2="8.197223" vif_scale0="0.524603" vif_scale1="0.862213" vif_scale2="0.924951" vif_scale3="0.954033" vmaf="92.278410" />
    <frame frameNum="107" adm2="0.965098" adm_scale0="0.959846" adm_scale1="0.936169" adm_scale2="0.957815" adm_scale3="0.980528" motion2="8.151590" vif_scale0="0.534026" vif_scale1="0.864675" vif_scale2="0.924869" vif_scale3="0.952711" vmaf="92.519934" />
    <frame frameNum="108" adm2="0.968820" adm_scale0="0.962885" adm_scale1="0.938401" adm_scale2="0.966131" adm_scale3="0.983053" motion2="8.151590" vif_scale0="0.532100" vif_scale1="0.872931" vif_scale2="0.933117" vif_scale3="0.959301" vmaf="94.175528" />
    <frame frameNum="109" adm2="0.965190" adm_scale0="0.961523" adm_scale1="0.937236" adm_scale2="0.960375" adm_scale3="0.979477" motion2="8.173396" vif_scale0="0.533401" vif_scale1="0.866687" vif_scale2="0.927676" vif_scale3="0.955988" vmaf="92.934627" />
    <frame frameNum="110" adm2="0.966806" adm_scale0="0.963176" adm_scale1="0.942236" adm_scale2="0.963535" adm_scale3="0.978701" motion2="7.728574" vif_scale0="0.536181" vif_scale1="0.870842" vif_scale2="0.930785" vif_scale3="0.957321" vmaf="93.025250" />
    <frame frameNum="111" adm2="0.966929" adm_scale0="0.963874" adm_scale1="0.938608" adm_scale2="0.959399" adm_scale3="0.982669" motion2="7.173264" vif_scale0="0.532909" vif_scale1="0.868582" vif_scale2="0.929311" vif_scale3="0.956738" vmaf="92.326276" />
    <frame frameNum="112" adm2="0.977766" adm_scale0="0.971706" adm_scale1="0.960478" adm_scale2="0.976779" adm_scale3="0.987078" motion2="6.855636" vif_scale0="0.569184" vif_scale1="0.906449" vif_scale2="0.954336" vif_scale3="0.972504" vmaf="96.633393" />
    <frame frameNum="113" adm2="0.966372" adm_scale0="0.962205" adm_scale1="0.940129" adm_scale2="0.960450" adm_scale3="0.981156" motion2="6.519027" vif_scale0="0.531140" vif_scale1="0.871808" vif_scale2="0.932072" vif_scale3="0.958389" vmaf="91.717067" />
    <frame frameNum="114" adm2="0.965124" adm_scale0="0.958750" adm_scale1="0.938442" adm_scale2="0.961727" adm_scale3="0.979082" motion2="6.067085" vif_scale0="0.518837" vif_scale1="0.865065" vif_scale2="0.928203" vif_scale3="0.956900" vmaf="90.666565" />
    <frame frameNum="115" adm2="0.967335" adm_scale0="0.962305" adm_scale1="0.943474" adm_scale2="0.962790" adm_scale3="0.980216" motion2="5.705991" vif_scale0="0.541164" vif_scale1="0.873576" vif_scale2="0.931620" vif_scale3="0.958773" vmaf="91.003757" />
    <frame frameNum="116" adm2="0.970921" adm_scale0="0.966646" adm_scale1="0.945935" adm_scale2="0.968213" adm_scale3="0.983100" motion2="5.386418" vif_scale0="0.537367" vif_scale1="0.879368" vif_scale2="0.937166" vif_scale3="0.962765" vmaf="91.954035" />
    <frame frameNum="117" adm2="0.966994" adm_scale0="0.962266" adm_scale1="0.942055" adm_scale2="0.960926" adm_scale3="0.981419" motion2="5.075470" vif_scale0="0.530614" vif_scale1="0.871058" vif_scale2="0.931346" vif_scale3="0.959301" vmaf="90.240504" />
    <frame frameNum="118" adm2="0.969562" adm_scale0="0.963458" adm_scale1="0.947168" adm_scale2="0.962906" adm_scale3="0.983213" motion2="4.830062" vif_scale0="0.524670" vif_scale1="0.872592" vif_scale2="0.933762" vif_scale3="0.960886" vmaf="90.736249" />
    <frame frameNum="119" adm2="0.967207" adm_scale0="0.962248" adm_scale1="0.939701" adm_scale2="0.962176" adm_scale3="0.981606" motion2="4.830062" vif_scale0="0.515254" vif_scale1="0.864895" vif_scale2="0.929152" vif_scale3="0.958444" vmaf="89.858263" />
    <frame frameNum="120" adm2="0.970642" adm_scale0="0.963628" adm_scale1="0.946488" adm_scale2="0.968092" adm_scale3="0.983011" motion2="4.543947" vif_scale0="0.534880" vif_scale1="0.883070" vif_scale2="0.939536" vif_scale3="0.963431" vmaf="91.071729" />
    <frame frameNum="121" adm2="0.965739" adm_scale0="0.962472" adm_scale1="0.937452" adm_scale2="0.960881" adm_scale3="0.980375" motion2="4.543947" vif_scale0="0.507569" vif_scale1="0.863899" vif_scale2="0.929830" vif_scale3="0.958528" vmaf="89.257352" />
    <frame frameNum="122" adm2="0.967681" adm_scale0="0.962962" adm_scale1="0.942761" adm_scale2="0.961527" adm_scale3="0.982134" motion2="4.681951" vif_scale0="0.516755" vif_scale1="0.870772" vif_scale2="0.933549" vif_scale3="0.960602" vmaf="90.138749" />
    <frame frameNum="123" adm2="0.967161" adm_scale0="0.961400" adm_scale1="0.944169" adm_scale2="0.962156" adm_scale3="0.980612" motion2="4.436007" vif_scale0="0.509685" vif_scale1="0.864293" vif_scale2="0.929001" vif_scale3="0.957576" vmaf="89.324569" />
    <frame frameNum="124" adm2="0.970191" adm_scale0="0.963799" adm_scale1="0.946622" adm_scale2="0.966827" adm_scale3="0.982845" motion2="4.410894" vif_scale0="0.514835" vif_scale1="0.875624" vif_scale2="0.937434" vif_scale3="0.963398" vmaf="90.745905" />
    <frame frameNum="125" adm2="0.967196" adm_scale0="0.963191" adm_scale1="0.940770" adm_scale2="0.960978" adm_scale3="0.981855" motion2="4.410894" vif_scale0="0.520310" vif_scale1="0.870614" vif_scale2="0.932355" vif_scale3="0.959523" vmaf="89.582118" />
    <frame frameNum="126" adm2="0.968491" adm_scale0="0.965412" adm_scale1="0.942627" adm_scale2="0.961692" adm_scale3="0.982821" motion2="4.462180" vif_scale0="0.525049" vif_scale1="0.873396" vif_scale2="0.934019" vif_scale3="0.960017" vmaf="90.022142" />
    <frame frameNum="127" adm2="0.967162" adm_scale0="0.961943" adm_scale1="0.941174" adm_scale2="0.961916" adm_scale3="0.981379" motion2="4.368739" vif_scale0="0.514648" vif_scale1="0.870290" vif_scale2="0.933239" vif_scale3="0.960070" vmaf="89.611945" />
    <frame frameNum="128" adm2="0.974611" adm_scale0="0.965662" adm_scale1="0.953927" adm_scale2="0.973235" adm_scale3="0.985864" motion2="4.368739" vif_scale0="0.543793" vif_scale1="0.895550" vif_scale2="0.948979" vif_scale3="0.970374" vmaf="92.667927" />
    <frame frameNum="129" adm2="0.968549" adm_scale0="0.964085" adm_scale1="0.943027" adm_scale2="0.965582" adm_scale3="0.980760" motion2="4.662647" vif_scale0="0.534394" vif_scale1="0.874804" vif_scale2="0.933235" vif_scale3="0.959282" vmaf="90.168947" />
    <frame frameNum="130" adm2="0.968386" adm_scale0="0.964076" adm_scale1="0.942645" adm_scale2="0.965216" adm_scale3="0.981279" motion2="4.662647" vif_scale0="0.519901" vif_scale1="0.872098" vif_scale2="0.934323" vif_scale3="0.960906" vmaf="90.320098" />
    <frame frameNum="131" adm2="0.964381" adm_scale0="0.960404" adm_scale1="0.933909" adm_scale2="0.959674" adm_scale3="0.979104" motion2="4.836417" vif_scale0="0.510247" vif_scale1="0.863477" vif_scale2="0.928361" vif_scale3="0.956954" vmaf="89.118903" />
    <frame frameNum="132" adm2="0.970605" adm_scale0="0.966494" adm_scale1="0.945509" adm_scale2="0.966987" adm_scale3="0.983300" motion2="5.031696" vif_scale0="0.530854" vif_scale1="0.876016" vif_scale2="0.936672" vif_scale3="0.962448" vmaf="91.433250" />
    <frame frameNum="133" adm2="0.965548" adm_scale0="0.959776" adm_scale1="0.938788" adm_scale2="0.963074" adm_scale3="0.978719" motion2="5.123641" vif_scale0="0.502805" vif_scale1="0.860098" vif_scale2="0.927540" vif_scale3="0.957295" vmaf="89.699022" />
    <frame frameNum="134" adm2="0.966753" adm_scale0="0.960953" adm_scale1="0.937821" adm_scale2="0.961984" adm_scale3="0.981764" motion2="5.137451" vif_scale0="0.510584" vif_scale1="0.866852" vif_scale2="0.931789" vif_scale3="0.960116" vmaf="90.360430" />
    <frame frameNum="135" adm2="0.966198" adm_scale0="0.961946" adm_scale1="0.935741" adm_scale2="0.963304" adm_scale3="0.980271" motion2="5.556020" vif_scale0="0.521287" vif_scale1="0.865353" vif_scale2="0.928817" vif_scale3="0.956134" vmaf="90.277966" />
    <frame frameNum="136" adm2="0.969292" adm_scale0="0.960188" adm_scale1="0.940651" adm_scale2="0.967416" adm_scale3="0.982817" motion2="5.698411" vif_scale0="0.536254" vif_scale1="0.879217" vif_scale2="0.937717" vif_scale3="0.962790" vmaf="91.989692" />
    <frame frameNum="137" adm2="0.966615" adm_scale0="0.960739" adm_scale1="0.939786" adm_scale2="0.963631" adm_scale3="0.979457" motion2="5.907775" vif_scale0="0.529396" vif_scale1="0.868057" vif_scale2="0.929464" vif_scale3="0.957308" vmaf="90.881976" />
    <frame frameNum="138" adm2="0.965935" adm_scale0="0.959859" adm_scale1="0.931786" adm_scale2="0.961355" adm_scale3="0.982091" motion2="6.206720" vif_scale0="0.506358" vif_scale1="0.863567" vif_scale2="0.930068" vif_scale3="0.958787" vmaf="91.230332" />
    <frame frameNum="139" adm2="0.963559" adm_scale0="0.959649" adm_scale1="0.931255" adm_scale2="0.961296" adm_scale3="0.977235" motion2="6.419833" vif_scale0="0.514642" vif_scale1="0.864794" vif_scale2="0.929308" vif_scale3="0.957915" vmaf="90.858046" />
    <frame frameNum="140" adm2="0.966088" adm_scale0="0.959433" adm_scale1="0.929921" adm_scale2="0.962697" adm_scale3="0.981580" motion2="6.691042" vif_scale0="0.525453" vif_scale1="0.872953" vif_scale2="0.934794" vif_scale3="0.961023" vmaf="92.172105" />
    <frame frameNum="141" adm2="0.966112" adm_scale0="0.962424" adm_scale1="0.933971" adm_scale2="0.961759" adm_scale3="0.980760" motion2="7.202104" vif_scale0="0.536521" vif_scale1="0.872022" vif_scale2="0.931841" vif_scale3="0.958091" vmaf="92.394917" />
    <frame frameNum="142" adm2="0.964794" adm_scale0="0.958712" adm_scale1="0.932670" adm_scale2="0.958092" adm_scale3="0.981494" motion2="7.314528" vif_scale0="0.530872" vif_scale1="0.872930" vif_scale2="0.933698" vif_scale3="0.960390" vmaf="92.496175" />
    <frame frameNum="143" adm2="0.966471" adm_scale0="0.962431" adm_scale1="0.935329" adm_scale2="0.959114" adm_scale3="0.981765" motion2="7.495216" vif_scale0="0.547540" vif_scale1="0.876673" vif_scale2="0.934212" vif_scale3="0.959154" vmaf="92.983159" />
    <frame frameNum="144" adm2="0.973535" adm_scale0="0.966086" adm_scale1="0.946260" adm_scale2="0.972320" adm_scale3="0.985456" motion2="7.396393" vif_scale0="0.592025" vif_scale1="0.913698" vif_scale2="0.957214" vif_scale3="0.973803" vmaf="96.579269" />
    <frame frameNum="145" adm2="0.962999" adm_scale0="0.955955" adm_scale1="0.927530" adm_scale2="0.958040" adm_scale3="0.979331" motion2="7.396393" vif_scale0="0.551604" vif_scale1="0.875967" vif_scale2="0.932979" vif_scale3="0.958495" vmaf="92.024538" />
    <frame frameNum="146" adm2="0.967409" adm_scale0="0.960442" adm_scale1="0.936153" adm_scale2="0.962526" adm_scale3="0.982262" motion2="7.952742" vif_scale0="0.558839" vif_scale1="0.886401" vif_scale2="0.940627" vif_scale3="0.964575" vmaf="94.397105" />
    <frame frameNum="147" adm2="0.964326" adm_scale0="0.959617" adm_scale1="0.929838" adm_scale2="0.954948" adm_scale3="0.981472" motion2="8.263140" vif_scale0="0.561390" vif_scale1="0.876774" vif_scale2="0.932454" vif_scale3="0.957445" vmaf="93.171541" />
    <frame frameNum="148" adm2="0.966055" adm_scale0="0.962320" adm_scale1="0.930575" adm_scale2="0.962259" adm_scale3="0.980692" motion2="8.254028" vif_scale0="0.557936" vif_scale1="0.876786" vif_scale2="0.933190" vif_scale3="0.958474" vmaf="93.642240" />
    <frame frameNum="149" adm2="0.968703" adm_scale0="0.961442" adm_scale1="0.931946" adm_scale2="0.967683" adm_scale3="0.983372" motion2="8.254028" vif_scale0="0.564454" vif_scale1="0.890453" vif_scale2="0.943255" vif_scale3="0.964971" vmaf="95.157906" />
  </frames>
</VMAF>
