<VMAF version="47950a6">
  <params qualityWidth="1280" qualityHeight="720" />
  <fyi fps="13.89" />
  <frames>
    <frame frameNum="0" adm2="0.961386" adm_scale0="0.961385" adm_scale1="0.924699" adm_scale2="0.951201" adm_scale3="0.981315" motion2="0.000000" vif_scale0="0.553702" vif_scale1="0.894796" vif_scale2="0.950265" vif_scale3="0.972383" vmaf="84.744507" />
    <frame frameNum="1" adm2="0.952056" adm_scale0="0.954343" adm_scale1="0.916602" adm_scale2="0.944355" adm_scale3="0.970628" motion2="5.639671" vif_scale0="0.481327" vif_scale1="0.834203" vif_scale2="0.908656" vif_scale3="0.944565" vmaf="85.706369" />
    <frame frameNum="2" adm2="0.952257" adm_scale0="0.954992" adm_scale1="0.915927" adm_scale2="0.942618" adm_scale3="0.972336" motion2="5.106677" vif_scale0="0.483654" vif_scale1="0.835714" vif_scale2="0.909267" vif_scale3="0.945376" vmaf="85.229088" />
    <frame frameNum="3" adm2="0.950535" adm_scale0="0.953350" adm_scale1="0.915422" adm_scale2="0.941577" adm_scale3="0.969508" motion2="4.350933" vif_scale0="0.464928" vif_scale1="0.822893" vif_scale2="0.900818" vif_scale3="0.939512" vmaf="83.271340" />
    <frame frameNum="4" adm2="0.953490" adm_scale0="0.954400" adm_scale1="0.916337" adm_scale2="0.942018" adm_scale3="0.974716" motion2="3.279224" vif_scale0="0.455800" vif_scale1="0.829046" vif_scale2="0.908465" vif_scale3="0.946467" vmaf="83.512569" />
    <frame frameNum="5" adm2="0.951501" adm_scale0="0.954217" adm_scale1="0.915920" adm_scale2="0.942066" adm_scale3="0.970525" motion2="3.279224" vif_scale0="0.449979" vif_scale1="0.818598" vif_scale2="0.899331" vif_scale3="0.939354" vmaf="82.218868" />
    <frame frameNum="6" adm2="0.952924" adm_scale0="0.954988" adm_scale1="0.918812" adm_scale2="0.941808" adm_scale3="0.972545" motion2="4.885628" vif_scale0="0.467331" vif_scale1="0.826307" vif_scale2="0.903727" vif_scale3="0.941994" vmaf="84.677051" />
    <frame frameNum="7" adm2="0.950660" adm_scale0="0.955909" adm_scale1="0.917704" adm_scale2="0.940774" adm_scale3="0.969052" motion2="4.776041" vif_scale0="0.480996" vif_scale1="0.822588" vif_scale2="0.898390" vif_scale3="0.938570" vmaf="83.585009" />
    <frame frameNum="8" adm2="0.953752" adm_scale0="0.956777" adm_scale1="0.917611" adm_scale2="0.945573" adm_scale3="0.972920" motion2="4.056862" vif_scale0="0.468039" vif_scale1="0.841154" vif_scale2="0.916719" vif_scale3="0.952075" vmaf="85.184785" />
    <frame frameNum="9" adm2="0.949834" adm_scale0="0.956052" adm_scale1="0.913320" adm_scale2="0.941269" adm_scale3="0.968231" motion2="4.056862" vif_scale0="0.457914" vif_scale1="0.823391" vif_scale2="0.902818" vif_scale3="0.941817" vmaf="83.057280" />
    <frame frameNum="10" adm2="0.950440" adm_scale0="0.957133" adm_scale1="0.916856" adm_scale2="0.940945" adm_scale3="0.968314" motion2="6.112095" vif_scale0="0.469794" vif_scale1="0.823229" vif_scale2="0.900745" vif_scale3="0.938136" vmaf="85.115325" />
    <frame frameNum="11" adm2="0.949468" adm_scale0="0.954761" adm_scale1="0.914838" adm_scale2="0.937336" adm_scale3="0.969241" motion2="4.545020" vif_scale0="0.454957" vif_scale1="0.817909" vif_scale2="0.897741" vif_scale3="0.938088" vmaf="83.064883" />
    <frame frameNum="12" adm2="0.953186" adm_scale0="0.957266" adm_scale1="0.917760" adm_scale2="0.944207" adm_scale3="0.971358" motion2="3.989195" vif_scale0="0.458419" vif_scale1="0.830543" vif_scale2="0.908881" vif_scale3="0.945988" vmaf="84.235242" />
    <frame frameNum="13" adm2="0.950721" adm_scale0="0.955854" adm_scale1="0.913630" adm_scale2="0.941814" adm_scale3="0.969281" motion2="3.152309" vif_scale0="0.462686" vif_scale1="0.825497" vif_scale2="0.902602" vif_scale3="0.941122" vmaf="82.130362" />
    <frame frameNum="14" adm2="0.954671" adm_scale0="0.955723" adm_scale1="0.918347" adm_scale2="0.947336" adm_scale3="0.972806" motion2="3.152309" vif_scale0="0.465034" vif_scale1="0.834239" vif_scale2="0.910759" vif_scale3="0.946849" vmaf="83.708022" />
    <frame frameNum="15" adm2="0.952161" adm_scale0="0.955344" adm_scale1="0.912588" adm_scale2="0.944131" adm_scale3="0.971758" motion2="3.406580" vif_scale0="0.463310" vif_scale1="0.832443" vif_scale2="0.909036" vif_scale3="0.946511" vmaf="83.383650" />
    <frame frameNum="16" adm2="0.959092" adm_scale0="0.960179" adm_scale1="0.923191" adm_scale2="0.948769" adm_scale3="0.978882" motion2="4.074044" vif_scale0="0.494833" vif_scale1="0.867545" vif_scale2="0.935780" vif_scale3="0.964449" vmaf="88.023289" />
    <frame frameNum="17" adm2="0.955416" adm_scale0="0.958789" adm_scale1="0.921824" adm_scale2="0.946718" adm_scale3="0.972747" motion2="3.065302" vif_scale0="0.470136" vif_scale1="0.836028" vif_scale2="0.911499" vif_scale3="0.948227" vmaf="83.886366" />
    <frame frameNum="18" adm2="0.954436" adm_scale0="0.959202" adm_scale1="0.918820" adm_scale2="0.942276" adm_scale3="0.974160" motion2="3.065302" vif_scale0="0.469087" vif_scale1="0.834650" vif_scale2="0.910970" vif_scale3="0.947774" vmaf="83.627515" />
    <frame frameNum="19" adm2="0.954245" adm_scale0="0.958022" adm_scale1="0.919108" adm_scale2="0.945826" adm_scale3="0.972518" motion2="3.216635" vif_scale0="0.466046" vif_scale1="0.834062" vif_scale2="0.910930" vif_scale3="0.946593" vmaf="83.677773" />
    <frame frameNum="20" adm2="0.956594" adm_scale0="0.958103" adm_scale1="0.921289" adm_scale2="0.948288" adm_scale3="0.975332" motion2="2.992759" vif_scale0="0.467598" vif_scale1="0.844157" vif_scale2="0.919755" vif_scale3="0.953617" vmaf="84.797027" />
    <frame frameNum="21" adm2="0.954078" adm_scale0="0.959888" adm_scale1="0.917993" adm_scale2="0.947213" adm_scale3="0.970732" motion2="2.992759" vif_scale0="0.459128" vif_scale1="0.830829" vif_scale2="0.909118" vif_scale3="0.946217" vmaf="83.302244" />
    <frame frameNum="22" adm2="0.954810" adm_scale0="0.955922" adm_scale1="0.920963" adm_scale2="0.945308" adm_scale3="0.973537" motion2="3.364288" vif_scale0="0.452684" vif_scale1="0.829725" vif_scale2="0.910101" vif_scale3="0.947303" vmaf="84.024289" />
    <frame frameNum="23" adm2="0.954243" adm_scale0="0.956440" adm_scale1="0.922958" adm_scale2="0.944555" adm_scale3="0.972254" motion2="2.941125" vif_scale0="0.449699" vif_scale1="0.826105" vif_scale2="0.907126" vif_scale3="0.945002" vmaf="83.134222" />
    <frame frameNum="24" adm2="0.957331" adm_scale0="0.959200" adm_scale1="0.922400" adm_scale2="0.947945" adm_scale3="0.976096" motion2="2.941125" vif_scale0="0.463391" vif_scale1="0.842144" vif_scale2="0.919787" vif_scale3="0.954091" vmaf="84.941758" />
    <frame frameNum="25" adm2="0.955188" adm_scale0="0.957371" adm_scale1="0.919998" adm_scale2="0.946771" adm_scale3="0.973654" motion2="2.852221" vif_scale0="0.456564" vif_scale1="0.830957" vif_scale2="0.910840" vif_scale3="0.947853" vmaf="83.573763" />
    <frame frameNum="26" adm2="0.955489" adm_scale0="0.958241" adm_scale1="0.921620" adm_scale2="0.945987" adm_scale3="0.973896" motion2="2.776766" vif_scale0="0.459313" vif_scale1="0.832572" vif_scale2="0.911257" vif_scale3="0.947307" vmaf="83.515543" />
    <frame frameNum="27" adm2="0.953105" adm_scale0="0.956766" adm_scale1="0.917278" adm_scale2="0.944108" adm_scale3="0.972072" motion2="2.509950" vif_scale0="0.452828" vif_scale1="0.826570" vif_scale2="0.907530" vif_scale3="0.945723" vmaf="82.458310" />
    <frame frameNum="28" adm2="0.955008" adm_scale0="0.958233" adm_scale1="0.919243" adm_scale2="0.946036" adm_scale3="0.973835" motion2="2.509950" vif_scale0="0.458433" vif_scale1="0.835132" vif_scale2="0.914296" vif_scale3="0.950068" vmaf="83.436892" />
    <frame frameNum="29" adm2="0.953270" adm_scale0="0.959072" adm_scale1="0.919980" adm_scale2="0.944824" adm_scale3="0.970333" motion2="2.816446" vif_scale0="0.452289" vif_scale1="0.821933" vif_scale2="0.903072" vif_scale3="0.941084" vmaf="82.325577" />
    <frame frameNum="30" adm2="0.954692" adm_scale0="0.959293" adm_scale1="0.918933" adm_scale2="0.944539" adm_scale3="0.973689" motion2="2.816446" vif_scale0="0.459649" vif_scale1="0.830868" vif_scale2="0.910602" vif_scale3="0.946731" vmaf="83.324760" />
    <frame frameNum="31" adm2="0.954219" adm_scale0="0.956825" adm_scale1="0.918464" adm_scale2="0.946825" adm_scale3="0.972712" motion2="2.870256" vif_scale0="0.451248" vif_scale1="0.830035" vif_scale2="0.911282" vif_scale3="0.949070" vmaf="83.515898" />
    <frame frameNum="32" adm2="0.959977" adm_scale0="0.961958" adm_scale1="0.925349" adm_scale2="0.951149" adm_scale3="0.978594" motion2="2.870256" vif_scale0="0.480152" vif_scale1="0.858444" vif_scale2="0.932500" vif_scale3="0.963472" vmaf="86.622391" />
    <frame frameNum="33" adm2="0.955100" adm_scale0="0.958099" adm_scale1="0.920925" adm_scale2="0.945889" adm_scale3="0.973312" motion2="4.198459" vif_scale0="0.455078" vif_scale1="0.825909" vif_scale2="0.906802" vif_scale3="0.944516" vmaf="84.695027" />
    <frame frameNum="34" adm2="0.955179" adm_scale0="0.958840" adm_scale1="0.921441" adm_scale2="0.946148" adm_scale3="0.972767" motion2="4.198459" vif_scale0="0.452238" vif_scale1="0.823308" vif_scale2="0.904943" vif_scale3="0.943913" vmaf="84.600965" />
    <frame frameNum="35" adm2="0.953033" adm_scale0="0.959214" adm_scale1="0.918587" adm_scale2="0.941104" adm_scale3="0.971830" motion2="5.916987" vif_scale0="0.452601" vif_scale1="0.815608" vif_scale2="0.899398" vif_scale3="0.940004" vmaf="85.571720" />
    <frame frameNum="36" adm2="0.955203" adm_scale0="0.963187" adm_scale1="0.920325" adm_scale2="0.945461" adm_scale3="0.971579" motion2="6.934131" vif_scale0="0.480791" vif_scale1="0.826971" vif_scale2="0.906177" vif_scale3="0.944749" vmaf="87.737482" />
    <frame frameNum="37" adm2="0.953989" adm_scale0="0.960379" adm_scale1="0.918278" adm_scale2="0.943129" adm_scale3="0.971720" motion2="7.691448" vif_scale0="0.474616" vif_scale1="0.817326" vif_scale2="0.898768" vif_scale3="0.938658" vmaf="87.565145" />
    <frame frameNum="38" adm2="0.955194" adm_scale0="0.963637" adm_scale1="0.915968" adm_scale2="0.945336" adm_scale3="0.972634" motion2="8.290002" vif_scale0="0.494012" vif_scale1="0.827292" vif_scale2="0.901786" vif_scale3="0.940416" vmaf="88.698580" />
    <frame frameNum="39" adm2="0.951091" adm_scale0="0.962259" adm_scale1="0.915382" adm_scale2="0.938323" adm_scale3="0.967713" motion2="9.201682" vif_scale0="0.500427" vif_scale1="0.829516" vif_scale2="0.900764" vif_scale3="0.937908" vmaf="88.569940" />
    <frame frameNum="40" adm2="0.957233" adm_scale0="0.964739" adm_scale1="0.930148" adm_scale2="0.944576" adm_scale3="0.971835" motion2="9.585089" vif_scale0="0.509302" vif_scale1="0.843466" vif_scale2="0.913300" vif_scale3="0.949225" vmaf="91.641331" />
    <frame frameNum="41" adm2="0.953779" adm_scale0="0.964428" adm_scale1="0.922674" adm_scale2="0.939767" adm_scale3="0.969460" motion2="9.823271" vif_scale0="0.500864" vif_scale1="0.829241" vif_scale2="0.901442" vif_scale3="0.939423" vmaf="89.939822" />
    <frame frameNum="42" adm2="0.953780" adm_scale0="0.964999" adm_scale1="0.922839" adm_scale2="0.939723" adm_scale3="0.969496" motion2="9.695138" vif_scale0="0.497288" vif_scale1="0.831224" vif_scale2="0.903904" vif_scale3="0.941569" vmaf="90.064604" />
    <frame frameNum="43" adm2="0.952148" adm_scale0="0.961743" adm_scale1="0.921815" adm_scale2="0.939081" adm_scale3="0.967552" motion2="9.695138" vif_scale0="0.498404" vif_scale1="0.831559" vif_scale2="0.902493" vif_scale3="0.940218" vmaf="89.558732" />
    <frame frameNum="44" adm2="0.952723" adm_scale0="0.962869" adm_scale1="0.918573" adm_scale2="0.939736" adm_scale3="0.969099" motion2="9.964064" vif_scale0="0.501971" vif_scale1="0.835915" vif_scale2="0.906724" vif_scale3="0.944280" vmaf="90.439819" />
    <frame frameNum="45" adm2="0.949424" adm_scale0="0.960884" adm_scale1="0.915840" adm_scale2="0.934252" adm_scale3="0.966555" motion2="9.690370" vif_scale0="0.502333" vif_scale1="0.830108" vif_scale2="0.900953" vif_scale3="0.939853" vmaf="88.889584" />
    <frame frameNum="46" adm2="0.951291" adm_scale0="0.961139" adm_scale1="0.915608" adm_scale2="0.939500" adm_scale3="0.967360" motion2="9.690370" vif_scale0="0.518145" vif_scale1="0.846120" vif_scale2="0.911099" vif_scale3="0.945178" vmaf="90.090510" />
    <frame frameNum="47" adm2="0.953184" adm_scale0="0.964720" adm_scale1="0.920281" adm_scale2="0.936502" adm_scale3="0.970037" motion2="9.335769" vif_scale0="0.522113" vif_scale1="0.847987" vif_scale2="0.910467" vif_scale3="0.943901" vmaf="89.992181" />
    <frame frameNum="48" adm2="0.965796" adm_scale0="0.967332" adm_scale1="0.932944" adm_scale2="0.955856" adm_scale3="0.981535" motion2="9.335769" vif_scale0="0.564440" vif_scale1="0.894478" vif_scale2="0.947029" vif_scale3="0.970391" vmaf="96.306294" />
    <frame frameNum="49" adm2="0.957355" adm_scale0="0.965609" adm_scale1="0.922704" adm_scale2="0.946608" adm_scale3="0.972425" motion2="9.337810" vif_scale0="0.528100" vif_scale1="0.855111" vif_scale2="0.916960" vif_scale3="0.948592" vmaf="91.506870" />
    <frame frameNum="50" adm2="0.955924" adm_scale0="0.964445" adm_scale1="0.924934" adm_scale2="0.942472" adm_scale3="0.970947" motion2="9.054583" vif_scale0="0.516145" vif_scale1="0.844590" vif_scale2="0.911274" vif_scale3="0.945860" vmaf="90.457961" />
    <frame frameNum="51" adm2="0.956017" adm_scale0="0.964370" adm_scale1="0.919468" adm_scale2="0.945764" adm_scale3="0.971119" motion2="9.041745" vif_scale0="0.509407" vif_scale1="0.842065" vif_scale2="0.909903" vif_scale3="0.944470" vmaf="90.302428" />
    <frame frameNum="52" adm2="0.959092" adm_scale0="0.965011" adm_scale1="0.924698" adm_scale2="0.948650" adm_scale3="0.975072" motion2="8.486893" vif_scale0="0.514436" vif_scale1="0.847407" vif_scale2="0.916599" vif_scale3="0.950982" vmaf="91.130093" />
    <frame frameNum="53" adm2="0.956321" adm_scale0="0.962508" adm_scale1="0.924330" adm_scale2="0.942793" adm_scale3="0.973904" motion2="7.573438" vif_scale0="0.489061" vif_scale1="0.827238" vif_scale2="0.903899" vif_scale3="0.941931" vmaf="88.362058" />
    <frame frameNum="54" adm2="0.957471" adm_scale0="0.962987" adm_scale1="0.923167" adm_scale2="0.949267" adm_scale3="0.973072" motion2="7.007406" vif_scale0="0.480309" vif_scale1="0.822495" vif_scale2="0.903447" vif_scale3="0.943565" vmaf="88.104899" />
    <frame frameNum="55" adm2="0.955405" adm_scale0="0.961351" adm_scale1="0.921863" adm_scale2="0.948724" adm_scale3="0.970357" motion2="6.151161" vif_scale0="0.460840" vif_scale1="0.811365" vif_scale2="0.898834" vif_scale3="0.941962" vmaf="86.455389" />
    <frame frameNum="56" adm2="0.959040" adm_scale0="0.961030" adm_scale1="0.924082" adm_scale2="0.949150" adm_scale3="0.976988" motion2="6.116088" vif_scale0="0.455512" vif_scale1="0.816864" vif_scale2="0.907727" vif_scale3="0.948958" vmaf="88.072089" />
    <frame frameNum="57" adm2="0.954146" adm_scale0="0.960293" adm_scale1="0.919246" adm_scale2="0.946115" adm_scale3="0.970179" motion2="6.116088" vif_scale0="0.456081" vif_scale1="0.807560" vif_scale2="0.897514" vif_scale3="0.940715" vmaf="86.017186" />
    <frame frameNum="58" adm2="0.957327" adm_scale0="0.961906" adm_scale1="0.925504" adm_scale2="0.948567" adm_scale3="0.973214" motion2="7.095902" vif_scale0="0.468876" vif_scale1="0.815281" vif_scale2="0.901013" vif_scale3="0.942320" vmaf="87.999317" />
    <frame frameNum="59" adm2="0.957238" adm_scale0="0.961440" adm_scale1="0.922202" adm_scale2="0.945603" adm_scale3="0.975442" motion2="7.340748" vif_scale0="0.468265" vif_scale1="0.815294" vif_scale2="0.900109" vif_scale3="0.941227" vmaf="88.128597" />
    <frame frameNum="60" adm2="0.957563" adm_scale0="0.961543" adm_scale1="0.923053" adm_scale2="0.948004" adm_scale3="0.974943" motion2="7.373094" vif_scale0="0.483383" vif_scale1="0.827112" vif_scale2="0.907553" vif_scale3="0.946179" vmaf="88.882093" />
    <frame frameNum="61" adm2="0.957766" adm_scale0="0.962590" adm_scale1="0.923631" adm_scale2="0.947871" adm_scale3="0.973623" motion2="7.932577" vif_scale0="0.480341" vif_scale1="0.822448" vif_scale2="0.903202" vif_scale3="0.941888" vmaf="89.038219" />
    <frame frameNum="62" adm2="0.958300" adm_scale0="0.961237" adm_scale1="0.924694" adm_scale2="0.949620" adm_scale3="0.974502" motion2="8.347490" vif_scale0="0.477631" vif_scale1="0.821372" vif_scale2="0.903973" vif_scale3="0.944108" vmaf="89.801268" />
    <frame frameNum="63" adm2="0.956602" adm_scale0="0.959994" adm_scale1="0.921236" adm_scale2="0.945200" adm_scale3="0.974313" motion2="8.881413" vif_scale0="0.479266" vif_scale1="0.822972" vif_scale2="0.905418" vif_scale3="0.944404" vmaf="90.089188" />
    <frame frameNum="64" adm2="0.962441" adm_scale0="0.965169" adm_scale1="0.928840" adm_scale2="0.952249" adm_scale3="0.979171" motion2="9.587723" vif_scale0="0.491646" vif_scale1="0.843491" vif_scale2="0.923140" vif_scale3="0.958084" vmaf="93.832589" />
    <frame frameNum="65" adm2="0.954547" adm_scale0="0.958746" adm_scale1="0.912739" adm_scale2="0.944826" adm_scale3="0.973417" motion2="10.133101" vif_scale0="0.468910" vif_scale1="0.815036" vif_scale2="0.901518" vif_scale3="0.941446" vmaf="90.593708" />
    <frame frameNum="66" adm2="0.956051" adm_scale0="0.960835" adm_scale1="0.918970" adm_scale2="0.945875" adm_scale3="0.973065" motion2="10.653828" vif_scale0="0.477298" vif_scale1="0.820010" vif_scale2="0.902959" vif_scale3="0.942841" vmaf="91.606450" />
    <frame frameNum="67" adm2="0.955054" adm_scale0="0.958073" adm_scale1="0.917363" adm_scale2="0.945686" adm_scale3="0.972879" motion2="11.115594" vif_scale0="0.488235" vif_scale1="0.820816" vif_scale2="0.900662" vif_scale3="0.940431" vmaf="91.596017" />
    <frame frameNum="68" adm2="0.957626" adm_scale0="0.960820" adm_scale1="0.921435" adm_scale2="0.946635" adm_scale3="0.974880" motion2="11.631356" vif_scale0="0.487440" vif_scale1="0.826578" vif_scale2="0.906871" vif_scale3="0.944919" vmaf="93.245234" />
    <frame frameNum="69" adm2="0.956389" adm_scale0="0.961147" adm_scale1="0.920774" adm_scale2="0.948719" adm_scale3="0.971659" motion2="11.631356" vif_scale0="0.502725" vif_scale1="0.830672" vif_scale2="0.904977" vif_scale3="0.941504" vmaf="92.656616" />
    <frame frameNum="70" adm2="0.956347" adm_scale0="0.959806" adm_scale1="0.919748" adm_scale2="0.945594" adm_scale3="0.972985" motion2="12.472349" vif_scale0="0.509598" vif_scale1="0.836737" vif_scale2="0.907907" vif_scale3="0.943177" vmaf="93.738617" />
    <frame frameNum="71" adm2="0.954642" adm_scale0="0.959546" adm_scale1="0.921971" adm_scale2="0.943195" adm_scale3="0.969357" motion2="12.472349" vif_scale0="0.517851" vif_scale1="0.839074" vif_scale2="0.906821" vif_scale3="0.941446" vmaf="93.210653" />
    <frame frameNum="72" adm2="0.960276" adm_scale0="0.963453" adm_scale1="0.927464" adm_scale2="0.952767" adm_scale3="0.974588" motion2="13.029011" vif_scale0="0.516233" vif_scale1="0.850571" vif_scale2="0.918459" vif_scale3="0.950993" vmaf="96.152389" />
    <frame frameNum="73" adm2="0.955744" adm_scale0="0.958853" adm_scale1="0.922868" adm_scale2="0.943919" adm_scale3="0.972281" motion2="12.860599" vif_scale0="0.505547" vif_scale1="0.835300" vif_scale2="0.906441" vif_scale3="0.942225" vmaf="93.858617" />
    <frame frameNum="74" adm2="0.955225" adm_scale0="0.960782" adm_scale1="0.920677" adm_scale2="0.945239" adm_scale3="0.970849" motion2="12.854736" vif_scale0="0.504464" vif_scale1="0.836979" vif_scale2="0.909047" vif_scale3="0.944386" vmaf="94.009426" />
    <frame frameNum="75" adm2="0.956660" adm_scale0="0.961054" adm_scale1="0.920210" adm_scale2="0.944891" adm_scale3="0.973544" motion2="12.854736" vif_scale0="0.510123" vif_scale1="0.839755" vif_scale2="0.909693" vif_scale3="0.943917" vmaf="94.310417" />
    <frame frameNum="76" adm2="0.959658" adm_scale0="0.964258" adm_scale1="0.923378" adm_scale2="0.948515" adm_scale3="0.975670" motion2="13.063421" vif_scale0="0.517197" vif_scale1="0.848950" vif_scale2="0.916581" vif_scale3="0.949278" vmaf="95.848587" />
    <frame frameNum="77" adm2="0.955525" adm_scale0="0.961492" adm_scale1="0.917863" adm_scale2="0.943380" adm_scale3="0.972274" motion2="12.974502" vif_scale0="0.510068" vif_scale1="0.839402" vif_scale2="0.908593" vif_scale3="0.943520" vmaf="94.112989" />
    <frame frameNum="78" adm2="0.957391" adm_scale0="0.960713" adm_scale1="0.919437" adm_scale2="0.947792" adm_scale3="0.973910" motion2="12.800354" vif_scale0="0.517414" vif_scale1="0.846565" vif_scale2="0.913512" vif_scale3="0.946044" vmaf="94.736595" />
    <frame frameNum="79" adm2="0.954976" adm_scale0="0.960295" adm_scale1="0.916722" adm_scale2="0.942743" adm_scale3="0.972447" motion2="12.800354" vif_scale0="0.515718" vif_scale1="0.842771" vif_scale2="0.909104" vif_scale3="0.941597" vmaf="93.705467" />
    <frame frameNum="80" adm2="0.964850" adm_scale0="0.966258" adm_scale1="0.929267" adm_scale2="0.954714" adm_scale3="0.980740" motion2="12.288285" vif_scale0="0.552260" vif_scale1="0.890122" vif_scale2="0.946494" vif_scale3="0.969824" vmaf="99.100288" />
    <frame frameNum="81" adm2="0.954485" adm_scale0="0.959024" adm_scale1="0.914434" adm_scale2="0.941728" adm_scale3="0.973470" motion2="12.156039" vif_scale0="0.516291" vif_scale1="0.850397" vif_scale2="0.917400" vif_scale3="0.950370" vmaf="93.964707" />
    <frame frameNum="82" adm2="0.950920" adm_scale0="0.957009" adm_scale1="0.914149" adm_scale2="0.935395" adm_scale3="0.970007" motion2="11.749644" vif_scale0="0.517898" vif_scale1="0.846576" vif_scale2="0.912995" vif_scale3="0.945792" vmaf="92.270841" />
    <frame frameNum="83" adm2="0.953907" adm_scale0="0.958259" adm_scale1="0.917394" adm_scale2="0.940173" adm_scale3="0.972850" motion2="11.213417" vif_scale0="0.514201" vif_scale1="0.846309" vif_scale2="0.913908" vif_scale3="0.946599" vmaf="92.454244" />
    <frame frameNum="84" adm2="0.956712" adm_scale0="0.962744" adm_scale1="0.925157" adm_scale2="0.944869" adm_scale3="0.972166" motion2="11.213417" vif_scale0="0.520635" vif_scale1="0.853649" vif_scale2="0.920958" vif_scale3="0.952432" vmaf="93.790596" />
    <frame frameNum="85" adm2="0.954727" adm_scale0="0.959077" adm_scale1="0.912731" adm_scale2="0.942322" adm_scale3="0.973713" motion2="10.529059" vif_scale0="0.508033" vif_scale1="0.842687" vif_scale2="0.911358" vif_scale3="0.944642" vmaf="91.666888" />
    <frame frameNum="86" adm2="0.954642" adm_scale0="0.961150" adm_scale1="0.914989" adm_scale2="0.941689" adm_scale3="0.972856" motion2="9.761002" vif_scale0="0.508877" vif_scale1="0.844850" vif_scale2="0.914744" vif_scale3="0.947353" vmaf="91.189733" />
    <frame frameNum="87" adm2="0.955119" adm_scale0="0.962075" adm_scale1="0.920866" adm_scale2="0.942569" adm_scale3="0.971436" motion2="9.214196" vif_scale0="0.505405" vif_scale1="0.838806" vif_scale2="0.910205" vif_scale3="0.944751" vmaf="90.331089" />
    <frame frameNum="88" adm2="0.958261" adm_scale0="0.963102" adm_scale1="0.924647" adm_scale2="0.946812" adm_scale3="0.975189" motion2="8.763312" vif_scale0="0.505181" vif_scale1="0.852087" vif_scale2="0.922658" vif_scale3="0.955071" vmaf="91.813253" />
    <frame frameNum="89" adm2="0.953274" adm_scale0="0.959285" adm_scale1="0.918190" adm_scale2="0.941982" adm_scale3="0.970271" motion2="8.763312" vif_scale0="0.499902" vif_scale1="0.838728" vif_scale2="0.911218" vif_scale3="0.946113" vmaf="89.602800" />
    <frame frameNum="90" adm2="0.954913" adm_scale0="0.960276" adm_scale1="0.917533" adm_scale2="0.945268" adm_scale3="0.972109" motion2="8.124693" vif_scale0="0.500448" vif_scale1="0.841616" vif_scale2="0.913905" vif_scale3="0.949177" vmaf="89.604099" />
    <frame frameNum="91" adm2="0.956792" adm_scale0="0.959703" adm_scale1="0.915933" adm_scale2="0.943486" adm_scale3="0.976262" motion2="8.066119" vif_scale0="0.490880" vif_scale1="0.835731" vif_scale2="0.910570" vif_scale3="0.946399" vmaf="89.598761" />
    <frame frameNum="92" adm2="0.957376" adm_scale0="0.961992" adm_scale1="0.920710" adm_scale2="0.945822" adm_scale3="0.976099" motion2="7.910059" vif_scale0="0.493376" vif_scale1="0.841848" vif_scale2="0.917286" vif_scale3="0.951369" vmaf="90.202868" />
    <frame frameNum="93" adm2="0.953725" adm_scale0="0.958103" adm_scale1="0.913829" adm_scale2="0.943005" adm_scale3="0.972535" motion2="7.162950" vif_scale0="0.477128" vif_scale1="0.832061" vif_scale2="0.910082" vif_scale3="0.945782" vmaf="87.908570" />
    <frame frameNum="94" adm2="0.959259" adm_scale0="0.960897" adm_scale1="0.924214" adm_scale2="0.948300" adm_scale3="0.977186" motion2="6.881777" vif_scale0="0.480339" vif_scale1="0.836174" vif_scale2="0.913096" vif_scale3="0.948855" vmaf="89.124659" />
    <frame frameNum="95" adm2="0.956401" adm_scale0="0.960039" adm_scale1="0.920141" adm_scale2="0.943963" adm_scale3="0.975139" motion2="6.881777" vif_scale0="0.469776" vif_scale1="0.830288" vif_scale2="0.909765" vif_scale3="0.946863" vmaf="88.245490" />
    <frame frameNum="96" adm2="0.964188" adm_scale0="0.966999" adm_scale1="0.930817" adm_scale2="0.955001" adm_scale3="0.980771" motion2="6.838077" vif_scale0="0.498497" vif_scale1="0.858616" vif_scale2="0.930426" vif_scale3="0.961290" vmaf="91.777909" />
    <frame frameNum="97" adm2="0.955929" adm_scale0="0.961383" adm_scale1="0.916778" adm_scale2="0.943386" adm_scale3="0.975767" motion2="6.494508" vif_scale0="0.483002" vif_scale1="0.835218" vif_scale2="0.912646" vif_scale3="0.948850" vmaf="87.969478" />
    <frame frameNum="98" adm2="0.957518" adm_scale0="0.960953" adm_scale1="0.922772" adm_scale2="0.946162" adm_scale3="0.975706" motion2="6.203431" vif_scale0="0.488424" vif_scale1="0.838424" vif_scale2="0.914513" vif_scale3="0.949559" vmaf="88.104321" />
    <frame frameNum="99" adm2="0.957657" adm_scale0="0.960968" adm_scale1="0.919670" adm_scale2="0.947258" adm_scale3="0.975908" motion2="6.203431" vif_scale0="0.486722" vif_scale1="0.834286" vif_scale2="0.909451" vif_scale3="0.945971" vmaf="87.658822" />
    <frame frameNum="100" adm2="0.959053" adm_scale0="0.962223" adm_scale1="0.922345" adm_scale2="0.948618" adm_scale3="0.977170" motion2="6.836185" vif_scale0="0.481990" vif_scale1="0.837958" vif_scale2="0.914906" vif_scale3="0.950378" vmaf="89.218735" />
    <frame frameNum="101" adm2="0.956182" adm_scale0="0.960579" adm_scale1="0.917205" adm_scale2="0.944762" adm_scale3="0.975404" motion2="7.031013" vif_scale0="0.482802" vif_scale1="0.832518" vif_scale2="0.909743" vif_scale3="0.945865" vmaf="88.272353" />
    <frame frameNum="102" adm2="0.956589" adm_scale0="0.963078" adm_scale1="0.918986" adm_scale2="0.947142" adm_scale3="0.974381" motion2="7.301840" vif_scale0="0.495102" vif_scale1="0.839895" vif_scale2="0.913229" vif_scale3="0.948211" vmaf="88.962828" />
    <frame frameNum="103" adm2="0.959109" adm_scale0="0.962323" adm_scale1="0.926857" adm_scale2="0.947219" adm_scale3="0.976338" motion2="7.677040" vif_scale0="0.497619" vif_scale1="0.840150" vif_scale2="0.913082" vif_scale3="0.948597" vmaf="89.932452" />
    <frame frameNum="104" adm2="0.962061" adm_scale0="0.967358" adm_scale1="0.930541" adm_scale2="0.951093" adm_scale3="0.978495" motion2="8.242241" vif_scale0="0.515414" vif_scale1="0.852376" vif_scale2="0.921412" vif_scale3="0.952992" vmaf="91.848322" />
    <frame frameNum="105" adm2="0.959335" adm_scale0="0.962941" adm_scale1="0.924552" adm_scale2="0.949570" adm_scale3="0.977045" motion2="8.252743" vif_scale0="0.504268" vif_scale1="0.842327" vif_scale2="0.913593" vif_scale3="0.946748" vmaf="90.482637" />
    <frame frameNum="106" adm2="0.958753" adm_scale0="0.965652" adm_scale1="0.928486" adm_scale2="0.948508" adm_scale3="0.974610" motion2="8.197223" vif_scale0="0.515243" vif_scale1="0.846034" vif_scale2="0.914825" vif_scale3="0.947602" vmaf="90.410815" />
    <frame frameNum="107" adm2="0.961617" adm_scale0="0.965110" adm_scale1="0.930469" adm_scale2="0.951842" adm_scale3="0.976955" motion2="8.151590" vif_scale0="0.521874" vif_scale1="0.847588" vif_scale2="0.913960" vif_scale3="0.946200" vmaf="90.827072" />
    <frame frameNum="108" adm2="0.960772" adm_scale0="0.965578" adm_scale1="0.927087" adm_scale2="0.951940" adm_scale3="0.977001" motion2="8.151590" vif_scale0="0.516398" vif_scale1="0.850026" vif_scale2="0.918814" vif_scale3="0.950997" vmaf="91.214324" />
    <frame frameNum="109" adm2="0.959141" adm_scale0="0.965287" adm_scale1="0.925291" adm_scale2="0.948651" adm_scale3="0.976426" motion2="8.173396" vif_scale0="0.518324" vif_scale1="0.846975" vif_scale2="0.915990" vif_scale3="0.950044" vmaf="90.702486" />
    <frame frameNum="110" adm2="0.959247" adm_scale0="0.965983" adm_scale1="0.927431" adm_scale2="0.949997" adm_scale3="0.974590" motion2="7.728574" vif_scale0="0.519613" vif_scale1="0.851340" vif_scale2="0.918957" vif_scale3="0.950731" vmaf="90.409855" />
    <frame frameNum="111" adm2="0.959736" adm_scale0="0.966583" adm_scale1="0.926479" adm_scale2="0.946512" adm_scale3="0.978022" motion2="7.173264" vif_scale0="0.518378" vif_scale1="0.851346" vif_scale2="0.919533" vif_scale3="0.951466" vmaf="89.980749" />
    <frame frameNum="112" adm2="0.965993" adm_scale0="0.970080" adm_scale1="0.934612" adm_scale2="0.958263" adm_scale3="0.982437" motion2="6.855636" vif_scale0="0.555189" vif_scale1="0.887542" vif_scale2="0.944601" vif_scale3="0.968471" vmaf="93.336561" />
    <frame frameNum="113" adm2="0.959230" adm_scale0="0.965058" adm_scale1="0.926081" adm_scale2="0.948369" adm_scale3="0.976907" motion2="6.519027" vif_scale0="0.517628" vif_scale1="0.852369" vif_scale2="0.920700" vif_scale3="0.953279" vmaf="89.330193" />
    <frame frameNum="114" adm2="0.957463" adm_scale0="0.963794" adm_scale1="0.923151" adm_scale2="0.948490" adm_scale3="0.974330" motion2="6.067085" vif_scale0="0.504635" vif_scale1="0.846028" vif_scale2="0.916107" vif_scale3="0.951041" vmaf="88.098005" />
    <frame frameNum="115" adm2="0.959231" adm_scale0="0.966786" adm_scale1="0.925406" adm_scale2="0.949050" adm_scale3="0.975779" motion2="5.705991" vif_scale0="0.523293" vif_scale1="0.852230" vif_scale2="0.918671" vif_scale3="0.951595" vmaf="88.192775" />
    <frame frameNum="116" adm2="0.960258" adm_scale0="0.965734" adm_scale1="0.926405" adm_scale2="0.951042" adm_scale3="0.977201" motion2="5.386418" vif_scale0="0.518572" vif_scale1="0.856854" vif_scale2="0.923844" vif_scale3="0.955826" vmaf="88.589457" />
    <frame frameNum="117" adm2="0.959773" adm_scale0="0.966274" adm_scale1="0.928301" adm_scale2="0.950067" adm_scale3="0.975753" motion2="5.075470" vif_scale0="0.517170" vif_scale1="0.853577" vif_scale2="0.920781" vif_scale3="0.953419" vmaf="87.819463" />
    <frame frameNum="118" adm2="0.960234" adm_scale0="0.965679" adm_scale1="0.926597" adm_scale2="0.946978" adm_scale3="0.978796" motion2="4.830062" vif_scale0="0.508422" vif_scale1="0.851644" vif_scale2="0.920687" vif_scale3="0.953619" vmaf="87.658273" />
    <frame frameNum="119" adm2="0.960372" adm_scale0="0.964248" adm_scale1="0.923029" adm_scale2="0.950871" adm_scale3="0.978712" motion2="4.830062" vif_scale0="0.501459" vif_scale1="0.846845" vif_scale2="0.918017" vif_scale3="0.952834" vmaf="87.529226" />
    <frame frameNum="120" adm2="0.960614" adm_scale0="0.966532" adm_scale1="0.926219" adm_scale2="0.951648" adm_scale3="0.977234" motion2="4.543947" vif_scale0="0.513955" vif_scale1="0.860553" vif_scale2="0.927147" vif_scale3="0.956836" vmaf="87.914270" />
    <frame frameNum="121" adm2="0.959714" adm_scale0="0.964730" adm_scale1="0.925358" adm_scale2="0.950928" adm_scale3="0.976856" motion2="4.543947" vif_scale0="0.495201" vif_scale1="0.847974" vif_scale2="0.920059" vif_scale3="0.952888" vmaf="87.156079" />
    <frame frameNum="122" adm2="0.959701" adm_scale0="0.964926" adm_scale1="0.926971" adm_scale2="0.949023" adm_scale3="0.977197" motion2="4.681951" vif_scale0="0.502883" vif_scale1="0.852594" vif_scale2="0.922088" vif_scale3="0.953381" vmaf="87.420180" />
    <frame frameNum="123" adm2="0.958144" adm_scale0="0.965116" adm_scale1="0.925167" adm_scale2="0.949326" adm_scale3="0.974211" motion2="4.436007" vif_scale0="0.496788" vif_scale1="0.846570" vif_scale2="0.918255" vif_scale3="0.950437" vmaf="86.433880" />
    <frame frameNum="124" adm2="0.959539" adm_scale0="0.963498" adm_scale1="0.925189" adm_scale2="0.949532" adm_scale3="0.977650" motion2="4.410894" vif_scale0="0.498161" vif_scale1="0.854930" vif_scale2="0.925523" vif_scale3="0.956103" vmaf="87.430874" />
    <frame frameNum="125" adm2="0.958974" adm_scale0="0.965556" adm_scale1="0.925393" adm_scale2="0.949353" adm_scale3="0.975493" motion2="4.410894" vif_scale0="0.504133" vif_scale1="0.849839" vif_scale2="0.920027" vif_scale3="0.952939" vmaf="86.834176" />
    <frame frameNum="126" adm2="0.959904" adm_scale0="0.966010" adm_scale1="0.927342" adm_scale2="0.949668" adm_scale3="0.976263" motion2="4.462180" vif_scale0="0.508645" vif_scale1="0.854399" vif_scale2="0.922864" vif_scale3="0.954081" vmaf="87.287127" />
    <frame frameNum="127" adm2="0.959108" adm_scale0="0.964885" adm_scale1="0.924169" adm_scale2="0.950574" adm_scale3="0.975644" motion2="4.368739" vif_scale0="0.501826" vif_scale1="0.852399" vif_scale2="0.922473" vif_scale3="0.953799" vmaf="86.982489" />
    <frame frameNum="128" adm2="0.961529" adm_scale0="0.964513" adm_scale1="0.924316" adm_scale2="0.954831" adm_scale3="0.979201" motion2="4.368739" vif_scale0="0.523420" vif_scale1="0.874083" vif_scale2="0.938904" vif_scale3="0.965899" vmaf="89.091298" />
    <frame frameNum="129" adm2="0.960733" adm_scale0="0.965406" adm_scale1="0.924006" adm_scale2="0.951582" adm_scale3="0.978464" motion2="4.662647" vif_scale0="0.516705" vif_scale1="0.855291" vif_scale2="0.922785" vif_scale3="0.954275" vmaf="87.696587" />
    <frame frameNum="130" adm2="0.959822" adm_scale0="0.964515" adm_scale1="0.924405" adm_scale2="0.951193" adm_scale3="0.977509" motion2="4.662647" vif_scale0="0.503166" vif_scale1="0.850599" vif_scale2="0.921540" vif_scale3="0.953976" vmaf="87.447846" />
    <frame frameNum="131" adm2="0.958659" adm_scale0="0.964045" adm_scale1="0.923781" adm_scale2="0.949098" adm_scale3="0.975500" motion2="4.836417" vif_scale0="0.498441" vif_scale1="0.846746" vif_scale2="0.918549" vif_scale3="0.951764" vmaf="87.115420" />
    <frame frameNum="132" adm2="0.961269" adm_scale0="0.966613" adm_scale1="0.927504" adm_scale2="0.952926" adm_scale3="0.977677" motion2="5.031696" vif_scale0="0.513856" vif_scale1="0.856485" vif_scale2="0.925523" vif_scale3="0.956831" vmaf="88.550081" />
    <frame frameNum="133" adm2="0.958255" adm_scale0="0.962936" adm_scale1="0.925708" adm_scale2="0.949716" adm_scale3="0.974760" motion2="5.123641" vif_scale0="0.490749" vif_scale1="0.841162" vif_scale2="0.915599" vif_scale3="0.950722" vmaf="87.171650" />
    <frame frameNum="134" adm2="0.958888" adm_scale0="0.962741" adm_scale1="0.923013" adm_scale2="0.948488" adm_scale3="0.977429" motion2="5.137451" vif_scale0="0.498190" vif_scale1="0.848256" vif_scale2="0.920731" vif_scale3="0.953587" vmaf="87.737889" />
    <frame frameNum="135" adm2="0.959026" adm_scale0="0.965212" adm_scale1="0.926886" adm_scale2="0.951118" adm_scale3="0.974181" motion2="5.556020" vif_scale0="0.507137" vif_scale1="0.845325" vif_scale2="0.916502" vif_scale3="0.949913" vmaf="87.778902" />
    <frame frameNum="136" adm2="0.963556" adm_scale0="0.966710" adm_scale1="0.931197" adm_scale2="0.955305" adm_scale3="0.979197" motion2="5.698411" vif_scale0="0.523133" vif_scale1="0.859919" vif_scale2="0.926155" vif_scale3="0.956354" vmaf="89.781300" />
    <frame frameNum="137" adm2="0.959534" adm_scale0="0.965960" adm_scale1="0.928863" adm_scale2="0.949711" adm_scale3="0.974806" motion2="5.907775" vif_scale0="0.518064" vif_scale1="0.848857" vif_scale2="0.917085" vif_scale3="0.950191" vmaf="88.319346" />
    <frame frameNum="138" adm2="0.960328" adm_scale0="0.964773" adm_scale1="0.925126" adm_scale2="0.952010" adm_scale3="0.976410" motion2="6.206720" vif_scale0="0.495239" vif_scale1="0.843995" vif_scale2="0.917625" vif_scale3="0.951815" vmaf="88.995450" />
    <frame frameNum="139" adm2="0.959522" adm_scale0="0.964692" adm_scale1="0.926603" adm_scale2="0.950584" adm_scale3="0.975352" motion2="6.419833" vif_scale0="0.504364" vif_scale1="0.845320" vif_scale2="0.916608" vif_scale3="0.951110" vmaf="88.958648" />
    <frame frameNum="140" adm2="0.962240" adm_scale0="0.966571" adm_scale1="0.926434" adm_scale2="0.951106" adm_scale3="0.979499" motion2="6.691042" vif_scale0="0.514565" vif_scale1="0.854488" vif_scale2="0.923765" vif_scale3="0.954948" vmaf="90.421391" />
    <frame frameNum="141" adm2="0.961431" adm_scale0="0.967496" adm_scale1="0.927719" adm_scale2="0.952368" adm_scale3="0.977033" motion2="7.202104" vif_scale0="0.523399" vif_scale1="0.851574" vif_scale2="0.918805" vif_scale3="0.950463" vmaf="90.265078" />
    <frame frameNum="142" adm2="0.960491" adm_scale0="0.965469" adm_scale1="0.927632" adm_scale2="0.950053" adm_scale3="0.976813" motion2="7.314528" vif_scale0="0.518734" vif_scale1="0.853514" vif_scale2="0.921551" vif_scale3="0.953588" vmaf="90.544775" />
    <frame frameNum="143" adm2="0.961521" adm_scale0="0.966352" adm_scale1="0.926920" adm_scale2="0.949717" adm_scale3="0.978287" motion2="7.495216" vif_scale0="0.535727" vif_scale1="0.858111" vif_scale2="0.922250" vif_scale3="0.952313" vmaf="90.890639" />
    <frame frameNum="144" adm2="0.965064" adm_scale0="0.969480" adm_scale1="0.931175" adm_scale2="0.957008" adm_scale3="0.980426" motion2="7.396393" vif_scale0="0.572338" vif_scale1="0.889961" vif_scale2="0.944496" vif_scale3="0.967901" vmaf="93.700937" />
    <frame frameNum="145" adm2="0.960644" adm_scale0="0.966597" adm_scale1="0.925792" adm_scale2="0.951141" adm_scale3="0.976213" motion2="7.396393" vif_scale0="0.539044" vif_scale1="0.858877" vif_scale2="0.922095" vif_scale3="0.952401" vmaf="90.593054" />
    <frame frameNum="146" adm2="0.963846" adm_scale0="0.967455" adm_scale1="0.934413" adm_scale2="0.954231" adm_scale3="0.978210" motion2="7.952742" vif_scale0="0.545922" vif_scale1="0.866345" vif_scale2="0.927403" vif_scale3="0.956365" vmaf="92.422978" />
    <frame frameNum="147" adm2="0.962582" adm_scale0="0.968446" adm_scale1="0.928861" adm_scale2="0.951531" adm_scale3="0.977728" motion2="8.263140" vif_scale0="0.551394" vif_scale1="0.859946" vif_scale2="0.921154" vif_scale3="0.950911" vmaf="91.813652" />
    <frame frameNum="148" adm2="0.961271" adm_scale0="0.964593" adm_scale1="0.926810" adm_scale2="0.953123" adm_scale3="0.976381" motion2="8.254028" vif_scale0="0.546890" vif_scale1="0.858365" vif_scale2="0.920824" vif_scale3="0.951089" vmaf="91.522643" />
    <frame frameNum="149" adm2="0.963906" adm_scale0="0.969370" adm_scale1="0.931172" adm_scale2="0.955385" adm_scale3="0.978695" motion2="8.254028" vif_scale0="0.552599" vif_scale1="0.872257" vif_scale2="0.932488" vif_scale3="0.960142" vmaf="93.277421" />
  </frames>
</VMAF>
