<VMAF version="47950a6">
  <params qualityWidth="1280" qualityHeight="720" />
  <fyi fps="14.24" />
  <frames>
    <frame frameNum="0" adm2="0.961718" adm_scale0="0.961505" adm_scale1="0.924595" adm_scale2="0.951741" adm_scale3="0.981724" motion2="0.000000" vif_scale0="0.556217" vif_scale1="0.896774" vif_scale2="0.951831" vif_scale3="0.973377" vmaf="84.955310" />
    <frame frameNum="1" adm2="0.952826" adm_scale0="0.954256" adm_scale1="0.918817" adm_scale2="0.945069" adm_scale3="0.971099" motion2="5.639671" vif_scale0="0.483931" vif_scale1="0.836792" vif_scale2="0.909425" vif_scale3="0.945230" vmaf="85.945062" />
    <frame frameNum="2" adm2="0.952837" adm_scale0="0.955395" adm_scale1="0.914467" adm_scale2="0.944174" adm_scale3="0.973096" motion2="5.106677" vif_scale0="0.487407" vif_scale1="0.838868" vif_scale2="0.912007" vif_scale3="0.947810" vmaf="85.640444" />
    <frame frameNum="3" adm2="0.951191" adm_scale0="0.954005" adm_scale1="0.916798" adm_scale2="0.942851" adm_scale3="0.969464" motion2="4.350933" vif_scale0="0.470409" vif_scale1="0.829158" vif_scale2="0.905328" vif_scale3="0.942330" vmaf="83.783736" />
    <frame frameNum="4" adm2="0.953029" adm_scale0="0.954713" adm_scale1="0.915234" adm_scale2="0.941978" adm_scale3="0.974027" motion2="3.279224" vif_scale0="0.458714" vif_scale1="0.831483" vif_scale2="0.909330" vif_scale3="0.946324" vmaf="83.428913" />
    <frame frameNum="5" adm2="0.952191" adm_scale0="0.953836" adm_scale1="0.916914" adm_scale2="0.942032" adm_scale3="0.971856" motion2="3.279224" vif_scale0="0.453595" vif_scale1="0.822931" vif_scale2="0.902622" vif_scale3="0.942046" vmaf="82.683045" />
    <frame frameNum="6" adm2="0.954435" adm_scale0="0.955262" adm_scale1="0.920723" adm_scale2="0.944161" adm_scale3="0.973672" motion2="4.885628" vif_scale0="0.469134" vif_scale1="0.829465" vif_scale2="0.906114" vif_scale3="0.942940" vmaf="85.156158" />
    <frame frameNum="7" adm2="0.950895" adm_scale0="0.955508" adm_scale1="0.915754" adm_scale2="0.942629" adm_scale3="0.969181" motion2="4.776041" vif_scale0="0.484048" vif_scale1="0.827072" vif_scale2="0.902218" vif_scale3="0.940229" vmaf="83.900848" />
    <frame frameNum="8" adm2="0.954758" adm_scale0="0.957220" adm_scale1="0.917754" adm_scale2="0.947233" adm_scale3="0.973962" motion2="4.056862" vif_scale0="0.471297" vif_scale1="0.844794" vif_scale2="0.919613" vif_scale3="0.954111" vmaf="85.663126" />
    <frame frameNum="9" adm2="0.949468" adm_scale0="0.954444" adm_scale1="0.912787" adm_scale2="0.940306" adm_scale3="0.968680" motion2="4.056862" vif_scale0="0.460932" vif_scale1="0.826632" vif_scale2="0.904254" vif_scale3="0.942696" vmaf="83.092841" />
    <frame frameNum="10" adm2="0.951728" adm_scale0="0.956495" adm_scale1="0.917550" adm_scale2="0.942828" adm_scale3="0.969935" motion2="6.112095" vif_scale0="0.472275" vif_scale1="0.826532" vif_scale2="0.902582" vif_scale3="0.939659" vmaf="85.568433" />
    <frame frameNum="11" adm2="0.951376" adm_scale0="0.956125" adm_scale1="0.915130" adm_scale2="0.941580" adm_scale3="0.970334" motion2="4.545020" vif_scale0="0.458087" vif_scale1="0.823065" vif_scale2="0.901722" vif_scale3="0.940347" vmaf="83.781067" />
    <frame frameNum="12" adm2="0.953692" adm_scale0="0.957598" adm_scale1="0.917846" adm_scale2="0.944327" adm_scale3="0.972323" motion2="3.989195" vif_scale0="0.460817" vif_scale1="0.834271" vif_scale2="0.911397" vif_scale3="0.947492" vmaf="84.548555" />
    <frame frameNum="13" adm2="0.951695" adm_scale0="0.956598" adm_scale1="0.915307" adm_scale2="0.942092" adm_scale3="0.970518" motion2="3.152309" vif_scale0="0.465355" vif_scale1="0.828993" vif_scale2="0.905186" vif_scale3="0.943066" vmaf="82.574756" />
    <frame frameNum="14" adm2="0.955793" adm_scale0="0.957348" adm_scale1="0.920174" adm_scale2="0.947725" adm_scale3="0.974007" motion2="3.152309" vif_scale0="0.467248" vif_scale1="0.837026" vif_scale2="0.912683" vif_scale3="0.948120" vmaf="84.111353" />
    <frame frameNum="15" adm2="0.953007" adm_scale0="0.955501" adm_scale1="0.916234" adm_scale2="0.945843" adm_scale3="0.971139" motion2="3.406580" vif_scale0="0.466224" vif_scale1="0.836743" vif_scale2="0.912279" vif_scale3="0.948527" vmaf="83.835158" />
    <frame frameNum="16" adm2="0.959223" adm_scale0="0.960125" adm_scale1="0.923883" adm_scale2="0.948525" adm_scale3="0.979108" motion2="4.074044" vif_scale0="0.497669" vif_scale1="0.871522" vif_scale2="0.938546" vif_scale3="0.966272" vmaf="88.305253" />
    <frame frameNum="17" adm2="0.954840" adm_scale0="0.959296" adm_scale1="0.919899" adm_scale2="0.946793" adm_scale3="0.971946" motion2="3.065302" vif_scale0="0.479535" vif_scale1="0.843291" vif_scale2="0.915073" vif_scale3="0.949424" vmaf="83.972371" />
    <frame frameNum="18" adm2="0.957511" adm_scale0="0.960582" adm_scale1="0.922823" adm_scale2="0.946125" adm_scale3="0.976836" motion2="3.065302" vif_scale0="0.489655" vif_scale1="0.855962" vif_scale2="0.925055" vif_scale3="0.956831" vmaf="85.486827" />
    <frame frameNum="19" adm2="0.954882" adm_scale0="0.958195" adm_scale1="0.920196" adm_scale2="0.946753" adm_scale3="0.972913" motion2="3.216635" vif_scale0="0.479870" vif_scale1="0.844799" vif_scale2="0.916798" vif_scale3="0.950339" vmaf="84.295807" />
    <frame frameNum="20" adm2="0.958803" adm_scale0="0.959454" adm_scale1="0.922528" adm_scale2="0.950973" adm_scale3="0.977832" motion2="2.992759" vif_scale0="0.490766" vif_scale1="0.864946" vif_scale2="0.932360" vif_scale3="0.962005" vmaf="86.374510" />
    <frame frameNum="21" adm2="0.954801" adm_scale0="0.959846" adm_scale1="0.918529" adm_scale2="0.946978" adm_scale3="0.972384" motion2="2.992759" vif_scale0="0.478012" vif_scale1="0.846091" vif_scale2="0.917149" vif_scale3="0.950407" vmaf="84.040044" />
    <frame frameNum="22" adm2="0.956660" adm_scale0="0.957087" adm_scale1="0.920364" adm_scale2="0.947240" adm_scale3="0.976436" motion2="3.364288" vif_scale0="0.476517" vif_scale1="0.851501" vif_scale2="0.923282" vif_scale3="0.955582" vmaf="85.514404" />
    <frame frameNum="23" adm2="0.956074" adm_scale0="0.957348" adm_scale1="0.923881" adm_scale2="0.946486" adm_scale3="0.974626" motion2="2.941125" vif_scale0="0.472848" vif_scale1="0.847406" vif_scale2="0.920326" vif_scale3="0.953525" vmaf="84.628779" />
    <frame frameNum="24" adm2="0.960416" adm_scale0="0.960840" adm_scale1="0.925297" adm_scale2="0.952351" adm_scale3="0.978776" motion2="2.941125" vif_scale0="0.495228" vif_scale1="0.870641" vif_scale2="0.937064" vif_scale3="0.965115" vmaf="87.085923" />
    <frame frameNum="25" adm2="0.956149" adm_scale0="0.958308" adm_scale1="0.921188" adm_scale2="0.948898" adm_scale3="0.973751" motion2="2.852221" vif_scale0="0.477121" vif_scale1="0.848037" vif_scale2="0.920182" vif_scale3="0.954101" vmaf="84.569752" />
    <frame frameNum="26" adm2="0.957376" adm_scale0="0.959573" adm_scale1="0.922266" adm_scale2="0.948340" adm_scale3="0.976102" motion2="2.776766" vif_scale0="0.483230" vif_scale1="0.853886" vif_scale2="0.923700" vif_scale3="0.955738" vmaf="84.994029" />
    <frame frameNum="27" adm2="0.955122" adm_scale0="0.957793" adm_scale1="0.918064" adm_scale2="0.947327" adm_scale3="0.974035" motion2="2.509950" vif_scale0="0.475550" vif_scale1="0.847219" vif_scale2="0.919252" vif_scale3="0.952613" vmaf="83.803289" />
    <frame frameNum="28" adm2="0.956857" adm_scale0="0.958972" adm_scale1="0.919945" adm_scale2="0.947839" adm_scale3="0.976461" motion2="2.509950" vif_scale0="0.486502" vif_scale1="0.860668" vif_scale2="0.929501" vif_scale3="0.959794" vmaf="85.113095" />
    <frame frameNum="29" adm2="0.954793" adm_scale0="0.959943" adm_scale1="0.921071" adm_scale2="0.946084" adm_scale3="0.972389" motion2="2.816446" vif_scale0="0.480015" vif_scale1="0.846714" vif_scale2="0.917778" vif_scale3="0.951192" vmaf="83.913565" />
    <frame frameNum="30" adm2="0.956753" adm_scale0="0.960397" adm_scale1="0.921180" adm_scale2="0.947228" adm_scale3="0.975535" motion2="2.816446" vif_scale0="0.486622" vif_scale1="0.855192" vif_scale2="0.924844" vif_scale3="0.956131" vmaf="84.978168" />
    <frame frameNum="31" adm2="0.955737" adm_scale0="0.957262" adm_scale1="0.920738" adm_scale2="0.948545" adm_scale3="0.974104" motion2="2.870256" vif_scale0="0.476833" vif_scale1="0.850936" vif_scale2="0.922158" vif_scale3="0.954977" vmaf="84.650402" />
    <frame frameNum="32" adm2="0.961938" adm_scale0="0.962763" adm_scale1="0.928374" adm_scale2="0.954334" adm_scale3="0.979647" motion2="2.870256" vif_scale0="0.515545" vif_scale1="0.884983" vif_scale2="0.946207" vif_scale3="0.971194" vmaf="88.154797" />
    <frame frameNum="33" adm2="0.956785" adm_scale0="0.959774" adm_scale1="0.923048" adm_scale2="0.947851" adm_scale3="0.974649" motion2="4.198459" vif_scale0="0.479175" vif_scale1="0.847765" vif_scale2="0.919235" vif_scale3="0.952760" vmaf="86.119003" />
    <frame frameNum="34" adm2="0.955240" adm_scale0="0.959206" adm_scale1="0.921202" adm_scale2="0.946366" adm_scale3="0.972752" motion2="4.198459" vif_scale0="0.476465" vif_scale1="0.843698" vif_scale2="0.915482" vif_scale3="0.949901" vmaf="85.426472" />
    <frame frameNum="35" adm2="0.955032" adm_scale0="0.959765" adm_scale1="0.919750" adm_scale2="0.944685" adm_scale3="0.973515" motion2="5.916987" vif_scale0="0.479446" vif_scale1="0.839336" vif_scale2="0.913157" vif_scale3="0.948257" vmaf="87.110005" />
    <frame frameNum="36" adm2="0.957162" adm_scale0="0.963794" adm_scale1="0.921802" adm_scale2="0.947636" adm_scale3="0.973935" motion2="6.934131" vif_scale0="0.504896" vif_scale1="0.846662" vif_scale2="0.916637" vif_scale3="0.949990" vmaf="88.943653" />
    <frame frameNum="37" adm2="0.955802" adm_scale0="0.962293" adm_scale1="0.920679" adm_scale2="0.944384" adm_scale3="0.973650" motion2="7.691448" vif_scale0="0.496670" vif_scale1="0.836388" vif_scale2="0.909229" vif_scale3="0.945395" vmaf="88.846916" />
    <frame frameNum="38" adm2="0.957149" adm_scale0="0.964543" adm_scale1="0.921488" adm_scale2="0.946613" adm_scale3="0.974091" motion2="8.290002" vif_scale0="0.510359" vif_scale1="0.841434" vif_scale2="0.909457" vif_scale3="0.944655" vmaf="89.729351" />
    <frame frameNum="39" adm2="0.954343" adm_scale0="0.963684" adm_scale1="0.922264" adm_scale2="0.942248" adm_scale3="0.969849" motion2="9.201682" vif_scale0="0.513908" vif_scale1="0.841642" vif_scale2="0.907820" vif_scale3="0.941789" vmaf="89.828756" />
    <frame frameNum="40" adm2="0.958337" adm_scale0="0.964951" adm_scale1="0.932071" adm_scale2="0.944119" adm_scale3="0.973859" motion2="9.585089" vif_scale0="0.520809" vif_scale1="0.853702" vif_scale2="0.919265" vif_scale3="0.952802" vmaf="92.396350" />
    <frame frameNum="41" adm2="0.955089" adm_scale0="0.963819" adm_scale1="0.922560" adm_scale2="0.940499" adm_scale3="0.972114" motion2="9.823271" vif_scale0="0.512178" vif_scale1="0.840795" vif_scale2="0.908804" vif_scale3="0.944807" vmaf="90.918327" />
    <frame frameNum="42" adm2="0.955963" adm_scale0="0.965063" adm_scale1="0.924609" adm_scale2="0.943490" adm_scale3="0.971459" motion2="9.695138" vif_scale0="0.511276" vif_scale1="0.844439" vif_scale2="0.911668" vif_scale3="0.945606" vmaf="91.143312" />
    <frame frameNum="43" adm2="0.953563" adm_scale0="0.961534" adm_scale1="0.923867" adm_scale2="0.940950" adm_scale3="0.968941" motion2="9.695138" vif_scale0="0.508245" vif_scale1="0.842067" vif_scale2="0.908389" vif_scale3="0.944039" vmaf="90.380909" />
    <frame frameNum="44" adm2="0.954573" adm_scale0="0.962812" adm_scale1="0.919704" adm_scale2="0.940943" adm_scale3="0.972132" motion2="9.964064" vif_scale0="0.512015" vif_scale1="0.844410" vif_scale2="0.911615" vif_scale3="0.946412" vmaf="91.191249" />
    <frame frameNum="45" adm2="0.950930" adm_scale0="0.961123" adm_scale1="0.916519" adm_scale2="0.938022" adm_scale3="0.967350" motion2="9.690370" vif_scale0="0.509675" vif_scale1="0.836683" vif_scale2="0.904290" vif_scale3="0.940419" vmaf="89.379991" />
    <frame frameNum="46" adm2="0.951271" adm_scale0="0.960629" adm_scale1="0.915886" adm_scale2="0.938189" adm_scale3="0.968148" motion2="9.690370" vif_scale0="0.521514" vif_scale1="0.847919" vif_scale2="0.911534" vif_scale3="0.945267" vmaf="90.110692" />
    <frame frameNum="47" adm2="0.951512" adm_scale0="0.962486" adm_scale1="0.917619" adm_scale2="0.933982" adm_scale3="0.969334" motion2="9.335769" vif_scale0="0.524102" vif_scale1="0.850836" vif_scale2="0.913471" vif_scale3="0.945958" vmaf="89.915173" />
    <frame frameNum="48" adm2="0.961704" adm_scale0="0.965557" adm_scale1="0.928889" adm_scale2="0.949963" adm_scale3="0.977774" motion2="9.335769" vif_scale0="0.545659" vif_scale1="0.876134" vif_scale2="0.934943" vif_scale3="0.962510" vmaf="94.270031" />
    <frame frameNum="49" adm2="0.954579" adm_scale0="0.962800" adm_scale1="0.919842" adm_scale2="0.942212" adm_scale3="0.970619" motion2="9.337810" vif_scale0="0.528971" vif_scale1="0.854473" vif_scale2="0.915497" vif_scale3="0.946942" vmaf="90.728587" />
    <frame frameNum="50" adm2="0.957288" adm_scale0="0.966020" adm_scale1="0.925344" adm_scale2="0.945740" adm_scale3="0.971469" motion2="9.054583" vif_scale0="0.524441" vif_scale1="0.852591" vif_scale2="0.915881" vif_scale3="0.948061" vmaf="91.103244" />
    <frame frameNum="51" adm2="0.956641" adm_scale0="0.963646" adm_scale1="0.920638" adm_scale2="0.945529" adm_scale3="0.972434" motion2="9.041745" vif_scale0="0.521001" vif_scale1="0.850671" vif_scale2="0.913957" vif_scale3="0.946407" vmaf="90.745673" />
    <frame frameNum="52" adm2="0.959171" adm_scale0="0.965051" adm_scale1="0.925224" adm_scale2="0.948159" adm_scale3="0.975358" motion2="8.486893" vif_scale0="0.526932" vif_scale1="0.856658" vif_scale2="0.920357" vif_scale3="0.952295" vmaf="91.400273" />
    <frame frameNum="53" adm2="0.956253" adm_scale0="0.962691" adm_scale1="0.923984" adm_scale2="0.944688" adm_scale3="0.972629" motion2="7.573438" vif_scale0="0.507680" vif_scale1="0.845142" vif_scale2="0.912795" vif_scale3="0.947154" vmaf="89.081479" />
    <frame frameNum="54" adm2="0.958950" adm_scale0="0.963630" adm_scale1="0.925767" adm_scale2="0.950223" adm_scale3="0.974722" motion2="7.007406" vif_scale0="0.510330" vif_scale1="0.850620" vif_scale2="0.917515" vif_scale3="0.950830" vmaf="89.501438" />
    <frame frameNum="55" adm2="0.957031" adm_scale0="0.961379" adm_scale1="0.924757" adm_scale2="0.948881" adm_scale3="0.972936" motion2="6.151161" vif_scale0="0.495123" vif_scale1="0.841432" vif_scale2="0.912567" vif_scale3="0.948842" vmaf="87.799507" />
    <frame frameNum="56" adm2="0.961269" adm_scale0="0.961672" adm_scale1="0.926951" adm_scale2="0.952108" adm_scale3="0.978970" motion2="6.116088" vif_scale0="0.503561" vif_scale1="0.858778" vif_scale2="0.927344" vif_scale3="0.959250" vmaf="90.057262" />
    <frame frameNum="57" adm2="0.956224" adm_scale0="0.960143" adm_scale1="0.922680" adm_scale2="0.947945" adm_scale3="0.972564" motion2="6.116088" vif_scale0="0.496702" vif_scale1="0.842709" vif_scale2="0.913469" vif_scale3="0.949495" vmaf="87.672964" />
    <frame frameNum="58" adm2="0.958778" adm_scale0="0.962569" adm_scale1="0.928641" adm_scale2="0.949814" adm_scale3="0.974411" motion2="7.095902" vif_scale0="0.507598" vif_scale1="0.849331" vif_scale2="0.917842" vif_scale3="0.951987" vmaf="89.667798" />
    <frame frameNum="59" adm2="0.958222" adm_scale0="0.961538" adm_scale1="0.926598" adm_scale2="0.947319" adm_scale3="0.975035" motion2="7.340748" vif_scale0="0.504569" vif_scale1="0.844564" vif_scale2="0.913025" vif_scale3="0.947291" vmaf="89.265645" />
    <frame frameNum="60" adm2="0.959270" adm_scale0="0.962479" adm_scale1="0.924034" adm_scale2="0.951478" adm_scale3="0.975961" motion2="7.373094" vif_scale0="0.517258" vif_scale1="0.857732" vif_scale2="0.923725" vif_scale3="0.955579" vmaf="90.592729" />
    <frame frameNum="61" adm2="0.959444" adm_scale0="0.961569" adm_scale1="0.924914" adm_scale2="0.949955" adm_scale3="0.975902" motion2="7.932577" vif_scale0="0.509828" vif_scale1="0.849204" vif_scale2="0.916249" vif_scale3="0.949537" vmaf="90.475748" />
    <frame frameNum="62" adm2="0.959774" adm_scale0="0.962747" adm_scale1="0.927317" adm_scale2="0.952059" adm_scale3="0.974958" motion2="8.347490" vif_scale0="0.514392" vif_scale1="0.853637" vif_scale2="0.920311" vif_scale3="0.952532" vmaf="91.393858" />
    <frame frameNum="63" adm2="0.957883" adm_scale0="0.960813" adm_scale1="0.923380" adm_scale2="0.947495" adm_scale3="0.974812" motion2="8.881413" vif_scale0="0.513490" vif_scale1="0.854309" vif_scale2="0.921135" vif_scale3="0.952783" vmaf="91.620561" />
    <frame frameNum="64" adm2="0.965968" adm_scale0="0.967820" adm_scale1="0.935765" adm_scale2="0.957256" adm_scale3="0.980893" motion2="9.587723" vif_scale0="0.540475" vif_scale1="0.885057" vif_scale2="0.944038" vif_scale3="0.968377" vmaf="96.300221" />
    <frame frameNum="65" adm2="0.958672" adm_scale0="0.961571" adm_scale1="0.921822" adm_scale2="0.949146" adm_scale3="0.976119" motion2="10.133101" vif_scale0="0.515455" vif_scale1="0.853906" vif_scale2="0.920444" vif_scale3="0.952877" vmaf="93.097375" />
    <frame frameNum="66" adm2="0.956597" adm_scale0="0.960956" adm_scale1="0.920293" adm_scale2="0.946268" adm_scale3="0.973565" motion2="10.653828" vif_scale0="0.513958" vif_scale1="0.848460" vif_scale2="0.915906" vif_scale3="0.949529" vmaf="92.755023" />
    <frame frameNum="67" adm2="0.957713" adm_scale0="0.961208" adm_scale1="0.921172" adm_scale2="0.950188" adm_scale3="0.973835" motion2="11.115594" vif_scale0="0.522613" vif_scale1="0.850449" vif_scale2="0.915831" vif_scale3="0.948593" vmaf="93.401186" />
    <frame frameNum="68" adm2="0.959869" adm_scale0="0.960825" adm_scale1="0.923891" adm_scale2="0.950542" adm_scale3="0.976659" motion2="11.631356" vif_scale0="0.522818" vif_scale1="0.856641" vif_scale2="0.921864" vif_scale3="0.953724" vmaf="95.029231" />
    <frame frameNum="69" adm2="0.956034" adm_scale0="0.961337" adm_scale1="0.922572" adm_scale2="0.947307" adm_scale3="0.971106" motion2="11.631356" vif_scale0="0.526918" vif_scale1="0.851447" vif_scale2="0.914995" vif_scale3="0.947345" vmaf="93.446177" />
    <frame frameNum="70" adm2="0.958374" adm_scale0="0.959882" adm_scale1="0.922987" adm_scale2="0.947894" adm_scale3="0.975020" motion2="12.472349" vif_scale0="0.530014" vif_scale1="0.855390" vif_scale2="0.917711" vif_scale3="0.948882" vmaf="95.025257" />
    <frame frameNum="71" adm2="0.955580" adm_scale0="0.959604" adm_scale1="0.921123" adm_scale2="0.944344" adm_scale3="0.970957" motion2="12.472349" vif_scale0="0.534320" vif_scale1="0.856019" vif_scale2="0.917054" vif_scale3="0.949090" vmaf="94.425912" />
    <frame frameNum="72" adm2="0.959682" adm_scale0="0.963758" adm_scale1="0.926078" adm_scale2="0.950506" adm_scale3="0.975024" motion2="13.029011" vif_scale0="0.530569" vif_scale1="0.864751" vif_scale2="0.926254" vif_scale3="0.955809" vmaf="96.742054" />
    <frame frameNum="73" adm2="0.955740" adm_scale0="0.956908" adm_scale1="0.920866" adm_scale2="0.944575" adm_scale3="0.973070" motion2="12.860599" vif_scale0="0.525372" vif_scale1="0.853381" vif_scale2="0.915823" vif_scale3="0.947623" vmaf="94.670798" />
    <frame frameNum="74" adm2="0.956008" adm_scale0="0.961635" adm_scale1="0.922967" adm_scale2="0.945133" adm_scale3="0.971669" motion2="12.854736" vif_scale0="0.524655" vif_scale1="0.853348" vif_scale2="0.916914" vif_scale3="0.949064" vmaf="94.875557" />
    <frame frameNum="75" adm2="0.958120" adm_scale0="0.959209" adm_scale1="0.921971" adm_scale2="0.948366" adm_scale3="0.974634" motion2="12.854736" vif_scale0="0.527444" vif_scale1="0.854002" vif_scale2="0.916441" vif_scale3="0.948011" vmaf="95.229115" />
    <frame frameNum="76" adm2="0.959521" adm_scale0="0.963304" adm_scale1="0.923538" adm_scale2="0.948466" adm_scale3="0.975613" motion2="13.063421" vif_scale0="0.531438" vif_scale1="0.860298" vif_scale2="0.922290" vif_scale3="0.952428" vmaf="96.318480" />
    <frame frameNum="77" adm2="0.955031" adm_scale0="0.961572" adm_scale1="0.916202" adm_scale2="0.943083" adm_scale3="0.971868" motion2="12.974502" vif_scale0="0.524704" vif_scale1="0.851631" vif_scale2="0.914625" vif_scale3="0.946400" vmaf="94.489570" />
    <frame frameNum="78" adm2="0.957429" adm_scale0="0.960689" adm_scale1="0.920396" adm_scale2="0.947917" adm_scale3="0.973629" motion2="12.800354" vif_scale0="0.529101" vif_scale1="0.857275" vif_scale2="0.919538" vif_scale3="0.949709" vmaf="95.287334" />
    <frame frameNum="79" adm2="0.954746" adm_scale0="0.958168" adm_scale1="0.915752" adm_scale2="0.942558" adm_scale3="0.972949" motion2="12.800354" vif_scale0="0.524727" vif_scale1="0.849220" vif_scale2="0.912043" vif_scale3="0.942875" vmaf="93.883369" />
    <frame frameNum="80" adm2="0.963729" adm_scale0="0.963853" adm_scale1="0.927168" adm_scale2="0.954306" adm_scale3="0.979865" motion2="12.288285" vif_scale0="0.547585" vif_scale1="0.884354" vif_scale2="0.941661" vif_scale3="0.966522" vmaf="98.384117" />
    <frame frameNum="81" adm2="0.954072" adm_scale0="0.958871" adm_scale1="0.912633" adm_scale2="0.940228" adm_scale3="0.974066" motion2="12.156039" vif_scale0="0.520953" vif_scale1="0.852113" vif_scale2="0.916910" vif_scale3="0.949090" vmaf="93.764330" />
    <frame frameNum="82" adm2="0.956235" adm_scale0="0.958200" adm_scale1="0.918068" adm_scale2="0.945448" adm_scale3="0.974131" motion2="11.749644" vif_scale0="0.531424" vif_scale1="0.858667" vif_scale2="0.920965" vif_scale3="0.951038" vmaf="94.141414" />
    <frame frameNum="83" adm2="0.954579" adm_scale0="0.957970" adm_scale1="0.915640" adm_scale2="0.942797" adm_scale3="0.973403" motion2="11.213417" vif_scale0="0.524376" vif_scale1="0.852189" vif_scale2="0.916477" vif_scale3="0.948276" vmaf="92.837768" />
    <frame frameNum="84" adm2="0.958270" adm_scale0="0.962522" adm_scale1="0.925256" adm_scale2="0.947727" adm_scale3="0.973907" motion2="11.213417" vif_scale0="0.535461" vif_scale1="0.862230" vif_scale2="0.924429" vif_scale3="0.954030" vmaf="94.404419" />
    <frame frameNum="85" adm2="0.954975" adm_scale0="0.959740" adm_scale1="0.911780" adm_scale2="0.942323" adm_scale3="0.974364" motion2="10.529059" vif_scale0="0.519594" vif_scale1="0.852364" vif_scale2="0.917690" vif_scale3="0.949275" vmaf="92.336219" />
    <frame frameNum="86" adm2="0.956544" adm_scale0="0.961881" adm_scale1="0.917188" adm_scale2="0.946253" adm_scale3="0.973430" motion2="9.761002" vif_scale0="0.527374" vif_scale1="0.856679" vif_scale2="0.920906" vif_scale3="0.951820" vmaf="92.194686" />
    <frame frameNum="87" adm2="0.958123" adm_scale0="0.962439" adm_scale1="0.922379" adm_scale2="0.946136" adm_scale3="0.975306" motion2="9.214196" vif_scale0="0.522785" vif_scale1="0.853084" vif_scale2="0.918665" vif_scale3="0.950348" vmaf="91.741795" />
    <frame frameNum="88" adm2="0.960126" adm_scale0="0.964213" adm_scale1="0.926536" adm_scale2="0.950588" adm_scale3="0.976092" motion2="8.763312" vif_scale0="0.526582" vif_scale1="0.865894" vif_scale2="0.929184" vif_scale3="0.957569" vmaf="92.677620" />
    <frame frameNum="89" adm2="0.955378" adm_scale0="0.960612" adm_scale1="0.918605" adm_scale2="0.944432" adm_scale3="0.972950" motion2="8.763312" vif_scale0="0.517855" vif_scale1="0.853552" vif_scale2="0.919422" vif_scale3="0.950842" vmaf="90.739972" />
    <frame frameNum="90" adm2="0.957297" adm_scale0="0.962165" adm_scale1="0.920477" adm_scale2="0.948342" adm_scale3="0.974010" motion2="8.124693" vif_scale0="0.521617" vif_scale1="0.857695" vif_scale2="0.922101" vif_scale3="0.952926" vmaf="90.725491" />
    <frame frameNum="91" adm2="0.958052" adm_scale0="0.961754" adm_scale1="0.918455" adm_scale2="0.945207" adm_scale3="0.976664" motion2="8.066119" vif_scale0="0.513510" vif_scale1="0.852218" vif_scale2="0.918844" vif_scale3="0.950447" vmaf="90.499454" />
    <frame frameNum="92" adm2="0.959677" adm_scale0="0.964092" adm_scale1="0.925499" adm_scale2="0.949016" adm_scale3="0.977029" motion2="7.910059" vif_scale0="0.521346" vif_scale1="0.863121" vif_scale2="0.927939" vif_scale3="0.957180" vmaf="91.568985" />
    <frame frameNum="93" adm2="0.955353" adm_scale0="0.959470" adm_scale1="0.916352" adm_scale2="0.945600" adm_scale3="0.973338" motion2="7.162950" vif_scale0="0.506970" vif_scale1="0.854467" vif_scale2="0.921813" vif_scale3="0.953030" vmaf="89.254076" />
    <frame frameNum="94" adm2="0.961459" adm_scale0="0.964104" adm_scale1="0.927921" adm_scale2="0.951029" adm_scale3="0.978295" motion2="6.881777" vif_scale0="0.510704" vif_scale1="0.858947" vif_scale2="0.925024" vif_scale3="0.955182" vmaf="90.539458" />
    <frame frameNum="95" adm2="0.958830" adm_scale0="0.962345" adm_scale1="0.924474" adm_scale2="0.947293" adm_scale3="0.976420" motion2="6.881777" vif_scale0="0.503924" vif_scale1="0.856952" vif_scale2="0.923665" vif_scale3="0.954672" vmaf="89.887094" />
    <frame frameNum="96" adm2="0.966718" adm_scale0="0.969158" adm_scale1="0.936119" adm_scale2="0.957873" adm_scale3="0.982221" motion2="6.838077" vif_scale0="0.545955" vif_scale1="0.894372" vif_scale2="0.949814" vif_scale3="0.972082" vmaf="93.987312" />
    <frame frameNum="97" adm2="0.957802" adm_scale0="0.962595" adm_scale1="0.919843" adm_scale2="0.946599" adm_scale3="0.976573" motion2="6.494508" vif_scale0="0.516155" vif_scale1="0.860053" vif_scale2="0.924788" vif_scale3="0.954881" vmaf="89.289508" />
    <frame frameNum="98" adm2="0.957971" adm_scale0="0.961990" adm_scale1="0.922872" adm_scale2="0.947937" adm_scale3="0.975282" motion2="6.203431" vif_scale0="0.513309" vif_scale1="0.855211" vif_scale2="0.921299" vif_scale3="0.953026" vmaf="88.713889" />
    <frame frameNum="99" adm2="0.960038" adm_scale0="0.962128" adm_scale1="0.923458" adm_scale2="0.950353" adm_scale3="0.977710" motion2="6.203431" vif_scale0="0.516964" vif_scale1="0.858816" vif_scale2="0.923343" vif_scale3="0.954399" vmaf="89.341279" />
    <frame frameNum="100" adm2="0.960060" adm_scale0="0.963091" adm_scale1="0.924807" adm_scale2="0.949965" adm_scale3="0.977507" motion2="6.836185" vif_scale0="0.510857" vif_scale1="0.860200" vif_scale2="0.926613" vif_scale3="0.956289" vmaf="90.341149" />
    <frame frameNum="101" adm2="0.957515" adm_scale0="0.961641" adm_scale1="0.919387" adm_scale2="0.947634" adm_scale3="0.975567" motion2="7.031013" vif_scale0="0.508254" vif_scale1="0.854497" vif_scale2="0.922000" vif_scale3="0.953712" vmaf="89.628002" />
    <frame frameNum="102" adm2="0.957418" adm_scale0="0.963170" adm_scale1="0.921084" adm_scale2="0.948876" adm_scale3="0.974381" motion2="7.301840" vif_scale0="0.518928" vif_scale1="0.858300" vif_scale2="0.923050" vif_scale3="0.953054" vmaf="89.894475" />
    <frame frameNum="103" adm2="0.959057" adm_scale0="0.963281" adm_scale1="0.927197" adm_scale2="0.947819" adm_scale3="0.975490" motion2="7.677040" vif_scale0="0.518277" vif_scale1="0.856275" vif_scale2="0.920951" vif_scale3="0.952271" vmaf="90.512670" />
    <frame frameNum="104" adm2="0.962875" adm_scale0="0.967453" adm_scale1="0.931957" adm_scale2="0.951802" adm_scale3="0.979365" motion2="8.242241" vif_scale0="0.532644" vif_scale1="0.867096" vif_scale2="0.928954" vif_scale3="0.957246" vmaf="92.665269" />
    <frame frameNum="105" adm2="0.959706" adm_scale0="0.964122" adm_scale1="0.923398" adm_scale2="0.950105" adm_scale3="0.977626" motion2="8.252743" vif_scale0="0.522487" vif_scale1="0.855673" vif_scale2="0.921041" vif_scale3="0.950904" vmaf="91.179739" />
    <frame frameNum="106" adm2="0.959048" adm_scale0="0.966120" adm_scale1="0.929735" adm_scale2="0.949399" adm_scale3="0.974113" motion2="8.197223" vif_scale0="0.530088" vif_scale1="0.859109" vif_scale2="0.921928" vif_scale3="0.951669" vmaf="91.073946" />
    <frame frameNum="107" adm2="0.962242" adm_scale0="0.964723" adm_scale1="0.929533" adm_scale2="0.952732" adm_scale3="0.978208" motion2="8.151590" vif_scale0="0.535774" vif_scale1="0.859124" vif_scale2="0.919879" vif_scale3="0.949516" vmaf="91.455876" />
    <frame frameNum="108" adm2="0.962392" adm_scale0="0.967160" adm_scale1="0.927262" adm_scale2="0.953432" adm_scale3="0.979229" motion2="8.151590" vif_scale0="0.532324" vif_scale1="0.862761" vif_scale2="0.925271" vif_scale3="0.954574" vmaf="92.101757" />
    <frame frameNum="109" adm2="0.958549" adm_scale0="0.965119" adm_scale1="0.924901" adm_scale2="0.946707" adm_scale3="0.976516" motion2="8.173396" vif_scale0="0.532494" vif_scale1="0.856445" vif_scale2="0.919520" vif_scale3="0.950851" vmaf="90.779523" />
    <frame frameNum="110" adm2="0.958573" adm_scale0="0.965636" adm_scale1="0.926166" adm_scale2="0.949064" adm_scale3="0.974200" motion2="7.728574" vif_scale0="0.535278" vif_scale1="0.862376" vif_scale2="0.924529" vif_scale3="0.954160" vmaf="90.756519" />
    <frame frameNum="111" adm2="0.960194" adm_scale0="0.966278" adm_scale1="0.924978" adm_scale2="0.948491" adm_scale3="0.978441" motion2="7.173264" vif_scale0="0.530234" vif_scale1="0.861035" vif_scale2="0.924445" vif_scale3="0.955000" vmaf="90.548358" />
    <frame frameNum="112" adm2="0.964719" adm_scale0="0.969273" adm_scale1="0.933434" adm_scale2="0.957425" adm_scale3="0.980677" motion2="6.855636" vif_scale0="0.553398" vif_scale1="0.885344" vif_scale2="0.941468" vif_scale3="0.966122" vmaf="92.744387" />
    <frame frameNum="113" adm2="0.959484" adm_scale0="0.965518" adm_scale1="0.925945" adm_scale2="0.949490" adm_scale3="0.976692" motion2="6.519027" vif_scale0="0.529215" vif_scale1="0.860797" vif_scale2="0.924801" vif_scale3="0.954994" vmaf="89.677494" />
    <frame frameNum="114" adm2="0.960013" adm_scale0="0.964096" adm_scale1="0.926198" adm_scale2="0.951673" adm_scale3="0.976911" motion2="6.067085" vif_scale0="0.523847" vif_scale1="0.862339" vif_scale2="0.926528" vif_scale3="0.956403" vmaf="89.463106" />
    <frame frameNum="115" adm2="0.960479" adm_scale0="0.967249" adm_scale1="0.927620" adm_scale2="0.951960" adm_scale3="0.975831" motion2="5.705991" vif_scale0="0.537073" vif_scale1="0.864652" vif_scale2="0.926165" vif_scale3="0.956576" vmaf="89.140074" />
    <frame frameNum="116" adm2="0.961913" adm_scale0="0.966823" adm_scale1="0.927034" adm_scale2="0.953778" adm_scale3="0.978679" motion2="5.386418" vif_scale0="0.538832" vif_scale1="0.872991" vif_scale2="0.933091" vif_scale3="0.960803" vmaf="89.696224" />
    <frame frameNum="117" adm2="0.960301" adm_scale0="0.966380" adm_scale1="0.929459" adm_scale2="0.950373" adm_scale3="0.976315" motion2="5.075470" vif_scale0="0.535926" vif_scale1="0.866530" vif_scale2="0.927159" vif_scale3="0.956220" vmaf="88.390736" />
    <frame frameNum="118" adm2="0.961162" adm_scale0="0.965597" adm_scale1="0.927694" adm_scale2="0.948805" adm_scale3="0.979389" motion2="4.830062" vif_scale0="0.527958" vif_scale1="0.867617" vif_scale2="0.930056" vif_scale3="0.959008" vmaf="88.635404" />
    <frame frameNum="119" adm2="0.961243" adm_scale0="0.965572" adm_scale1="0.926353" adm_scale2="0.951426" adm_scale3="0.978770" motion2="4.830062" vif_scale0="0.523372" vif_scale1="0.863417" vif_scale2="0.927208" vif_scale3="0.957024" vmaf="88.385193" />
    <frame frameNum="120" adm2="0.962635" adm_scale0="0.967561" adm_scale1="0.927903" adm_scale2="0.953093" adm_scale3="0.980028" motion2="4.543947" vif_scale0="0.533782" vif_scale1="0.875584" vif_scale2="0.935511" vif_scale3="0.961746" vmaf="89.054127" />
    <frame frameNum="121" adm2="0.959738" adm_scale0="0.965193" adm_scale1="0.925286" adm_scale2="0.950765" adm_scale3="0.976915" motion2="4.543947" vif_scale0="0.517096" vif_scale1="0.862748" vif_scale2="0.927960" vif_scale3="0.957409" vmaf="87.801656" />
    <frame frameNum="122" adm2="0.960231" adm_scale0="0.965907" adm_scale1="0.928498" adm_scale2="0.948960" adm_scale3="0.977624" motion2="4.681951" vif_scale0="0.523442" vif_scale1="0.866321" vif_scale2="0.929751" vif_scale3="0.957899" vmaf="88.171098" />
    <frame frameNum="123" adm2="0.958534" adm_scale0="0.965997" adm_scale1="0.926785" adm_scale2="0.948611" adm_scale3="0.974735" motion2="4.436007" vif_scale0="0.519178" vif_scale1="0.862672" vif_scale2="0.926677" vif_scale3="0.956454" vmaf="87.290230" />
    <frame frameNum="124" adm2="0.960771" adm_scale0="0.964777" adm_scale1="0.927016" adm_scale2="0.950232" adm_scale3="0.978997" motion2="4.410894" vif_scale0="0.519167" vif_scale1="0.868783" vif_scale2="0.932519" vif_scale3="0.960137" vmaf="88.266097" />
    <frame frameNum="125" adm2="0.960698" adm_scale0="0.965445" adm_scale1="0.926008" adm_scale2="0.951870" adm_scale3="0.977617" motion2="4.410894" vif_scale0="0.524164" vif_scale1="0.864553" vif_scale2="0.927924" vif_scale3="0.957424" vmaf="87.842465" />
    <frame frameNum="126" adm2="0.961194" adm_scale0="0.967108" adm_scale1="0.926100" adm_scale2="0.950361" adm_scale3="0.978884" motion2="4.462180" vif_scale0="0.527191" vif_scale1="0.868593" vif_scale2="0.931096" vif_scale3="0.959273" vmaf="88.279827" />
    <frame frameNum="127" adm2="0.960636" adm_scale0="0.966444" adm_scale1="0.927331" adm_scale2="0.950298" adm_scale3="0.977719" motion2="4.368739" vif_scale0="0.524661" vif_scale1="0.867677" vif_scale2="0.930542" vif_scale3="0.958833" vmaf="87.997759" />
    <frame frameNum="128" adm2="0.963303" adm_scale0="0.964917" adm_scale1="0.926776" adm_scale2="0.957897" adm_scale3="0.980239" motion2="4.368739" vif_scale0="0.558409" vif_scale1="0.897831" vif_scale2="0.951339" vif_scale3="0.972782" vmaf="90.518599" />
    <frame frameNum="129" adm2="0.961650" adm_scale0="0.965882" adm_scale1="0.926199" adm_scale2="0.952842" adm_scale3="0.978824" motion2="4.662647" vif_scale0="0.534650" vif_scale1="0.868517" vif_scale2="0.929355" vif_scale3="0.957869" vmaf="88.420507" />
    <frame frameNum="130" adm2="0.960985" adm_scale0="0.964722" adm_scale1="0.924570" adm_scale2="0.952006" adm_scale3="0.979545" motion2="4.662647" vif_scale0="0.528350" vif_scale1="0.869586" vif_scale2="0.932009" vif_scale3="0.959654" vmaf="88.534684" />
    <frame frameNum="131" adm2="0.960813" adm_scale0="0.966383" adm_scale1="0.926319" adm_scale2="0.950663" adm_scale3="0.977843" motion2="4.836417" vif_scale0="0.521837" vif_scale1="0.863095" vif_scale2="0.927162" vif_scale3="0.956820" vmaf="88.284962" />
    <frame frameNum="132" adm2="0.962576" adm_scale0="0.967065" adm_scale1="0.930920" adm_scale2="0.954599" adm_scale3="0.978206" motion2="5.031696" vif_scale0="0.533269" vif_scale1="0.870087" vif_scale2="0.932486" vif_scale3="0.960864" vmaf="89.411767" />
    <frame frameNum="133" adm2="0.959125" adm_scale0="0.965644" adm_scale1="0.928388" adm_scale2="0.950409" adm_scale3="0.974569" motion2="5.123641" vif_scale0="0.510195" vif_scale1="0.855656" vif_scale2="0.922730" vif_scale3="0.954026" vmaf="87.871023" />
    <frame frameNum="134" adm2="0.959247" adm_scale0="0.964266" adm_scale1="0.923594" adm_scale2="0.949500" adm_scale3="0.976974" motion2="5.137451" vif_scale0="0.515014" vif_scale1="0.861151" vif_scale2="0.927740" vif_scale3="0.957985" vmaf="88.419797" />
    <frame frameNum="135" adm2="0.959646" adm_scale0="0.966463" adm_scale1="0.927347" adm_scale2="0.949708" adm_scale3="0.976035" motion2="5.556020" vif_scale0="0.524803" vif_scale1="0.859665" vif_scale2="0.924655" vif_scale3="0.955748" vmaf="88.674070" />
    <frame frameNum="136" adm2="0.964339" adm_scale0="0.968377" adm_scale1="0.933392" adm_scale2="0.955435" adm_scale3="0.979676" motion2="5.698411" vif_scale0="0.540432" vif_scale1="0.874519" vif_scale2="0.935404" vif_scale3="0.962390" vmaf="90.794481" />
    <frame frameNum="137" adm2="0.961460" adm_scale0="0.966810" adm_scale1="0.930582" adm_scale2="0.952629" adm_scale3="0.976455" motion2="5.907775" vif_scale0="0.530039" vif_scale1="0.860095" vif_scale2="0.924219" vif_scale3="0.954498" vmaf="89.343388" />
    <frame frameNum="138" adm2="0.962180" adm_scale0="0.965571" adm_scale1="0.928075" adm_scale2="0.954057" adm_scale3="0.978047" motion2="6.206720" vif_scale0="0.509189" vif_scale1="0.856524" vif_scale2="0.924151" vif_scale3="0.954745" vmaf="89.867999" />
    <frame frameNum="139" adm2="0.961152" adm_scale0="0.965386" adm_scale1="0.926254" adm_scale2="0.954542" adm_scale3="0.976388" motion2="6.419833" vif_scale0="0.515864" vif_scale1="0.855920" vif_scale2="0.923035" vif_scale3="0.954059" vmaf="89.784927" />
    <frame frameNum="140" adm2="0.963601" adm_scale0="0.966479" adm_scale1="0.928953" adm_scale2="0.952564" adm_scale3="0.980800" motion2="6.691042" vif_scale0="0.523624" vif_scale1="0.862065" vif_scale2="0.928019" vif_scale3="0.957633" vmaf="91.091336" />
    <frame frameNum="141" adm2="0.961840" adm_scale0="0.967542" adm_scale1="0.929458" adm_scale2="0.954307" adm_scale3="0.976096" motion2="7.202104" vif_scale0="0.531969" vif_scale1="0.859643" vif_scale2="0.923306" vif_scale3="0.952671" vmaf="90.704237" />
    <frame frameNum="142" adm2="0.961390" adm_scale0="0.966637" adm_scale1="0.928189" adm_scale2="0.950182" adm_scale3="0.978238" motion2="7.314528" vif_scale0="0.526696" vif_scale1="0.860981" vif_scale2="0.926321" vif_scale3="0.957258" vmaf="91.214948" />
    <frame frameNum="143" adm2="0.962585" adm_scale0="0.967244" adm_scale1="0.930082" adm_scale2="0.951175" adm_scale3="0.978494" motion2="7.495216" vif_scale0="0.540462" vif_scale1="0.863035" vif_scale2="0.926086" vif_scale3="0.955209" vmaf="91.500399" />
    <frame frameNum="144" adm2="0.963352" adm_scale0="0.968192" adm_scale1="0.929409" adm_scale2="0.954637" adm_scale3="0.979042" motion2="7.396393" vif_scale0="0.563953" vif_scale1="0.883515" vif_scale2="0.940220" vif_scale3="0.964555" vmaf="92.882745" />
    <frame frameNum="145" adm2="0.961122" adm_scale0="0.966448" adm_scale1="0.927776" adm_scale2="0.950798" adm_scale3="0.976883" motion2="7.396393" vif_scale0="0.543440" vif_scale1="0.863209" vif_scale2="0.924877" vif_scale3="0.953964" vmaf="90.930384" />
    <frame frameNum="146" adm2="0.964753" adm_scale0="0.969746" adm_scale1="0.936607" adm_scale2="0.955360" adm_scale3="0.978206" motion2="7.952742" vif_scale0="0.548738" vif_scale1="0.871103" vif_scale2="0.931946" vif_scale3="0.959632" vmaf="93.062579" />
    <frame frameNum="147" adm2="0.963760" adm_scale0="0.968723" adm_scale1="0.931678" adm_scale2="0.951438" adm_scale3="0.979363" motion2="8.263140" vif_scale0="0.551224" vif_scale1="0.861881" vif_scale2="0.923323" vif_scale3="0.952360" vmaf="92.267517" />
    <frame frameNum="148" adm2="0.962572" adm_scale0="0.967306" adm_scale1="0.929720" adm_scale2="0.954511" adm_scale3="0.976741" motion2="8.254028" vif_scale0="0.549243" vif_scale1="0.861540" vif_scale2="0.922952" vif_scale3="0.952957" vmaf="92.033652" />
    <frame frameNum="149" adm2="0.964962" adm_scale0="0.969139" adm_scale1="0.931896" adm_scale2="0.957193" adm_scale3="0.979717" motion2="8.254028" vif_scale0="0.557855" vif_scale1="0.877991" vif_scale2="0.936512" vif_scale3="0.962361" vmaf="93.850513" />
  </frames>
</VMAF>
