<VMAF version="47950a6">
  <params qualityWidth="1280" qualityHeight="720" />
  <fyi fps="14.25" />
  <frames>
    <frame frameNum="0" adm2="0.984222" adm_scale0="0.965512" adm_scale1="0.964277" adm_scale2="0.985019" adm_scale3="0.995601" motion2="0.000000" vif_scale0="0.579631" vif_scale1="0.928830" vif_scale2="0.968556" vif_scale3="0.981926" vmaf="91.161303" />
    <frame frameNum="1" adm2="0.976802" adm_scale0="0.954953" adm_scale1="0.949734" adm_scale2="0.976818" adm_scale3="0.993130" motion2="5.639671" vif_scale0="0.499088" vif_scale1="0.865767" vif_scale2="0.930995" vif_scale3="0.960098" vmaf="93.059538" />
    <frame frameNum="2" adm2="0.974682" adm_scale0="0.958139" adm_scale1="0.950474" adm_scale2="0.975362" adm_scale3="0.988044" motion2="5.106677" vif_scale0="0.505722" vif_scale1="0.870334" vif_scale2="0.934206" vif_scale3="0.962051" vmaf="92.278608" />
    <frame frameNum="3" adm2="0.973756" adm_scale0="0.955050" adm_scale1="0.948944" adm_scale2="0.974860" adm_scale3="0.987523" motion2="4.350933" vif_scale0="0.487402" vif_scale1="0.859499" vif_scale2="0.926796" vif_scale3="0.957193" vmaf="90.541411" />
    <frame frameNum="4" adm2="0.977389" adm_scale0="0.957043" adm_scale1="0.952229" adm_scale2="0.977354" adm_scale3="0.992116" motion2="3.279224" vif_scale0="0.477857" vif_scale1="0.867406" vif_scale2="0.935708" vif_scale3="0.964098" vmaf="90.993722" />
    <frame frameNum="5" adm2="0.975510" adm_scale0="0.952794" adm_scale1="0.947878" adm_scale2="0.977825" adm_scale3="0.990167" motion2="3.279224" vif_scale0="0.468067" vif_scale1="0.851345" vif_scale2="0.923751" vif_scale3="0.956030" vmaf="89.486633" />
    <frame frameNum="6" adm2="0.981722" adm_scale0="0.960976" adm_scale1="0.957121" adm_scale2="0.981208" adm_scale3="0.996666" motion2="4.885628" vif_scale0="0.491159" vif_scale1="0.866082" vif_scale2="0.932799" vif_scale3="0.962148" vmaf="93.493289" />
    <frame frameNum="7" adm2="0.975643" adm_scale0="0.960818" adm_scale1="0.947420" adm_scale2="0.980618" adm_scale3="0.987175" motion2="4.776041" vif_scale0="0.504124" vif_scale1="0.861682" vif_scale2="0.927164" vif_scale3="0.957914" vmaf="91.486229" />
    <frame frameNum="8" adm2="0.976617" adm_scale0="0.957730" adm_scale1="0.947700" adm_scale2="0.979767" adm_scale3="0.990970" motion2="4.056862" vif_scale0="0.489358" vif_scale1="0.878645" vif_scale2="0.942837" vif_scale3="0.968785" vmaf="92.392269" />
    <frame frameNum="9" adm2="0.973299" adm_scale0="0.957696" adm_scale1="0.946369" adm_scale2="0.977714" adm_scale3="0.984820" motion2="4.056862" vif_scale0="0.480195" vif_scale1="0.859726" vif_scale2="0.929263" vif_scale3="0.960059" vmaf="90.439227" />
    <frame frameNum="10" adm2="0.973508" adm_scale0="0.954643" adm_scale1="0.945132" adm_scale2="0.978067" adm_scale3="0.986396" motion2="6.112095" vif_scale0="0.493966" vif_scale1="0.861553" vif_scale2="0.928984" vif_scale3="0.958294" vmaf="92.667837" />
    <frame frameNum="11" adm2="0.970321" adm_scale0="0.956376" adm_scale1="0.942940" adm_scale2="0.970124" adm_scale3="0.984505" motion2="4.545020" vif_scale0="0.476779" vif_scale1="0.855091" vif_scale2="0.925816" vif_scale3="0.957731" vmaf="90.049206" />
    <frame frameNum="12" adm2="0.977061" adm_scale0="0.956568" adm_scale1="0.952397" adm_scale2="0.977727" adm_scale3="0.991381" motion2="3.989195" vif_scale0="0.482409" vif_scale1="0.870501" vif_scale2="0.936989" vif_scale3="0.964594" vmaf="91.839102" />
    <frame frameNum="13" adm2="0.973557" adm_scale0="0.959926" adm_scale1="0.943646" adm_scale2="0.974858" adm_scale3="0.987624" motion2="3.152309" vif_scale0="0.482142" vif_scale1="0.860972" vif_scale2="0.928961" vif_scale3="0.959446" vmaf="89.375802" />
    <frame frameNum="14" adm2="0.977715" adm_scale0="0.957573" adm_scale1="0.947289" adm_scale2="0.979427" adm_scale3="0.993306" motion2="3.152309" vif_scale0="0.483453" vif_scale1="0.868392" vif_scale2="0.935607" vif_scale3="0.964298" vmaf="90.916448" />
    <frame frameNum="15" adm2="0.973742" adm_scale0="0.955513" adm_scale1="0.944525" adm_scale2="0.978297" adm_scale3="0.986605" motion2="3.406580" vif_scale0="0.482359" vif_scale1="0.864788" vif_scale2="0.932187" vif_scale3="0.961285" vmaf="89.990444" />
    <frame frameNum="16" adm2="0.984075" adm_scale0="0.964040" adm_scale1="0.959148" adm_scale2="0.986339" adm_scale3="0.996980" motion2="4.074044" vif_scale0="0.524324" vif_scale1="0.907527" vif_scale2="0.961271" vif_scale3="0.980078" vmaf="95.689236" />
    <frame frameNum="17" adm2="0.978311" adm_scale0="0.958597" adm_scale1="0.950616" adm_scale2="0.977166" adm_scale3="0.994579" motion2="3.065302" vif_scale0="0.493496" vif_scale1="0.873973" vif_scale2="0.938864" vif_scale3="0.966664" vmaf="91.248047" />
    <frame frameNum="18" adm2="0.975995" adm_scale0="0.959285" adm_scale1="0.945426" adm_scale2="0.970372" adm_scale3="0.995258" motion2="3.065302" vif_scale0="0.491089" vif_scale1="0.871532" vif_scale2="0.938455" vif_scale3="0.966163" vmaf="90.699854" />
    <frame frameNum="19" adm2="0.978964" adm_scale0="0.960382" adm_scale1="0.950935" adm_scale2="0.980708" adm_scale3="0.993753" motion2="3.216635" vif_scale0="0.485947" vif_scale1="0.870418" vif_scale2="0.937209" vif_scale3="0.964813" vmaf="91.362573" />
    <frame frameNum="20" adm2="0.982107" adm_scale0="0.963762" adm_scale1="0.958741" adm_scale2="0.985454" adm_scale3="0.993938" motion2="2.992759" vif_scale0="0.489877" vif_scale1="0.882232" vif_scale2="0.946829" vif_scale3="0.972223" vmaf="92.758848" />
    <frame frameNum="21" adm2="0.979217" adm_scale0="0.959631" adm_scale1="0.953017" adm_scale2="0.981714" adm_scale3="0.992859" motion2="2.992759" vif_scale0="0.477990" vif_scale1="0.867524" vif_scale2="0.936499" vif_scale3="0.964739" vmaf="91.130091" />
    <frame frameNum="22" adm2="0.978878" adm_scale0="0.960166" adm_scale1="0.956642" adm_scale2="0.979609" adm_scale3="0.991812" motion2="3.364288" vif_scale0="0.474059" vif_scale1="0.867627" vif_scale2="0.937186" vif_scale3="0.965847" vmaf="91.616258" />
    <frame frameNum="23" adm2="0.976175" adm_scale0="0.956951" adm_scale1="0.953423" adm_scale2="0.980226" adm_scale3="0.987595" motion2="2.941125" vif_scale0="0.469560" vif_scale1="0.862538" vif_scale2="0.933520" vif_scale3="0.963436" vmaf="90.209199" />
    <frame frameNum="24" adm2="0.986919" adm_scale0="0.967270" adm_scale1="0.963902" adm_scale2="0.990602" adm_scale3="0.998478" motion2="2.941125" vif_scale0="0.486572" vif_scale1="0.879495" vif_scale2="0.945894" vif_scale3="0.971087" vmaf="93.601610" />
    <frame frameNum="25" adm2="0.976928" adm_scale0="0.960502" adm_scale1="0.952450" adm_scale2="0.974905" adm_scale3="0.992204" motion2="2.852221" vif_scale0="0.474482" vif_scale1="0.862866" vif_scale2="0.934026" vif_scale3="0.964105" vmaf="90.329070" />
    <frame frameNum="26" adm2="0.978533" adm_scale0="0.961761" adm_scale1="0.957672" adm_scale2="0.978556" adm_scale3="0.991120" motion2="2.776766" vif_scale0="0.479315" vif_scale1="0.867605" vif_scale2="0.936394" vif_scale3="0.964666" vmaf="90.716833" />
    <frame frameNum="27" adm2="0.979009" adm_scale0="0.961414" adm_scale1="0.954105" adm_scale2="0.980680" adm_scale3="0.992543" motion2="2.509950" vif_scale0="0.474033" vif_scale1="0.862515" vif_scale2="0.933406" vif_scale3="0.962612" vmaf="90.226427" />
    <frame frameNum="28" adm2="0.981192" adm_scale0="0.962994" adm_scale1="0.957198" adm_scale2="0.987400" adm_scale3="0.991145" motion2="2.509950" vif_scale0="0.481512" vif_scale1="0.872611" vif_scale2="0.941001" vif_scale3="0.967737" vmaf="91.399516" />
    <frame frameNum="29" adm2="0.976630" adm_scale0="0.960151" adm_scale1="0.952891" adm_scale2="0.978864" adm_scale3="0.988945" motion2="2.816446" vif_scale0="0.477194" vif_scale1="0.861045" vif_scale2="0.931622" vif_scale3="0.961336" vmaf="89.901980" />
    <frame frameNum="30" adm2="0.978491" adm_scale0="0.961430" adm_scale1="0.954349" adm_scale2="0.981082" adm_scale3="0.990754" motion2="2.816446" vif_scale0="0.482262" vif_scale1="0.868145" vif_scale2="0.937460" vif_scale3="0.965125" vmaf="90.829755" />
    <frame frameNum="31" adm2="0.978786" adm_scale0="0.958884" adm_scale1="0.954385" adm_scale2="0.983012" adm_scale3="0.991159" motion2="2.870256" vif_scale0="0.472370" vif_scale1="0.865531" vif_scale2="0.936359" vif_scale3="0.965431" vmaf="90.951844" />
    <frame frameNum="32" adm2="0.984709" adm_scale0="0.963233" adm_scale1="0.960221" adm_scale2="0.990043" adm_scale3="0.996476" motion2="2.870256" vif_scale0="0.506586" vif_scale1="0.896766" vif_scale2="0.956805" vif_scale3="0.977556" vmaf="94.007990" />
    <frame frameNum="33" adm2="0.975840" adm_scale0="0.957773" adm_scale1="0.944174" adm_scale2="0.979293" adm_scale3="0.990531" motion2="4.198459" vif_scale0="0.476978" vif_scale1="0.862456" vif_scale2="0.933216" vif_scale3="0.962412" vmaf="91.497994" />
    <frame frameNum="34" adm2="0.980769" adm_scale0="0.960644" adm_scale1="0.955594" adm_scale2="0.982212" adm_scale3="0.994809" motion2="4.198459" vif_scale0="0.477390" vif_scale1="0.863274" vif_scale2="0.934591" vif_scale3="0.963927" vmaf="92.726070" />
    <frame frameNum="35" adm2="0.973806" adm_scale0="0.957790" adm_scale1="0.939781" adm_scale2="0.974799" adm_scale3="0.990190" motion2="5.916987" vif_scale0="0.475295" vif_scale1="0.853315" vif_scale2="0.927410" vif_scale3="0.959250" vmaf="92.535913" />
    <frame frameNum="36" adm2="0.976506" adm_scale0="0.960394" adm_scale1="0.946578" adm_scale2="0.976837" adm_scale3="0.991220" motion2="6.934131" vif_scale0="0.509767" vif_scale1="0.866662" vif_scale2="0.934383" vif_scale3="0.963502" vmaf="94.856012" />
    <frame frameNum="37" adm2="0.974876" adm_scale0="0.960048" adm_scale1="0.943233" adm_scale2="0.975453" adm_scale3="0.989695" motion2="7.691448" vif_scale0="0.501250" vif_scale1="0.853688" vif_scale2="0.925123" vif_scale3="0.957421" vmaf="94.482897" />
    <frame frameNum="38" adm2="0.973619" adm_scale0="0.962996" adm_scale1="0.943409" adm_scale2="0.971359" adm_scale3="0.988406" motion2="8.290002" vif_scale0="0.523287" vif_scale1="0.862583" vif_scale2="0.927495" vif_scale3="0.958738" vmaf="95.071313" />
    <frame frameNum="39" adm2="0.968660" adm_scale0="0.961955" adm_scale1="0.943266" adm_scale2="0.963696" adm_scale3="0.982034" motion2="9.201682" vif_scale0="0.525920" vif_scale1="0.862059" vif_scale2="0.924707" vif_scale3="0.955446" vmaf="94.624600" />
    <frame frameNum="40" adm2="0.962187" adm_scale0="0.960105" adm_scale1="0.937029" adm_scale2="0.955122" adm_scale3="0.975402" motion2="9.585089" vif_scale0="0.535108" vif_scale1="0.872076" vif_scale2="0.932672" vif_scale3="0.962119" vmaf="94.506707" />
    <frame frameNum="41" adm2="0.969295" adm_scale0="0.962392" adm_scale1="0.943136" adm_scale2="0.966075" adm_scale3="0.981730" motion2="9.823271" vif_scale0="0.525504" vif_scale1="0.860724" vif_scale2="0.924283" vif_scale3="0.955746" vmaf="95.427690" />
    <frame frameNum="42" adm2="0.973582" adm_scale0="0.967508" adm_scale1="0.948411" adm_scale2="0.972479" adm_scale3="0.984426" motion2="9.695138" vif_scale0="0.521886" vif_scale1="0.862374" vif_scale2="0.926475" vif_scale3="0.957315" vmaf="96.420898" />
    <frame frameNum="43" adm2="0.967435" adm_scale0="0.958850" adm_scale1="0.949883" adm_scale2="0.961030" adm_scale3="0.979691" motion2="9.695138" vif_scale0="0.518743" vif_scale1="0.859536" vif_scale2="0.923414" vif_scale3="0.955663" vmaf="94.847325" />
    <frame frameNum="44" adm2="0.967150" adm_scale0="0.960840" adm_scale1="0.943691" adm_scale2="0.959879" adm_scale3="0.981283" motion2="9.964064" vif_scale0="0.531554" vif_scale1="0.870109" vif_scale2="0.931403" vif_scale3="0.961351" vmaf="95.856168" />
    <frame frameNum="45" adm2="0.961708" adm_scale0="0.958639" adm_scale1="0.931166" adm_scale2="0.956335" adm_scale3="0.976177" motion2="9.690370" vif_scale0="0.523990" vif_scale1="0.858503" vif_scale2="0.922376" vif_scale3="0.954443" vmaf="93.483577" />
    <frame frameNum="46" adm2="0.967301" adm_scale0="0.961753" adm_scale1="0.938396" adm_scale2="0.965106" adm_scale3="0.980009" motion2="9.690370" vif_scale0="0.542630" vif_scale1="0.876922" vif_scale2="0.933752" vif_scale3="0.961677" vmaf="95.734420" />
    <frame frameNum="47" adm2="0.964408" adm_scale0="0.960529" adm_scale1="0.933964" adm_scale2="0.958468" adm_scale3="0.978921" motion2="9.335769" vif_scale0="0.545961" vif_scale1="0.877729" vif_scale2="0.932786" vif_scale3="0.959680" vmaf="94.540707" />
    <frame frameNum="48" adm2="0.981355" adm_scale0="0.968549" adm_scale1="0.956536" adm_scale2="0.978580" adm_scale3="0.994623" motion2="9.335769" vif_scale0="0.592130" vif_scale1="0.923706" vif_scale2="0.964747" vif_scale3="0.981114" vmaf="101.359127" />
    <frame frameNum="49" adm2="0.968454" adm_scale0="0.966067" adm_scale1="0.942000" adm_scale2="0.963616" adm_scale3="0.980539" motion2="9.337810" vif_scale0="0.550614" vif_scale1="0.882530" vif_scale2="0.935855" vif_scale3="0.961508" vmaf="95.689460" />
    <frame frameNum="50" adm2="0.965133" adm_scale0="0.963609" adm_scale1="0.934456" adm_scale2="0.959335" adm_scale3="0.978500" motion2="9.054583" vif_scale0="0.538954" vif_scale1="0.871022" vif_scale2="0.929417" vif_scale3="0.958819" vmaf="94.177705" />
    <frame frameNum="51" adm2="0.972197" adm_scale0="0.962082" adm_scale1="0.946569" adm_scale2="0.970223" adm_scale3="0.984245" motion2="9.041745" vif_scale0="0.537191" vif_scale1="0.874254" vif_scale2="0.932567" vif_scale3="0.960776" vmaf="95.964099" />
    <frame frameNum="52" adm2="0.979019" adm_scale0="0.968822" adm_scale1="0.960483" adm_scale2="0.975514" adm_scale3="0.990111" motion2="8.486893" vif_scale0="0.541690" vif_scale1="0.878341" vif_scale2="0.937502" vif_scale3="0.965144" vmaf="97.381833" />
    <frame frameNum="53" adm2="0.973507" adm_scale0="0.964158" adm_scale1="0.948496" adm_scale2="0.963746" adm_scale3="0.990738" motion2="7.573438" vif_scale0="0.511005" vif_scale1="0.854403" vif_scale2="0.923136" vif_scale3="0.956535" vmaf="93.907858" />
    <frame frameNum="54" adm2="0.979945" adm_scale0="0.967278" adm_scale1="0.966284" adm_scale2="0.978397" adm_scale3="0.989191" motion2="7.007406" vif_scale0="0.505317" vif_scale1="0.855299" vif_scale2="0.927084" vif_scale3="0.960089" vmaf="95.101094" />
    <frame frameNum="55" adm2="0.975470" adm_scale0="0.962796" adm_scale1="0.950085" adm_scale2="0.977903" adm_scale3="0.986822" motion2="6.151161" vif_scale0="0.482982" vif_scale1="0.842123" vif_scale2="0.921500" vif_scale3="0.958409" vmaf="92.839891" />
    <frame frameNum="56" adm2="0.983038" adm_scale0="0.964787" adm_scale1="0.956101" adm_scale2="0.986565" adm_scale3="0.995281" motion2="6.116088" vif_scale0="0.478329" vif_scale1="0.849562" vif_scale2="0.931187" vif_scale3="0.965093" vmaf="95.341501" />
    <frame frameNum="57" adm2="0.973449" adm_scale0="0.959398" adm_scale1="0.941781" adm_scale2="0.975749" adm_scale3="0.987294" motion2="6.116088" vif_scale0="0.477836" vif_scale1="0.838879" vif_scale2="0.920551" vif_scale3="0.956761" vmaf="92.208213" />
    <frame frameNum="58" adm2="0.974091" adm_scale0="0.960759" adm_scale1="0.952516" adm_scale2="0.970465" adm_scale3="0.988032" motion2="7.095902" vif_scale0="0.493695" vif_scale1="0.848750" vif_scale2="0.925626" vif_scale3="0.960310" vmaf="93.906806" />
    <frame frameNum="59" adm2="0.976184" adm_scale0="0.957965" adm_scale1="0.943388" adm_scale2="0.978142" adm_scale3="0.991297" motion2="7.340748" vif_scale0="0.491377" vif_scale1="0.847011" vif_scale2="0.922955" vif_scale3="0.957407" vmaf="94.289233" />
    <frame frameNum="60" adm2="0.983451" adm_scale0="0.965140" adm_scale1="0.954190" adm_scale2="0.992457" adm_scale3="0.993080" motion2="7.373094" vif_scale0="0.508946" vif_scale1="0.862268" vif_scale2="0.933318" vif_scale3="0.964403" vmaf="96.857210" />
    <frame frameNum="61" adm2="0.974886" adm_scale0="0.956857" adm_scale1="0.942263" adm_scale2="0.974834" adm_scale3="0.990371" motion2="7.932577" vif_scale0="0.498314" vif_scale1="0.850147" vif_scale2="0.924505" vif_scale3="0.958071" vmaf="94.773477" />
    <frame frameNum="62" adm2="0.974906" adm_scale0="0.958970" adm_scale1="0.938700" adm_scale2="0.978103" adm_scale3="0.989580" motion2="8.347490" vif_scale0="0.498537" vif_scale1="0.850665" vif_scale2="0.926491" vif_scale3="0.960064" vmaf="95.464947" />
    <frame frameNum="63" adm2="0.971729" adm_scale0="0.953066" adm_scale1="0.928846" adm_scale2="0.967298" adm_scale3="0.993598" motion2="8.881413" vif_scale0="0.497447" vif_scale1="0.847664" vif_scale2="0.923653" vif_scale3="0.958385" vmaf="95.111515" />
    <frame frameNum="64" adm2="0.974343" adm_scale0="0.956105" adm_scale1="0.937574" adm_scale2="0.971318" adm_scale3="0.993399" motion2="9.587723" vif_scale0="0.509168" vif_scale1="0.868478" vif_scale2="0.940158" vif_scale3="0.968673" vmaf="97.922088" />
    <frame frameNum="65" adm2="0.972459" adm_scale0="0.953883" adm_scale1="0.929063" adm_scale2="0.971078" adm_scale3="0.992938" motion2="10.133101" vif_scale0="0.485032" vif_scale1="0.842205" vif_scale2="0.923031" vif_scale3="0.958283" vmaf="96.546509" />
    <frame frameNum="66" adm2="0.975281" adm_scale0="0.956385" adm_scale1="0.931785" adm_scale2="0.976362" adm_scale3="0.993862" motion2="10.653828" vif_scale0="0.495833" vif_scale1="0.849734" vif_scale2="0.926815" vif_scale3="0.960729" vmaf="98.039451" />
    <frame frameNum="67" adm2="0.968334" adm_scale0="0.955775" adm_scale1="0.927937" adm_scale2="0.965596" adm_scale3="0.987236" motion2="11.115594" vif_scale0="0.504179" vif_scale1="0.849007" vif_scale2="0.922770" vif_scale3="0.956649" vmaf="96.552846" />
    <frame frameNum="68" adm2="0.975059" adm_scale0="0.958734" adm_scale1="0.933518" adm_scale2="0.972853" adm_scale3="0.993979" motion2="11.631356" vif_scale0="0.505456" vif_scale1="0.856537" vif_scale2="0.929730" vif_scale3="0.961641" vmaf="99.189000" />
    <frame frameNum="69" adm2="0.970997" adm_scale0="0.957673" adm_scale1="0.930165" adm_scale2="0.969035" adm_scale3="0.989582" motion2="11.631356" vif_scale0="0.515103" vif_scale1="0.852717" vif_scale2="0.922489" vif_scale3="0.954740" vmaf="97.498425" />
    <frame frameNum="70" adm2="0.970834" adm_scale0="0.957013" adm_scale1="0.926610" adm_scale2="0.967544" adm_scale3="0.990225" motion2="12.472349" vif_scale0="0.526366" vif_scale1="0.864635" vif_scale2="0.930026" vif_scale3="0.960287" vmaf="99.067562" />
    <frame frameNum="71" adm2="0.970945" adm_scale0="0.954705" adm_scale1="0.930396" adm_scale2="0.969846" adm_scale3="0.988190" motion2="12.472349" vif_scale0="0.532087" vif_scale1="0.866670" vif_scale2="0.929625" vif_scale3="0.959762" vmaf="99.044829" />
    <frame frameNum="72" adm2="0.965695" adm_scale0="0.954010" adm_scale1="0.925479" adm_scale2="0.963730" adm_scale3="0.983281" motion2="13.029011" vif_scale0="0.529246" vif_scale1="0.874328" vif_scale2="0.937429" vif_scale3="0.964997" vmaf="99.203729" />
    <frame frameNum="73" adm2="0.969517" adm_scale0="0.957525" adm_scale1="0.935663" adm_scale2="0.960681" adm_scale3="0.988869" motion2="12.860599" vif_scale0="0.518563" vif_scale1="0.859846" vif_scale2="0.926352" vif_scale3="0.957924" vmaf="98.819559" />
    <frame frameNum="74" adm2="0.974087" adm_scale0="0.961723" adm_scale1="0.936907" adm_scale2="0.971872" adm_scale3="0.990902" motion2="12.854736" vif_scale0="0.518977" vif_scale1="0.865078" vif_scale2="0.932365" vif_scale3="0.962047" vmaf="100.362033" />
    <frame frameNum="75" adm2="0.972548" adm_scale0="0.962462" adm_scale1="0.933758" adm_scale2="0.964315" adm_scale3="0.992005" motion2="12.854736" vif_scale0="0.519673" vif_scale1="0.860523" vif_scale2="0.927574" vif_scale3="0.958979" vmaf="99.595249" />
    <frame frameNum="76" adm2="0.977141" adm_scale0="0.964300" adm_scale1="0.932525" adm_scale2="0.977903" adm_scale3="0.993525" motion2="13.063421" vif_scale0="0.531443" vif_scale1="0.874063" vif_scale2="0.936929" vif_scale3="0.964511" vmaf="101.632527" />
    <frame frameNum="77" adm2="0.975565" adm_scale0="0.962660" adm_scale1="0.946977" adm_scale2="0.972740" adm_scale3="0.989309" motion2="12.974502" vif_scale0="0.522505" vif_scale1="0.864351" vif_scale2="0.929366" vif_scale3="0.959115" vmaf="100.449799" />
    <frame frameNum="78" adm2="0.977045" adm_scale0="0.961708" adm_scale1="0.939291" adm_scale2="0.972369" adm_scale3="0.995749" motion2="12.800354" vif_scale0="0.530019" vif_scale1="0.872270" vif_scale2="0.935086" vif_scale3="0.963268" vmaf="101.176011" />
    <frame frameNum="79" adm2="0.974396" adm_scale0="0.958388" adm_scale1="0.936464" adm_scale2="0.969119" adm_scale3="0.993683" motion2="12.800354" vif_scale0="0.522928" vif_scale1="0.861372" vif_scale2="0.925095" vif_scale3="0.954705" vmaf="99.510563" />
    <frame frameNum="80" adm2="0.982723" adm_scale0="0.963196" adm_scale1="0.942487" adm_scale2="0.983123" adm_scale3="0.999847" motion2="12.288285" vif_scale0="0.559291" vif_scale1="0.908360" vif_scale2="0.959544" vif_scale3="0.979211" vmaf="104.285532" />
    <frame frameNum="81" adm2="0.970267" adm_scale0="0.957912" adm_scale1="0.925252" adm_scale2="0.965078" adm_scale3="0.991119" motion2="12.156039" vif_scale0="0.525785" vif_scale1="0.871667" vif_scale2="0.934929" vif_scale3="0.963936" vmaf="99.122662" />
    <frame frameNum="82" adm2="0.965459" adm_scale0="0.953511" adm_scale1="0.917355" adm_scale2="0.959543" adm_scale3="0.987547" motion2="11.749644" vif_scale0="0.529509" vif_scale1="0.868351" vif_scale2="0.930691" vif_scale3="0.960529" vmaf="97.246087" />
    <frame frameNum="83" adm2="0.967234" adm_scale0="0.957682" adm_scale1="0.919817" adm_scale2="0.966510" adm_scale3="0.985810" motion2="11.213417" vif_scale0="0.522895" vif_scale1="0.866222" vif_scale2="0.930864" vif_scale3="0.961085" vmaf="97.120556" />
    <frame frameNum="84" adm2="0.974921" adm_scale0="0.959448" adm_scale1="0.935299" adm_scale2="0.972861" adm_scale3="0.993080" motion2="11.213417" vif_scale0="0.531079" vif_scale1="0.874719" vif_scale2="0.937693" vif_scale3="0.965816" vmaf="99.437404" />
    <frame frameNum="85" adm2="0.971268" adm_scale0="0.957422" adm_scale1="0.926436" adm_scale2="0.969818" adm_scale3="0.989746" motion2="10.529059" vif_scale0="0.516746" vif_scale1="0.863753" vif_scale2="0.929969" vif_scale3="0.960073" vmaf="97.155322" />
    <frame frameNum="86" adm2="0.968917" adm_scale0="0.955406" adm_scale1="0.925823" adm_scale2="0.964607" adm_scale3="0.988619" motion2="9.761002" vif_scale0="0.518245" vif_scale1="0.865408" vif_scale2="0.932092" vif_scale3="0.962087" vmaf="96.094413" />
    <frame frameNum="87" adm2="0.967843" adm_scale0="0.955932" adm_scale1="0.931223" adm_scale2="0.960274" adm_scale3="0.987148" motion2="9.214196" vif_scale0="0.516216" vif_scale1="0.861545" vif_scale2="0.928599" vif_scale3="0.959269" vmaf="94.916604" />
    <frame frameNum="88" adm2="0.974815" adm_scale0="0.957715" adm_scale1="0.935128" adm_scale2="0.975001" adm_scale3="0.992821" motion2="8.763312" vif_scale0="0.515838" vif_scale1="0.874848" vif_scale2="0.940930" vif_scale3="0.969089" vmaf="97.217483" />
    <frame frameNum="89" adm2="0.967873" adm_scale0="0.954449" adm_scale1="0.922741" adm_scale2="0.961989" adm_scale3="0.990404" motion2="8.763312" vif_scale0="0.509234" vif_scale1="0.861678" vif_scale2="0.930349" vif_scale3="0.960364" vmaf="94.595366" />
    <frame frameNum="90" adm2="0.974149" adm_scale0="0.958586" adm_scale1="0.933170" adm_scale2="0.973731" adm_scale3="0.992728" motion2="8.124693" vif_scale0="0.514632" vif_scale1="0.868538" vif_scale2="0.935172" vif_scale3="0.964484" vmaf="95.774497" />
    <frame frameNum="91" adm2="0.973542" adm_scale0="0.958178" adm_scale1="0.931095" adm_scale2="0.969922" adm_scale3="0.992686" motion2="8.066119" vif_scale0="0.503665" vif_scale1="0.860377" vif_scale2="0.930583" vif_scale3="0.961224" vmaf="95.130257" />
    <frame frameNum="92" adm2="0.975971" adm_scale0="0.958684" adm_scale1="0.937033" adm_scale2="0.979053" adm_scale3="0.992432" motion2="7.910059" vif_scale0="0.508540" vif_scale1="0.869087" vif_scale2="0.937752" vif_scale3="0.966186" vmaf="96.172218" />
    <frame frameNum="93" adm2="0.971575" adm_scale0="0.954929" adm_scale1="0.925488" adm_scale2="0.968323" adm_scale3="0.993667" motion2="7.162950" vif_scale0="0.486667" vif_scale1="0.854574" vif_scale2="0.928547" vif_scale3="0.959348" vmaf="93.492249" />
    <frame frameNum="94" adm2="0.978470" adm_scale0="0.960006" adm_scale1="0.940051" adm_scale2="0.977371" adm_scale3="0.996875" motion2="6.881777" vif_scale0="0.491431" vif_scale1="0.858612" vif_scale2="0.931328" vif_scale3="0.962143" vmaf="94.988249" />
    <frame frameNum="95" adm2="0.976179" adm_scale0="0.956052" adm_scale1="0.936635" adm_scale2="0.977527" adm_scale3="0.994172" motion2="6.881777" vif_scale0="0.480293" vif_scale1="0.854318" vif_scale2="0.929265" vif_scale3="0.961120" vmaf="94.336846" />
    <frame frameNum="96" adm2="0.983851" adm_scale0="0.961835" adm_scale1="0.954416" adm_scale2="0.983790" adm_scale3="1.000331" motion2="6.838077" vif_scale0="0.510574" vif_scale1="0.883503" vif_scale2="0.948564" vif_scale3="0.973207" vmaf="97.702034" />
    <frame frameNum="97" adm2="0.971937" adm_scale0="0.956382" adm_scale1="0.931365" adm_scale2="0.974438" adm_scale3="0.988694" motion2="6.494508" vif_scale0="0.497572" vif_scale1="0.860214" vif_scale2="0.930950" vif_scale3="0.962029" vmaf="93.131036" />
    <frame frameNum="98" adm2="0.978086" adm_scale0="0.959601" adm_scale1="0.940199" adm_scale2="0.980137" adm_scale3="0.995029" motion2="6.203431" vif_scale0="0.500144" vif_scale1="0.862636" vif_scale2="0.933276" vif_scale3="0.963913" vmaf="94.363656" />
    <frame frameNum="99" adm2="0.976823" adm_scale0="0.957712" adm_scale1="0.938817" adm_scale2="0.979113" adm_scale3="0.993340" motion2="6.203431" vif_scale0="0.500084" vif_scale1="0.860868" vif_scale2="0.931150" vif_scale3="0.961499" vmaf="93.815399" />
    <frame frameNum="100" adm2="0.987701" adm_scale0="0.963863" adm_scale1="0.954056" adm_scale2="0.993217" adm_scale3="1.002213" motion2="6.836185" vif_scale0="0.494798" vif_scale1="0.863746" vif_scale2="0.935072" vif_scale3="0.965097" vmaf="97.305581" />
    <frame frameNum="101" adm2="0.976359" adm_scale0="0.960207" adm_scale1="0.934045" adm_scale2="0.979581" adm_scale3="0.993272" motion2="7.031013" vif_scale0="0.492578" vif_scale1="0.855649" vif_scale2="0.928710" vif_scale3="0.960668" vmaf="94.476679" />
    <frame frameNum="102" adm2="0.978089" adm_scale0="0.961454" adm_scale1="0.945464" adm_scale2="0.981555" adm_scale3="0.992427" motion2="7.301840" vif_scale0="0.509918" vif_scale1="0.867579" vif_scale2="0.934654" vif_scale3="0.963729" vmaf="95.634025" />
    <frame frameNum="103" adm2="0.976022" adm_scale0="0.959168" adm_scale1="0.942999" adm_scale2="0.972470" adm_scale3="0.993904" motion2="7.677040" vif_scale0="0.508397" vif_scale1="0.861979" vif_scale2="0.930110" vif_scale3="0.961349" vmaf="95.226494" />
    <frame frameNum="104" adm2="0.982519" adm_scale0="0.966114" adm_scale1="0.953857" adm_scale2="0.985612" adm_scale3="0.995295" motion2="8.242241" vif_scale0="0.530263" vif_scale1="0.879370" vif_scale2="0.941411" vif_scale3="0.967210" vmaf="98.190868" />
    <frame frameNum="105" adm2="0.978815" adm_scale0="0.962030" adm_scale1="0.943454" adm_scale2="0.982149" adm_scale3="0.993968" motion2="8.252743" vif_scale0="0.513844" vif_scale1="0.865735" vif_scale2="0.932371" vif_scale3="0.961032" vmaf="96.526969" />
    <frame frameNum="106" adm2="0.977952" adm_scale0="0.962560" adm_scale1="0.949263" adm_scale2="0.979088" adm_scale3="0.992296" motion2="8.197223" vif_scale0="0.527690" vif_scale1="0.871914" vif_scale2="0.934742" vif_scale3="0.963191" vmaf="96.556053" />
    <frame frameNum="107" adm2="0.977935" adm_scale0="0.961770" adm_scale1="0.948413" adm_scale2="0.978599" adm_scale3="0.991678" motion2="8.151590" vif_scale0="0.536991" vif_scale1="0.874292" vif_scale2="0.934317" vif_scale3="0.961310" vmaf="96.341986" />
    <frame frameNum="108" adm2="0.983351" adm_scale0="0.964143" adm_scale1="0.950617" adm_scale2="0.985997" adm_scale3="0.998812" motion2="8.151590" vif_scale0="0.534846" vif_scale1="0.882356" vif_scale2="0.942556" vif_scale3="0.967999" vmaf="98.386236" />
    <frame frameNum="109" adm2="0.979131" adm_scale0="0.962631" adm_scale1="0.949387" adm_scale2="0.977731" adm_scale3="0.995535" motion2="8.173396" vif_scale0="0.536390" vif_scale1="0.876306" vif_scale2="0.937283" vif_scale3="0.964847" vmaf="97.025756" />
    <frame frameNum="110" adm2="0.981562" adm_scale0="0.964885" adm_scale1="0.957153" adm_scale2="0.985258" adm_scale3="0.992677" motion2="7.728574" vif_scale0="0.539059" vif_scale1="0.879764" vif_scale2="0.939895" vif_scale3="0.965940" vmaf="97.258016" />
    <frame frameNum="111" adm2="0.981123" adm_scale0="0.965833" adm_scale1="0.953231" adm_scale2="0.983602" adm_scale3="0.993878" motion2="7.173264" vif_scale0="0.535775" vif_scale1="0.877289" vif_scale2="0.938200" vif_scale3="0.965325" vmaf="96.421964" />
    <frame frameNum="112" adm2="0.992231" adm_scale0="0.973393" adm_scale1="0.974240" adm_scale2="0.997418" adm_scale3="1.001406" motion2="6.855636" vif_scale0="0.570671" vif_scale1="0.912282" vif_scale2="0.960478" vif_scale3="0.978306" vmaf="100.500095" />
    <frame frameNum="113" adm2="0.979839" adm_scale0="0.964384" adm_scale1="0.952394" adm_scale2="0.977428" adm_scale3="0.996047" motion2="6.519027" vif_scale0="0.533609" vif_scale1="0.879626" vif_scale2="0.940220" vif_scale3="0.965937" vmaf="95.544624" />
    <frame frameNum="114" adm2="0.979932" adm_scale0="0.960476" adm_scale1="0.954865" adm_scale2="0.980382" adm_scale3="0.994454" motion2="6.067085" vif_scale0="0.520535" vif_scale1="0.871733" vif_scale2="0.935450" vif_scale3="0.963843" vmaf="94.684905" />
    <frame frameNum="115" adm2="0.982940" adm_scale0="0.964367" adm_scale1="0.954418" adm_scale2="0.984396" adm_scale3="0.997425" motion2="5.705991" vif_scale0="0.543921" vif_scale1="0.882219" vif_scale2="0.940168" vif_scale3="0.966561" vmaf="95.328309" />
    <frame frameNum="116" adm2="0.987122" adm_scale0="0.970369" adm_scale1="0.964029" adm_scale2="0.990446" adm_scale3="0.998192" motion2="5.386418" vif_scale0="0.540022" vif_scale1="0.888022" vif_scale2="0.945957" vif_scale3="0.970925" vmaf="96.457267" />
    <frame frameNum="117" adm2="0.982337" adm_scale0="0.964912" adm_scale1="0.968304" adm_scale2="0.981653" adm_scale3="0.992889" motion2="5.075470" vif_scale0="0.533109" vif_scale1="0.879379" vif_scale2="0.939903" vif_scale3="0.967116" vmaf="94.504444" />
    <frame frameNum="118" adm2="0.987302" adm_scale0="0.967058" adm_scale1="0.968112" adm_scale2="0.991281" adm_scale3="0.997180" motion2="4.830062" vif_scale0="0.527197" vif_scale1="0.880369" vif_scale2="0.941891" vif_scale3="0.968703" vmaf="95.500684" />
    <frame frameNum="119" adm2="0.982186" adm_scale0="0.965548" adm_scale1="0.957692" adm_scale2="0.981684" adm_scale3="0.995839" motion2="4.830062" vif_scale0="0.517463" vif_scale1="0.872366" vif_scale2="0.937198" vif_scale3="0.966458" vmaf="94.028027" />
    <frame frameNum="120" adm2="0.983585" adm_scale0="0.966436" adm_scale1="0.960959" adm_scale2="0.984451" adm_scale3="0.996020" motion2="4.543947" vif_scale0="0.536636" vif_scale1="0.890195" vif_scale2="0.947121" vif_scale3="0.970808" vmaf="94.758072" />
    <frame frameNum="121" adm2="0.983022" adm_scale0="0.966225" adm_scale1="0.952846" adm_scale2="0.981634" adm_scale3="0.999897" motion2="4.543947" vif_scale0="0.509654" vif_scale1="0.871194" vif_scale2="0.937559" vif_scale3="0.966241" vmaf="93.879787" />
    <frame frameNum="122" adm2="0.990669" adm_scale0="0.967427" adm_scale1="0.964762" adm_scale2="0.997129" adm_scale3="1.002399" motion2="4.681951" vif_scale0="0.519193" vif_scale1="0.879177" vif_scale2="0.942145" vif_scale3="0.968894" vmaf="96.083019" />
    <frame frameNum="123" adm2="0.985501" adm_scale0="0.965124" adm_scale1="0.961041" adm_scale2="0.986645" adm_scale3="0.999585" motion2="4.436007" vif_scale0="0.511907" vif_scale1="0.872327" vif_scale2="0.937555" vif_scale3="0.965947" vmaf="94.261143" />
    <frame frameNum="124" adm2="0.987991" adm_scale0="0.968165" adm_scale1="0.968213" adm_scale2="0.992850" adm_scale3="0.997578" motion2="4.410894" vif_scale0="0.517088" vif_scale1="0.883728" vif_scale2="0.945953" vif_scale3="0.971720" vmaf="95.581363" />
    <frame frameNum="125" adm2="0.982765" adm_scale0="0.966371" adm_scale1="0.960652" adm_scale2="0.982309" adm_scale3="0.995580" motion2="4.410894" vif_scale0="0.522648" vif_scale1="0.878618" vif_scale2="0.940710" vif_scale3="0.967723" vmaf="93.911136" />
    <frame frameNum="126" adm2="0.985317" adm_scale0="0.968809" adm_scale1="0.963907" adm_scale2="0.982048" adm_scale3="0.999521" motion2="4.462180" vif_scale0="0.527529" vif_scale1="0.881708" vif_scale2="0.942602" vif_scale3="0.968387" vmaf="94.650044" />
    <frame frameNum="127" adm2="0.981368" adm_scale0="0.965979" adm_scale1="0.957255" adm_scale2="0.979649" adm_scale3="0.995458" motion2="4.368739" vif_scale0="0.516716" vif_scale1="0.877907" vif_scale2="0.941550" vif_scale3="0.968245" vmaf="93.643831" />
    <frame frameNum="128" adm2="0.983865" adm_scale0="0.967502" adm_scale1="0.962301" adm_scale2="0.982566" adm_scale3="0.997491" motion2="4.368739" vif_scale0="0.544641" vif_scale1="0.901168" vif_scale2="0.955409" vif_scale3="0.977052" vmaf="95.469634" />
    <frame frameNum="129" adm2="0.982182" adm_scale0="0.967286" adm_scale1="0.958017" adm_scale2="0.984991" adm_scale3="0.992992" motion2="4.662647" vif_scale0="0.536875" vif_scale1="0.883169" vif_scale2="0.941700" vif_scale3="0.967220" vmaf="94.074700" />
    <frame frameNum="130" adm2="0.988076" adm_scale0="0.967394" adm_scale1="0.962809" adm_scale2="0.990573" adm_scale3="1.001494" motion2="4.662647" vif_scale0="0.522180" vif_scale1="0.879630" vif_scale2="0.942403" vif_scale3="0.968996" vmaf="95.519712" />
    <frame frameNum="131" adm2="0.980451" adm_scale0="0.962607" adm_scale1="0.951901" adm_scale2="0.978649" adm_scale3="0.996358" motion2="4.836417" vif_scale0="0.512387" vif_scale1="0.870935" vif_scale2="0.936523" vif_scale3="0.964945" vmaf="93.520240" />
    <frame frameNum="132" adm2="0.988504" adm_scale0="0.970129" adm_scale1="0.962217" adm_scale2="0.991172" adm_scale3="1.001366" motion2="5.031696" vif_scale0="0.533159" vif_scale1="0.883582" vif_scale2="0.944755" vif_scale3="0.970514" vmaf="96.257481" />
    <frame frameNum="133" adm2="0.979981" adm_scale0="0.962395" adm_scale1="0.958183" adm_scale2="0.983142" adm_scale3="0.990793" motion2="5.123641" vif_scale0="0.505150" vif_scale1="0.867962" vif_scale2="0.936203" vif_scale3="0.965695" vmaf="93.801089" />
    <frame frameNum="134" adm2="0.981089" adm_scale0="0.963552" adm_scale1="0.953339" adm_scale2="0.979611" adm_scale3="0.996704" motion2="5.137451" vif_scale0="0.512938" vif_scale1="0.875276" vif_scale2="0.940673" vif_scale3="0.968549" vmaf="94.464845" />
    <frame frameNum="135" adm2="0.981791" adm_scale0="0.963981" adm_scale1="0.951440" adm_scale2="0.983266" adm_scale3="0.996628" motion2="5.556020" vif_scale0="0.523494" vif_scale1="0.873089" vif_scale2="0.937224" vif_scale3="0.964620" vmaf="94.634443" />
    <frame frameNum="136" adm2="0.979714" adm_scale0="0.961754" adm_scale1="0.949647" adm_scale2="0.980017" adm_scale3="0.994687" motion2="5.698411" vif_scale0="0.537852" vif_scale1="0.885947" vif_scale2="0.945212" vif_scale3="0.970284" vmaf="95.138696" />
    <frame frameNum="137" adm2="0.985602" adm_scale0="0.963126" adm_scale1="0.953695" adm_scale2="0.988435" adm_scale3="1.000932" motion2="5.907775" vif_scale0="0.532051" vif_scale1="0.876308" vif_scale2="0.937988" vif_scale3="0.965323" vmaf="95.942803" />
    <frame frameNum="138" adm2="0.982800" adm_scale0="0.961628" adm_scale1="0.946633" adm_scale2="0.984680" adm_scale3="0.999563" motion2="6.206720" vif_scale0="0.508971" vif_scale1="0.872217" vif_scale2="0.939159" vif_scale3="0.967502" vmaf="95.907733" />
    <frame frameNum="139" adm2="0.980227" adm_scale0="0.962266" adm_scale1="0.952531" adm_scale2="0.984998" adm_scale3="0.991469" motion2="6.419833" vif_scale0="0.517571" vif_scale1="0.874254" vif_scale2="0.939015" vif_scale3="0.966868" vmaf="95.537958" />
    <frame frameNum="140" adm2="0.979182" adm_scale0="0.960635" adm_scale1="0.939504" adm_scale2="0.982427" adm_scale3="0.994835" motion2="6.691042" vif_scale0="0.527831" vif_scale1="0.881255" vif_scale2="0.943620" vif_scale3="0.969428" vmaf="96.018423" />
    <frame frameNum="141" adm2="0.981165" adm_scale0="0.964195" adm_scale1="0.948422" adm_scale2="0.981249" adm_scale3="0.996730" motion2="7.202104" vif_scale0="0.539437" vif_scale1="0.880923" vif_scale2="0.941045" vif_scale3="0.966728" vmaf="96.697288" />
    <frame frameNum="142" adm2="0.980641" adm_scale0="0.960783" adm_scale1="0.945946" adm_scale2="0.982353" adm_scale3="0.996639" motion2="7.314528" vif_scale0="0.533370" vif_scale1="0.881242" vif_scale2="0.942329" vif_scale3="0.968633" vmaf="96.914199" />
    <frame frameNum="143" adm2="0.979648" adm_scale0="0.964268" adm_scale1="0.943651" adm_scale2="0.976450" adm_scale3="0.996915" motion2="7.495216" vif_scale0="0.550099" vif_scale1="0.884824" vif_scale2="0.942747" vif_scale3="0.967324" vmaf="96.822867" />
    <frame frameNum="144" adm2="0.983056" adm_scale0="0.967566" adm_scale1="0.953616" adm_scale2="0.985346" adm_scale3="0.995603" motion2="7.396393" vif_scale0="0.593778" vif_scale1="0.920883" vif_scale2="0.964348" vif_scale3="0.979987" vmaf="99.456423" />
    <frame frameNum="145" adm2="0.974243" adm_scale0="0.956750" adm_scale1="0.934005" adm_scale2="0.971142" adm_scale3="0.993684" motion2="7.396393" vif_scale0="0.553472" vif_scale1="0.883533" vif_scale2="0.941052" vif_scale3="0.966313" vmaf="95.396390" />
    <frame frameNum="146" adm2="0.978710" adm_scale0="0.961642" adm_scale1="0.942369" adm_scale2="0.974369" adm_scale3="0.997518" motion2="7.952742" vif_scale0="0.560699" vif_scale1="0.893953" vif_scale2="0.948622" vif_scale3="0.972135" vmaf="97.774496" />
    <frame frameNum="147" adm2="0.977653" adm_scale0="0.960402" adm_scale1="0.939798" adm_scale2="0.972133" adm_scale3="0.996854" motion2="8.263140" vif_scale0="0.564237" vif_scale1="0.886131" vif_scale2="0.941850" vif_scale3="0.966215" vmaf="97.128278" />
    <frame frameNum="148" adm2="0.981808" adm_scale0="0.964178" adm_scale1="0.947294" adm_scale2="0.986136" adm_scale3="0.994842" motion2="8.254028" vif_scale0="0.561223" vif_scale1="0.886941" vif_scale2="0.943211" vif_scale3="0.967436" vmaf="98.167169" />
    <frame frameNum="149" adm2="0.981253" adm_scale0="0.962501" adm_scale1="0.939046" adm_scale2="0.982989" adm_scale3="0.999055" motion2="8.254028" vif_scale0="0.566335" vif_scale1="0.898183" vif_scale2="0.951205" vif_scale3="0.972366" vmaf="98.795959" />
  </frames>
</VMAF>
