<VMAF version="47950a6">
  <params qualityWidth="1280" qualityHeight="720" />
  <fyi fps="14.36" />
  <frames>
    <frame frameNum="0" adm2="1.026435" adm_scale0="0.993958" adm_scale1="1.040034" adm_scale2="1.036089" adm_scale3="1.023336" motion2="0.000000" vif_scale0="0.574610" vif_scale1="0.915974" vif_scale2="0.964916" vif_scale3="0.982647" vmaf="100.128153" />
    <frame frameNum="1" adm2="0.996350" adm_scale0="0.973188" adm_scale1="0.988553" adm_scale2="0.995729" adm_scale3="1.005936" motion2="5.639671" vif_scale0="0.494803" vif_scale1="0.852902" vif_scale2="0.923138" vif_scale3="0.955671" vmaf="96.575713" />
    <frame frameNum="2" adm2="0.991967" adm_scale0="0.975290" adm_scale1="0.980421" adm_scale2="0.995478" adm_scale3="0.998477" motion2="5.106677" vif_scale0="0.497381" vif_scale1="0.854275" vif_scale2="0.923710" vif_scale3="0.956486" vmaf="95.111912" />
    <frame frameNum="3" adm2="0.987951" adm_scale0="0.971785" adm_scale1="0.978137" adm_scale2="0.991070" adm_scale3="0.993865" motion2="4.350933" vif_scale0="0.477759" vif_scale1="0.840972" vif_scale2="0.915118" vif_scale3="0.950774" vmaf="92.607309" />
    <frame frameNum="4" adm2="0.994226" adm_scale0="0.973182" adm_scale1="0.980103" adm_scale2="0.994784" adm_scale3="1.004576" motion2="3.279224" vif_scale0="0.468962" vif_scale1="0.847228" vif_scale2="0.922952" vif_scale3="0.957789" vmaf="93.577044" />
    <frame frameNum="5" adm2="0.992094" adm_scale0="0.972246" adm_scale1="0.979824" adm_scale2="1.000169" adm_scale3="0.996385" motion2="3.279224" vif_scale0="0.462292" vif_scale1="0.836601" vif_scale2="0.913767" vif_scale3="0.950731" vmaf="92.212093" />
    <frame frameNum="6" adm2="0.991671" adm_scale0="0.972169" adm_scale1="0.980719" adm_scale2="0.997753" adm_scale3="0.996834" motion2="4.885628" vif_scale0="0.480224" vif_scale1="0.845008" vif_scale2="0.918372" vif_scale3="0.953429" vmaf="94.352450" />
    <frame frameNum="7" adm2="0.991384" adm_scale0="0.974307" adm_scale1="0.986051" adm_scale2="0.997013" adm_scale3="0.994110" motion2="4.776041" vif_scale0="0.494343" vif_scale1="0.842020" vif_scale2="0.913252" vif_scale3="0.949756" vmaf="93.655911" />
    <frame frameNum="8" adm2="1.002276" adm_scale0="0.980124" adm_scale1="0.995479" adm_scale2="1.009628" adm_scale3="1.005847" motion2="4.056862" vif_scale0="0.481355" vif_scale1="0.860052" vif_scale2="0.931430" vif_scale3="0.963379" vmaf="96.984623" />
    <frame frameNum="9" adm2="0.990717" adm_scale0="0.973190" adm_scale1="0.967502" adm_scale2="0.998026" adm_scale3="0.999307" motion2="4.056862" vif_scale0="0.469960" vif_scale1="0.841739" vif_scale2="0.917615" vif_scale3="0.953217" vmaf="93.159515" />
    <frame frameNum="10" adm2="0.990684" adm_scale0="0.970726" adm_scale1="0.969282" adm_scale2="1.001031" adm_scale3="0.997096" motion2="6.112095" vif_scale0="0.482303" vif_scale1="0.841876" vif_scale2="0.915472" vif_scale3="0.949672" vmaf="95.121898" />
    <frame frameNum="11" adm2="0.986923" adm_scale0="0.972534" adm_scale1="0.962466" adm_scale2="0.992696" adm_scale3="0.996108" motion2="4.545020" vif_scale0="0.466258" vif_scale1="0.836245" vif_scale2="0.912368" vif_scale3="0.949939" vmaf="92.451980" />
    <frame frameNum="12" adm2="0.996305" adm_scale0="0.971842" adm_scale1="0.987870" adm_scale2="1.000746" adm_scale3="1.003086" motion2="3.989195" vif_scale0="0.471015" vif_scale1="0.849430" vif_scale2="0.923744" vif_scale3="0.957861" vmaf="94.885715" />
    <frame frameNum="13" adm2="0.991827" adm_scale0="0.971649" adm_scale1="0.975294" adm_scale2="0.995928" adm_scale3="1.000741" motion2="3.152309" vif_scale0="0.474595" vif_scale1="0.843988" vif_scale2="0.917165" vif_scale3="0.952735" vmaf="92.276876" />
    <frame frameNum="14" adm2="0.995054" adm_scale0="0.974402" adm_scale1="0.977848" adm_scale2="1.000682" adm_scale3="1.003268" motion2="3.152309" vif_scale0="0.476951" vif_scale1="0.852228" vif_scale2="0.925166" vif_scale3="0.958302" vmaf="93.723406" />
    <frame frameNum="15" adm2="0.992624" adm_scale0="0.970649" adm_scale1="0.977190" adm_scale2="0.997817" adm_scale3="1.000857" motion2="3.406580" vif_scale0="0.474838" vif_scale1="0.850196" vif_scale2="0.923096" vif_scale3="0.957464" vmaf="93.355771" />
    <frame frameNum="16" adm2="1.007488" adm_scale0="0.985761" adm_scale1="1.001616" adm_scale2="1.011780" adm_scale3="1.012502" motion2="4.074044" vif_scale0="0.509841" vif_scale1="0.886872" vif_scale2="0.950407" vif_scale3="0.975374" vmaf="99.874104" />
    <frame frameNum="17" adm2="0.995686" adm_scale0="0.972767" adm_scale1="0.984218" adm_scale2="1.001890" adm_scale3="1.001904" motion2="3.065302" vif_scale0="0.482905" vif_scale1="0.855375" vif_scale2="0.926826" vif_scale3="0.960324" vmaf="93.973265" />
    <frame frameNum="18" adm2="0.994654" adm_scale0="0.973352" adm_scale1="0.975381" adm_scale2="0.999825" adm_scale3="1.003943" motion2="3.065302" vif_scale0="0.481482" vif_scale1="0.853086" vif_scale2="0.925719" vif_scale3="0.959322" vmaf="93.630461" />
    <frame frameNum="19" adm2="0.997365" adm_scale0="0.976206" adm_scale1="0.987291" adm_scale2="0.999478" adm_scale3="1.005691" motion2="3.216635" vif_scale0="0.478162" vif_scale1="0.852665" vif_scale2="0.925834" vif_scale3="0.958526" vmaf="94.336367" />
    <frame frameNum="20" adm2="1.001892" adm_scale0="0.983979" adm_scale1="0.992006" adm_scale2="1.014282" adm_scale3="1.002337" motion2="2.992759" vif_scale0="0.480293" vif_scale1="0.862356" vif_scale2="0.934195" vif_scale3="0.965067" vmaf="95.900819" />
    <frame frameNum="21" adm2="0.998546" adm_scale0="0.976214" adm_scale1="0.983370" adm_scale2="1.007850" adm_scale3="1.004191" motion2="2.992759" vif_scale0="0.471105" vif_scale1="0.849409" vif_scale2="0.924142" vif_scale3="0.958287" vmaf="94.246836" />
    <frame frameNum="22" adm2="0.997853" adm_scale0="0.978996" adm_scale1="0.991636" adm_scale2="1.009120" adm_scale3="0.997798" motion2="3.364288" vif_scale0="0.464919" vif_scale1="0.847641" vif_scale2="0.924544" vif_scale3="0.959177" vmaf="94.631623" />
    <frame frameNum="23" adm2="0.999093" adm_scale0="0.978018" adm_scale1="1.002919" adm_scale2="1.006110" adm_scale3="0.998759" motion2="2.941125" vif_scale0="0.461384" vif_scale1="0.843925" vif_scale2="0.921740" vif_scale3="0.957140" vmaf="94.130682" />
    <frame frameNum="24" adm2="1.002495" adm_scale0="0.980742" adm_scale1="0.992942" adm_scale2="1.005981" adm_scale3="1.009720" motion2="2.941125" vif_scale0="0.476619" vif_scale1="0.860458" vif_scale2="0.934378" vif_scale3="0.965623" vmaf="96.024406" />
    <frame frameNum="25" adm2="0.994671" adm_scale0="0.977828" adm_scale1="0.986124" adm_scale2="1.000273" adm_scale3="0.998865" motion2="2.852221" vif_scale0="0.468205" vif_scale1="0.847986" vif_scale2="0.924729" vif_scale3="0.959167" vmaf="93.351378" />
    <frame frameNum="26" adm2="1.001687" adm_scale0="0.978334" adm_scale1="1.000530" adm_scale2="1.007233" adm_scale3="1.004951" motion2="2.776766" vif_scale0="0.471578" vif_scale1="0.850690" vif_scale2="0.925869" vif_scale3="0.958980" vmaf="94.787279" />
    <frame frameNum="27" adm2="1.001555" adm_scale0="0.984859" adm_scale1="0.998939" adm_scale2="1.013299" adm_scale3="0.999368" motion2="2.509950" vif_scale0="0.464826" vif_scale1="0.844263" vif_scale2="0.921719" vif_scale3="0.957016" vmaf="94.129389" />
    <frame frameNum="28" adm2="1.002549" adm_scale0="0.982983" adm_scale1="0.997459" adm_scale2="1.014366" adm_scale3="1.001864" motion2="2.509950" vif_scale0="0.471171" vif_scale1="0.852894" vif_scale2="0.928428" vif_scale3="0.961290" vmaf="94.942165" />
    <frame frameNum="29" adm2="1.000692" adm_scale0="0.976018" adm_scale1="0.994460" adm_scale2="1.017006" adm_scale3="0.998830" motion2="2.816446" vif_scale0="0.464617" vif_scale1="0.839332" vif_scale2="0.917006" vif_scale3="0.952166" vmaf="93.738877" />
    <frame frameNum="30" adm2="0.999028" adm_scale0="0.981843" adm_scale1="0.998565" adm_scale2="1.003189" adm_scale3="1.001280" motion2="2.816446" vif_scale0="0.472105" vif_scale1="0.848287" vif_scale2="0.924615" vif_scale3="0.957494" vmaf="94.097501" />
    <frame frameNum="31" adm2="1.001777" adm_scale0="0.974358" adm_scale1="0.991002" adm_scale2="1.017437" adm_scale3="1.002939" motion2="2.870256" vif_scale0="0.463193" vif_scale1="0.847333" vif_scale2="0.925304" vif_scale3="0.959773" vmaf="94.969274" />
    <frame frameNum="32" adm2="1.011987" adm_scale0="0.982200" adm_scale1="1.005467" adm_scale2="1.025995" adm_scale3="1.013374" motion2="2.870256" vif_scale0="0.494547" vif_scale1="0.876738" vif_scale2="0.946501" vif_scale3="0.973591" vmaf="99.105427" />
    <frame frameNum="33" adm2="1.002366" adm_scale0="0.976463" adm_scale1="0.992827" adm_scale2="1.015659" adm_scale3="1.004322" motion2="4.198459" vif_scale0="0.467125" vif_scale1="0.843008" vif_scale2="0.920672" vif_scale3="0.955314" vmaf="96.103955" />
    <frame frameNum="34" adm2="0.998312" adm_scale0="0.977513" adm_scale1="0.996851" adm_scale2="1.001776" adm_scale3="1.002319" motion2="4.198459" vif_scale0="0.464259" vif_scale1="0.840733" vif_scale2="0.919027" vif_scale3="0.955215" vmaf="95.165782" />
    <frame frameNum="35" adm2="0.991263" adm_scale0="0.973579" adm_scale1="0.981820" adm_scale2="0.995894" adm_scale3="0.996631" motion2="5.916987" vif_scale0="0.464254" vif_scale1="0.832331" vif_scale2="0.912908" vif_scale3="0.951279" vmaf="95.062737" />
    <frame frameNum="36" adm2="0.992635" adm_scale0="0.976198" adm_scale1="0.982267" adm_scale2="1.001401" adm_scale3="0.995161" motion2="6.934131" vif_scale0="0.492258" vif_scale1="0.843460" vif_scale2="0.919442" vif_scale3="0.955031" vmaf="97.031396" />
    <frame frameNum="37" adm2="0.988953" adm_scale0="0.968749" adm_scale1="0.966318" adm_scale2="0.992714" adm_scale3="1.000036" motion2="7.691448" vif_scale0="0.485127" vif_scale1="0.832900" vif_scale2="0.911798" vif_scale3="0.949599" vmaf="96.345256" />
    <frame frameNum="38" adm2="0.990950" adm_scale0="0.972998" adm_scale1="0.970945" adm_scale2="1.002378" adm_scale3="0.995510" motion2="8.290002" vif_scale0="0.504203" vif_scale1="0.842468" vif_scale2="0.914611" vif_scale3="0.951157" vmaf="97.658152" />
    <frame frameNum="39" adm2="0.982101" adm_scale0="0.978646" adm_scale1="0.965604" adm_scale2="0.984271" adm_scale3="0.987245" motion2="9.201682" vif_scale0="0.510746" vif_scale1="0.844784" vif_scale2="0.913730" vif_scale3="0.948469" vmaf="96.501536" />
    <frame frameNum="40" adm2="0.993769" adm_scale0="0.976809" adm_scale1="0.992135" adm_scale2="1.000752" adm_scale3="0.994754" motion2="9.585089" vif_scale0="0.520132" vif_scale1="0.858796" vif_scale2="0.926072" vif_scale3="0.959526" vmaf="100.789391" />
    <frame frameNum="41" adm2="0.984866" adm_scale0="0.976358" adm_scale1="0.970471" adm_scale2="0.989037" adm_scale3="0.989450" motion2="9.823271" vif_scale0="0.511757" vif_scale1="0.844491" vif_scale2="0.914333" vif_scale3="0.950097" vmaf="97.902581" />
    <frame frameNum="42" adm2="0.982975" adm_scale0="0.976445" adm_scale1="0.971612" adm_scale2="0.979116" adm_scale3="0.990947" motion2="9.695138" vif_scale0="0.507918" vif_scale1="0.845803" vif_scale2="0.916309" vif_scale3="0.951726" vmaf="97.567339" />
    <frame frameNum="43" adm2="0.985092" adm_scale0="0.972872" adm_scale1="0.964171" adm_scale2="0.997432" adm_scale3="0.988293" motion2="9.695138" vif_scale0="0.508874" vif_scale1="0.846700" vif_scale2="0.915438" vif_scale3="0.951029" vmaf="97.931681" />
    <frame frameNum="44" adm2="0.990034" adm_scale0="0.975022" adm_scale1="0.988303" adm_scale2="0.995910" adm_scale3="0.991487" motion2="9.964064" vif_scale0="0.513576" vif_scale1="0.852003" vif_scale2="0.920147" vif_scale3="0.955590" vmaf="99.825660" />
    <frame frameNum="45" adm2="0.977771" adm_scale0="0.971546" adm_scale1="0.963050" adm_scale2="0.973442" adm_scale3="0.987184" motion2="9.690370" vif_scale0="0.512868" vif_scale1="0.844892" vif_scale2="0.913472" vif_scale3="0.950225" vmaf="96.219610" />
    <frame frameNum="46" adm2="0.982986" adm_scale0="0.971838" adm_scale1="0.962331" adm_scale2="0.981680" adm_scale3="0.994062" motion2="9.690370" vif_scale0="0.529612" vif_scale1="0.862038" vif_scale2="0.924448" vif_scale3="0.955971" vmaf="98.249896" />
    <frame frameNum="47" adm2="0.989299" adm_scale0="0.977198" adm_scale1="0.974474" adm_scale2="0.988500" adm_scale3="0.998188" motion2="9.335769" vif_scale0="0.533795" vif_scale1="0.864275" vif_scale2="0.924153" vif_scale3="0.954707" vmaf="99.122595" />
    <frame frameNum="48" adm2="1.007211" adm_scale0="0.983040" adm_scale1="1.002395" adm_scale2="1.015798" adm_scale3="1.010925" motion2="9.335769" vif_scale0="0.578349" vif_scale1="0.910875" vif_scale2="0.959882" vif_scale3="0.980150" vmaf="106.634532" />
    <frame frameNum="49" adm2="0.984704" adm_scale0="0.973320" adm_scale1="0.959571" adm_scale2="0.991674" adm_scale3="0.992167" motion2="9.337810" vif_scale0="0.539697" vif_scale1="0.870946" vif_scale2="0.929897" vif_scale3="0.958965" vmaf="98.716998" />
    <frame frameNum="50" adm2="0.981868" adm_scale0="0.975508" adm_scale1="0.951538" adm_scale2="0.984921" adm_scale3="0.991438" motion2="9.054583" vif_scale0="0.526529" vif_scale1="0.858574" vif_scale2="0.922975" vif_scale3="0.955704" vmaf="97.245169" />
    <frame frameNum="51" adm2="0.984174" adm_scale0="0.975073" adm_scale1="0.967096" adm_scale2="0.985560" adm_scale3="0.991316" motion2="9.041745" vif_scale0="0.520616" vif_scale1="0.856764" vif_scale2="0.922079" vif_scale3="0.954640" vmaf="97.602651" />
    <frame frameNum="52" adm2="0.994895" adm_scale0="0.977908" adm_scale1="0.977433" adm_scale2="1.003984" adm_scale3="0.999923" motion2="8.486893" vif_scale0="0.525772" vif_scale1="0.861693" vif_scale2="0.928331" vif_scale3="0.960445" vmaf="100.024289" />
    <frame frameNum="53" adm2="0.987754" adm_scale0="0.974484" adm_scale1="0.967049" adm_scale2="0.988871" adm_scale3="0.997807" motion2="7.573438" vif_scale0="0.499087" vif_scale1="0.839994" vif_scale2="0.914891" vif_scale3="0.951433" vmaf="96.224298" />
    <frame frameNum="54" adm2="0.988943" adm_scale0="0.977720" adm_scale1="0.962812" adm_scale2="1.001918" adm_scale3="0.992969" motion2="7.007406" vif_scale0="0.490390" vif_scale1="0.834983" vif_scale2="0.914106" vif_scale3="0.952355" vmaf="95.896942" />
    <frame frameNum="55" adm2="0.991896" adm_scale0="0.973881" adm_scale1="0.975851" adm_scale2="1.003923" adm_scale3="0.995096" motion2="6.151161" vif_scale0="0.471020" vif_scale1="0.824181" vif_scale2="0.910070" vif_scale3="0.951463" vmaf="95.357052" />
    <frame frameNum="56" adm2="1.002022" adm_scale0="0.983450" adm_scale1="0.973994" adm_scale2="1.021176" adm_scale3="1.004924" motion2="6.116088" vif_scale0="0.466203" vif_scale1="0.829945" vif_scale2="0.919123" vif_scale3="0.958475" vmaf="98.396817" />
    <frame frameNum="57" adm2="0.992430" adm_scale0="0.971696" adm_scale1="0.973989" adm_scale2="1.005207" adm_scale3="0.996575" motion2="6.116088" vif_scale0="0.466006" vif_scale1="0.820629" vif_scale2="0.909101" vif_scale3="0.950390" vmaf="95.315654" />
    <frame frameNum="58" adm2="0.989919" adm_scale0="0.973099" adm_scale1="0.975476" adm_scale2="0.990825" adm_scale3="0.999335" motion2="7.095902" vif_scale0="0.479557" vif_scale1="0.829246" vif_scale2="0.913265" vif_scale3="0.952538" vmaf="96.188863" />
    <frame frameNum="59" adm2="0.991874" adm_scale0="0.972894" adm_scale1="0.969047" adm_scale2="0.998407" adm_scale3="1.000896" motion2="7.340748" vif_scale0="0.478598" vif_scale1="0.829500" vif_scale2="0.912627" vif_scale3="0.951646" vmaf="96.780785" />
    <frame frameNum="60" adm2="0.993039" adm_scale0="0.974084" adm_scale1="0.963995" adm_scale2="1.001816" adm_scale3="1.002925" motion2="7.373094" vif_scale0="0.494050" vif_scale1="0.841497" vif_scale2="0.920109" vif_scale3="0.956437" vmaf="97.739103" />
    <frame frameNum="61" adm2="0.990452" adm_scale0="0.968313" adm_scale1="0.966112" adm_scale2="0.993604" adm_scale3="1.002387" motion2="7.932577" vif_scale0="0.490240" vif_scale1="0.836248" vif_scale2="0.915446" vif_scale3="0.952334" vmaf="97.287683" />
    <frame frameNum="62" adm2="0.987800" adm_scale0="0.966833" adm_scale1="0.964549" adm_scale2="0.984666" adm_scale3="1.003496" motion2="8.347490" vif_scale0="0.487201" vif_scale1="0.834952" vif_scale2="0.916015" vif_scale3="0.953766" vmaf="97.303294" />
    <frame frameNum="63" adm2="0.987522" adm_scale0="0.964495" adm_scale1="0.953016" adm_scale2="0.990732" adm_scale3="1.003120" motion2="8.881413" vif_scale0="0.489095" vif_scale1="0.836808" vif_scale2="0.917576" vif_scale3="0.954579" vmaf="97.942480" />
    <frame frameNum="64" adm2="1.000753" adm_scale0="0.972358" adm_scale1="0.978033" adm_scale2="1.003136" adm_scale3="1.014549" motion2="9.587723" vif_scale0="0.501681" vif_scale1="0.856579" vif_scale2="0.934417" vif_scale3="0.967097" vmaf="103.216955" />
    <frame frameNum="65" adm2="0.983054" adm_scale0="0.964767" adm_scale1="0.940282" adm_scale2="0.988872" adm_scale3="0.998771" motion2="10.133101" vif_scale0="0.477918" vif_scale1="0.828422" vif_scale2="0.913781" vif_scale3="0.952158" vmaf="97.954835" />
    <frame frameNum="66" adm2="0.985175" adm_scale0="0.964214" adm_scale1="0.947223" adm_scale2="0.987287" adm_scale3="1.001873" motion2="10.653828" vif_scale0="0.485990" vif_scale1="0.833474" vif_scale2="0.915155" vif_scale3="0.953277" vmaf="99.089264" />
    <frame frameNum="67" adm2="0.983620" adm_scale0="0.959729" adm_scale1="0.946078" adm_scale2="0.986067" adm_scale3="1.001451" motion2="11.115594" vif_scale0="0.496309" vif_scale1="0.833959" vif_scale2="0.912420" vif_scale3="0.950247" vmaf="98.892009" />
    <frame frameNum="68" adm2="0.990734" adm_scale0="0.963921" adm_scale1="0.950864" adm_scale2="0.996131" adm_scale3="1.007377" motion2="11.631356" vif_scale0="0.495753" vif_scale1="0.839955" vif_scale2="0.918880" vif_scale3="0.954866" vmaf="101.551800" />
    <frame frameNum="69" adm2="0.979712" adm_scale0="0.967481" adm_scale1="0.944542" adm_scale2="0.977422" adm_scale3="0.996317" motion2="11.631356" vif_scale0="0.509906" vif_scale1="0.843608" vif_scale2="0.916700" vif_scale3="0.951285" vmaf="98.848571" />
    <frame frameNum="70" adm2="0.983408" adm_scale0="0.962485" adm_scale1="0.945342" adm_scale2="0.982435" adm_scale3="1.001513" motion2="12.472349" vif_scale0="0.517451" vif_scale1="0.850929" vif_scale2="0.920439" vif_scale3="0.953747" vmaf="100.833828" />
    <frame frameNum="71" adm2="0.976573" adm_scale0="0.962512" adm_scale1="0.942553" adm_scale2="0.979742" adm_scale3="0.988921" motion2="12.472349" vif_scale0="0.525258" vif_scale1="0.853188" vif_scale2="0.919465" vif_scale3="0.952287" vmaf="99.233545" />
    <frame frameNum="72" adm2="0.983850" adm_scale0="0.965102" adm_scale1="0.951204" adm_scale2="0.986048" adm_scale3="0.998468" motion2="13.029011" vif_scale0="0.523845" vif_scale1="0.865854" vif_scale2="0.931824" vif_scale3="0.962086" vmaf="102.612454" />
    <frame frameNum="73" adm2="0.978742" adm_scale0="0.959904" adm_scale1="0.953492" adm_scale2="0.973706" adm_scale3="0.995056" motion2="12.860599" vif_scale0="0.512105" vif_scale1="0.848545" vif_scale2="0.918385" vif_scale3="0.952622" vmaf="100.037791" />
    <frame frameNum="74" adm2="0.977726" adm_scale0="0.963979" adm_scale1="0.946934" adm_scale2="0.976463" adm_scale3="0.992296" motion2="12.854736" vif_scale0="0.511270" vif_scale1="0.850754" vif_scale2="0.921599" vif_scale3="0.954979" vmaf="100.127628" />
    <frame frameNum="75" adm2="0.980547" adm_scale0="0.962728" adm_scale1="0.946429" adm_scale2="0.975175" adm_scale3="0.998989" motion2="12.854736" vif_scale0="0.516487" vif_scale1="0.853048" vif_scale2="0.921726" vif_scale3="0.954118" vmaf="100.679033" />
    <frame frameNum="76" adm2="0.984808" adm_scale0="0.971634" adm_scale1="0.951966" adm_scale2="0.986816" adm_scale3="0.997038" motion2="13.063421" vif_scale0="0.524369" vif_scale1="0.863583" vif_scale2="0.929581" vif_scale3="0.960055" vmaf="102.599165" />
    <frame frameNum="77" adm2="0.980000" adm_scale0="0.965488" adm_scale1="0.942194" adm_scale2="0.976530" adm_scale3="0.997339" motion2="12.974502" vif_scale0="0.516852" vif_scale1="0.853481" vif_scale2="0.921354" vif_scale3="0.954028" vmaf="100.657901" />
    <frame frameNum="78" adm2="0.981468" adm_scale0="0.964065" adm_scale1="0.941145" adm_scale2="0.982061" adm_scale3="0.998421" motion2="12.800354" vif_scale0="0.524337" vif_scale1="0.860963" vif_scale2="0.926370" vif_scale3="0.956838" vmaf="101.242823" />
    <frame frameNum="79" adm2="0.977317" adm_scale0="0.963415" adm_scale1="0.934411" adm_scale2="0.973720" adm_scale3="0.996573" motion2="12.800354" vif_scale0="0.521759" vif_scale1="0.856183" vif_scale2="0.921326" vif_scale3="0.952218" vmaf="99.783268" />
    <frame frameNum="80" adm2="0.997801" adm_scale0="0.970913" adm_scale1="0.957540" adm_scale2="0.998412" adm_scale3="1.016830" motion2="12.288285" vif_scale0="0.560833" vif_scale1="0.905540" vif_scale2="0.959463" vif_scale3="0.979835" vmaf="107.584984" />
    <frame frameNum="81" adm2="0.978804" adm_scale0="0.963663" adm_scale1="0.942083" adm_scale2="0.974637" adm_scale3="0.997194" motion2="12.156039" vif_scale0="0.523921" vif_scale1="0.866440" vif_scale2="0.931145" vif_scale3="0.961148" vmaf="100.569775" />
    <frame frameNum="82" adm2="0.973837" adm_scale0="0.959488" adm_scale1="0.926841" adm_scale2="0.968528" adm_scale3="0.995894" motion2="11.749644" vif_scale0="0.525389" vif_scale1="0.861984" vif_scale2="0.926406" vif_scale3="0.956868" vmaf="98.568484" />
    <frame frameNum="83" adm2="0.976448" adm_scale0="0.960448" adm_scale1="0.931772" adm_scale2="0.977288" adm_scale3="0.995030" motion2="11.213417" vif_scale0="0.521537" vif_scale1="0.861653" vif_scale2="0.927420" vif_scale3="0.957853" vmaf="98.695655" />
    <frame frameNum="84" adm2="0.986109" adm_scale0="0.968500" adm_scale1="0.943813" adm_scale2="0.987880" adm_scale3="1.003425" motion2="11.213417" vif_scale0="0.529705" vif_scale1="0.871186" vif_scale2="0.935950" vif_scale3="0.964330" vmaf="101.646342" />
    <frame frameNum="85" adm2="0.981190" adm_scale0="0.965483" adm_scale1="0.938078" adm_scale2="0.984825" adm_scale3="0.996713" motion2="10.529059" vif_scale0="0.516190" vif_scale1="0.858992" vif_scale2="0.925208" vif_scale3="0.955850" vmaf="98.753048" />
    <frame frameNum="86" adm2="0.981628" adm_scale0="0.964613" adm_scale1="0.944567" adm_scale2="0.983301" adm_scale3="0.996901" motion2="9.761002" vif_scale0="0.517534" vif_scale1="0.861926" vif_scale2="0.929375" vif_scale3="0.959174" vmaf="98.477496" />
    <frame frameNum="87" adm2="0.979469" adm_scale0="0.964201" adm_scale1="0.939782" adm_scale2="0.981755" adm_scale3="0.994938" motion2="9.214196" vif_scale0="0.514027" vif_scale1="0.855685" vif_scale2="0.924713" vif_scale3="0.956565" vmaf="97.032784" />
    <frame frameNum="88" adm2="0.986621" adm_scale0="0.968663" adm_scale1="0.953492" adm_scale2="0.995934" adm_scale3="0.997104" motion2="8.763312" vif_scale0="0.514281" vif_scale1="0.869136" vif_scale2="0.937583" vif_scale3="0.967051" vmaf="99.448566" />
    <frame frameNum="89" adm2="0.979849" adm_scale0="0.963975" adm_scale1="0.939357" adm_scale2="0.984659" adm_scale3="0.994969" motion2="8.763312" vif_scale0="0.508129" vif_scale1="0.855277" vif_scale2="0.925708" vif_scale3="0.958077" vmaf="96.787508" />
    <frame frameNum="90" adm2="0.987232" adm_scale0="0.966042" adm_scale1="0.948308" adm_scale2="0.994211" adm_scale3="1.002061" motion2="8.124693" vif_scale0="0.509595" vif_scale1="0.858725" vif_scale2="0.928791" vif_scale3="0.961352" vmaf="98.065225" />
    <frame frameNum="91" adm2="0.986959" adm_scale0="0.964824" adm_scale1="0.945952" adm_scale2="0.982318" adm_scale3="1.007983" motion2="8.066119" vif_scale0="0.499070" vif_scale1="0.851904" vif_scale2="0.924892" vif_scale3="0.957907" vmaf="97.508172" />
    <frame frameNum="92" adm2="0.987089" adm_scale0="0.967426" adm_scale1="0.958625" adm_scale2="0.989788" adm_scale3="1.000835" motion2="7.910059" vif_scale0="0.503304" vif_scale1="0.859416" vif_scale2="0.932176" vif_scale3="0.963165" vmaf="98.082595" />
    <frame frameNum="93" adm2="0.982020" adm_scale0="0.963289" adm_scale1="0.945932" adm_scale2="0.980020" adm_scale3="1.000554" motion2="7.162950" vif_scale0="0.486162" vif_scale1="0.849171" vif_scale2="0.925082" vif_scale3="0.958014" vmaf="95.478478" />
    <frame frameNum="94" adm2="0.990083" adm_scale0="0.966077" adm_scale1="0.960459" adm_scale2="0.994984" adm_scale3="1.003377" motion2="6.881777" vif_scale0="0.489403" vif_scale1="0.853320" vif_scale2="0.928071" vif_scale3="0.961184" vmaf="97.265453" />
    <frame frameNum="95" adm2="0.987694" adm_scale0="0.966908" adm_scale1="0.951125" adm_scale2="0.991125" adm_scale3="1.003614" motion2="6.881777" vif_scale0="0.477763" vif_scale1="0.846428" vif_scale2="0.924087" vif_scale3="0.958843" vmaf="96.408821" />
    <frame frameNum="96" adm2="1.002403" adm_scale0="0.973620" adm_scale1="0.973624" adm_scale2="1.014227" adm_scale3="1.013229" motion2="6.838077" vif_scale0="0.509422" vif_scale1="0.877177" vif_scale2="0.946129" vif_scale3="0.973511" vmaf="101.612601" />
    <frame frameNum="97" adm2="0.988819" adm_scale0="0.971269" adm_scale1="0.956618" adm_scale2="0.992287" adm_scale3="1.002641" motion2="6.494508" vif_scale0="0.492809" vif_scale1="0.853079" vif_scale2="0.927905" vif_scale3="0.961347" vmaf="96.567055" />
    <frame frameNum="98" adm2="0.991951" adm_scale0="0.972713" adm_scale1="0.958756" adm_scale2="1.001707" adm_scale3="1.002616" motion2="6.203431" vif_scale0="0.498067" vif_scale1="0.856723" vif_scale2="0.930260" vif_scale3="0.962188" vmaf="97.074732" />
    <frame frameNum="99" adm2="0.991945" adm_scale0="0.967241" adm_scale1="0.964895" adm_scale2="0.996701" adm_scale3="1.004803" motion2="6.203431" vif_scale0="0.496099" vif_scale1="0.852093" vif_scale2="0.924791" vif_scale3="0.958498" vmaf="96.557340" />
    <frame frameNum="100" adm2="1.000216" adm_scale0="0.969363" adm_scale1="0.972110" adm_scale2="1.008753" adm_scale3="1.012862" motion2="6.836185" vif_scale0="0.491339" vif_scale1="0.855436" vif_scale2="0.930175" vif_scale3="0.963209" vmaf="99.636771" />
    <frame frameNum="101" adm2="0.990247" adm_scale0="0.970580" adm_scale1="0.951528" adm_scale2="0.997513" adm_scale3="1.004386" motion2="7.031013" vif_scale0="0.491915" vif_scale1="0.850673" vif_scale2="0.925829" vif_scale3="0.958918" vmaf="97.194843" />
    <frame frameNum="102" adm2="0.987589" adm_scale0="0.968093" adm_scale1="0.960065" adm_scale2="0.989809" adm_scale3="1.001728" motion2="7.301840" vif_scale0="0.505296" vif_scale1="0.859218" vif_scale2="0.929783" vif_scale3="0.961756" vmaf="97.311111" />
    <frame frameNum="103" adm2="0.991587" adm_scale0="0.968710" adm_scale1="0.969120" adm_scale2="0.991160" adm_scale3="1.005627" motion2="7.677040" vif_scale0="0.507313" vif_scale1="0.859450" vif_scale2="0.929606" vif_scale3="0.961776" vmaf="98.578063" />
    <frame frameNum="104" adm2="0.998766" adm_scale0="0.973307" adm_scale1="0.983404" adm_scale2="0.999939" adm_scale3="1.010620" motion2="8.242241" vif_scale0="0.526684" vif_scale1="0.873258" vif_scale2="0.938942" vif_scale3="0.966732" vmaf="101.542027" />
    <frame frameNum="105" adm2="0.990189" adm_scale0="0.968184" adm_scale1="0.967501" adm_scale2="0.999508" adm_scale3="0.998412" motion2="8.252743" vif_scale0="0.513231" vif_scale1="0.860474" vif_scale2="0.929580" vif_scale3="0.959600" vmaf="98.738044" />
    <frame frameNum="106" adm2="0.993993" adm_scale0="0.971352" adm_scale1="0.973102" adm_scale2="1.004074" adm_scale3="1.001730" motion2="8.197223" vif_scale0="0.525399" vif_scale1="0.865888" vif_scale2="0.931701" vif_scale3="0.961171" vmaf="99.715346" />
    <frame frameNum="107" adm2="0.993157" adm_scale0="0.972266" adm_scale1="0.957685" adm_scale2="1.001835" adm_scale3="1.005299" motion2="8.151590" vif_scale0="0.531281" vif_scale1="0.866547" vif_scale2="0.929833" vif_scale3="0.958713" vmaf="99.218114" />
    <frame frameNum="108" adm2="0.997974" adm_scale0="0.971773" adm_scale1="0.971535" adm_scale2="1.006852" adm_scale3="1.009235" motion2="8.151590" vif_scale0="0.527096" vif_scale1="0.870253" vif_scale2="0.935989" vif_scale3="0.964717" vmaf="100.986044" />
    <frame frameNum="109" adm2="0.990454" adm_scale0="0.969969" adm_scale1="0.964396" adm_scale2="0.996389" adm_scale3="1.001908" motion2="8.173396" vif_scale0="0.529010" vif_scale1="0.866802" vif_scale2="0.932764" vif_scale3="0.963398" vmaf="99.147967" />
    <frame frameNum="110" adm2="1.001989" adm_scale0="0.974370" adm_scale1="0.981570" adm_scale2="1.014948" adm_scale3="1.008908" motion2="7.728574" vif_scale0="0.530701" vif_scale1="0.871026" vif_scale2="0.935625" vif_scale3="0.964416" vmaf="101.349497" />
    <frame frameNum="111" adm2="0.995243" adm_scale0="0.976699" adm_scale1="0.968822" adm_scale2="1.004881" adm_scale3="1.003889" motion2="7.173264" vif_scale0="0.529764" vif_scale1="0.870828" vif_scale2="0.935957" vif_scale3="0.964775" vmaf="99.318280" />
    <frame frameNum="112" adm2="1.018367" adm_scale0="0.986852" adm_scale1="1.021241" adm_scale2="1.031990" adm_scale3="1.017350" motion2="6.855636" vif_scale0="0.568244" vif_scale1="0.906828" vif_scale2="0.959844" vif_scale3="0.979823" vmaf="106.253718" />
    <frame frameNum="113" adm2="0.998304" adm_scale0="0.974179" adm_scale1="0.980054" adm_scale2="1.002049" adm_scale3="1.009608" motion2="6.519027" vif_scale0="0.528876" vif_scale1="0.871419" vif_scale2="0.936654" vif_scale3="0.965806" vmaf="99.352262" />
    <frame frameNum="114" adm2="1.000745" adm_scale0="0.978887" adm_scale1="0.976222" adm_scale2="1.016664" adm_scale3="1.005756" motion2="6.067085" vif_scale0="0.514648" vif_scale1="0.863291" vif_scale2="0.931093" vif_scale3="0.962830" vmaf="98.893264" />
    <frame frameNum="115" adm2="0.997061" adm_scale0="0.977793" adm_scale1="0.979406" adm_scale2="1.005961" adm_scale3="1.003060" motion2="5.705991" vif_scale0="0.533874" vif_scale1="0.870083" vif_scale2="0.933571" vif_scale3="0.963902" vmaf="97.873756" />
    <frame frameNum="116" adm2="1.006242" adm_scale0="0.987890" adm_scale1="0.996623" adm_scale2="1.010911" adm_scale3="1.011938" motion2="5.386418" vif_scale0="0.529903" vif_scale1="0.875432" vif_scale2="0.939515" vif_scale3="0.968338" vmaf="100.091146" />
    <frame frameNum="117" adm2="0.999441" adm_scale0="0.984069" adm_scale1="0.991606" adm_scale2="1.007922" adm_scale3="1.001200" motion2="5.075470" vif_scale0="0.527504" vif_scale1="0.871849" vif_scale2="0.936288" vif_scale3="0.965914" vmaf="97.933889" />
    <frame frameNum="118" adm2="1.004323" adm_scale0="0.981346" adm_scale1="0.995014" adm_scale2="1.003489" adm_scale3="1.014296" motion2="4.830062" vif_scale0="0.519181" vif_scale1="0.869598" vif_scale2="0.935991" vif_scale3="0.966015" vmaf="98.697884" />
    <frame frameNum="119" adm2="0.994680" adm_scale0="0.978069" adm_scale1="0.984842" adm_scale2="0.999044" adm_scale3="1.000010" motion2="4.830062" vif_scale0="0.511917" vif_scale1="0.864636" vif_scale2="0.933341" vif_scale3="0.965421" vmaf="96.466484" />
    <frame frameNum="120" adm2="1.011983" adm_scale0="0.986121" adm_scale1="1.003499" adm_scale2="1.020718" adm_scale3="1.016637" motion2="4.543947" vif_scale0="0.526594" vif_scale1="0.880845" vif_scale2="0.943995" vif_scale3="0.970225" vmaf="100.695140" />
    <frame frameNum="121" adm2="1.005081" adm_scale0="0.982656" adm_scale1="0.994147" adm_scale2="1.009942" adm_scale3="1.012276" motion2="4.543947" vif_scale0="0.505569" vif_scale1="0.866116" vif_scale2="0.935780" vif_scale3="0.965975" vmaf="98.522045" />
    <frame frameNum="122" adm2="1.009735" adm_scale0="0.985736" adm_scale1="1.001081" adm_scale2="1.023655" adm_scale3="1.010487" motion2="4.681951" vif_scale0="0.514016" vif_scale1="0.871868" vif_scale2="0.938594" vif_scale3="0.966811" vmaf="99.869627" />
    <frame frameNum="123" adm2="1.005595" adm_scale0="0.982067" adm_scale1="0.987819" adm_scale2="1.009650" adm_scale3="1.016173" motion2="4.436007" vif_scale0="0.507260" vif_scale1="0.865078" vif_scale2="0.934275" vif_scale3="0.963623" vmaf="98.256295" />
    <frame frameNum="124" adm2="1.005573" adm_scale0="0.985374" adm_scale1="0.980349" adm_scale2="1.022872" adm_scale3="1.009126" motion2="4.410894" vif_scale0="0.509075" vif_scale1="0.873531" vif_scale2="0.941524" vif_scale3="0.969494" vmaf="98.996654" />
    <frame frameNum="125" adm2="1.004501" adm_scale0="0.982987" adm_scale1="0.985405" adm_scale2="1.010827" adm_scale3="1.013293" motion2="4.410894" vif_scale0="0.515025" vif_scale1="0.868400" vif_scale2="0.935839" vif_scale3="0.966057" vmaf="98.244821" />
    <frame frameNum="126" adm2="1.006327" adm_scale0="0.987837" adm_scale1="0.989350" adm_scale2="1.006367" adm_scale3="1.017420" motion2="4.462180" vif_scale0="0.519765" vif_scale1="0.873187" vif_scale2="0.938793" vif_scale3="0.967161" vmaf="98.911216" />
    <frame frameNum="127" adm2="1.004430" adm_scale0="0.984269" adm_scale1="1.001233" adm_scale2="1.006168" adm_scale3="1.010035" motion2="4.368739" vif_scale0="0.511809" vif_scale1="0.870313" vif_scale2="0.938221" vif_scale3="0.966919" vmaf="98.353036" />
    <frame frameNum="128" adm2="1.018876" adm_scale0="0.993858" adm_scale1="1.019324" adm_scale2="1.032325" adm_scale3="1.016787" motion2="4.368739" vif_scale0="0.536153" vif_scale1="0.893322" vif_scale2="0.954903" vif_scale3="0.978705" vmaf="103.134442" />
    <frame frameNum="129" adm2="1.002449" adm_scale0="0.983808" adm_scale1="0.987190" adm_scale2="1.011189" adm_scale3="1.007262" motion2="4.662647" vif_scale0="0.527627" vif_scale1="0.873823" vif_scale2="0.938291" vif_scale3="0.966539" vmaf="98.235654" />
    <frame frameNum="130" adm2="1.007110" adm_scale0="0.983175" adm_scale1="0.999668" adm_scale2="1.015052" adm_scale3="1.011126" motion2="4.662647" vif_scale0="0.514119" vif_scale1="0.869456" vif_scale2="0.937685" vif_scale3="0.967081" vmaf="99.261377" />
    <frame frameNum="131" adm2="0.997301" adm_scale0="0.981192" adm_scale1="0.976275" adm_scale2="1.003940" adm_scale3="1.004778" motion2="4.836417" vif_scale0="0.508556" vif_scale1="0.864931" vif_scale2="0.934315" vif_scale3="0.964588" vmaf="97.015730" />
    <frame frameNum="132" adm2="1.000967" adm_scale0="0.981511" adm_scale1="0.978166" adm_scale2="1.006287" adm_scale3="1.011092" motion2="5.031696" vif_scale0="0.524652" vif_scale1="0.874610" vif_scale2="0.940972" vif_scale3="0.969428" vmaf="98.690674" />
    <frame frameNum="133" adm2="1.000018" adm_scale0="0.974812" adm_scale1="0.993950" adm_scale2="1.001408" adm_scale3="1.008326" motion2="5.123641" vif_scale0="0.500408" vif_scale1="0.858411" vif_scale2="0.930882" vif_scale3="0.963858" vmaf="97.732119" />
    <frame frameNum="134" adm2="1.006390" adm_scale0="0.977132" adm_scale1="0.988097" adm_scale2="1.018706" adm_scale3="1.012861" motion2="5.137451" vif_scale0="0.508653" vif_scale1="0.867187" vif_scale2="0.937151" vif_scale3="0.966942" vmaf="99.625886" />
    <frame frameNum="135" adm2="0.997438" adm_scale0="0.975152" adm_scale1="0.977596" adm_scale2="1.004666" adm_scale3="1.005887" motion2="5.556020" vif_scale0="0.517274" vif_scale1="0.863497" vif_scale2="0.932226" vif_scale3="0.963319" vmaf="97.681985" />
    <frame frameNum="136" adm2="1.007040" adm_scale0="0.976560" adm_scale1="0.989732" adm_scale2="1.016127" adm_scale3="1.015295" motion2="5.698411" vif_scale0="0.533715" vif_scale1="0.878381" vif_scale2="0.941821" vif_scale3="0.968956" vmaf="100.773615" />
    <frame frameNum="137" adm2="0.995237" adm_scale0="0.975515" adm_scale1="0.969799" adm_scale2="1.000261" adm_scale3="1.006165" motion2="5.907775" vif_scale0="0.527864" vif_scale1="0.866680" vif_scale2="0.932197" vif_scale3="0.962141" vmaf="97.516261" />
    <frame frameNum="138" adm2="0.997009" adm_scale0="0.974904" adm_scale1="0.969138" adm_scale2="0.998836" adm_scale3="1.011230" motion2="6.206720" vif_scale0="0.504796" vif_scale1="0.862031" vif_scale2="0.933110" vif_scale3="0.964600" vmaf="98.473437" />
    <frame frameNum="139" adm2="0.991750" adm_scale0="0.972966" adm_scale1="0.974762" adm_scale2="0.994488" adm_scale3="1.000854" motion2="6.419833" vif_scale0="0.513878" vif_scale1="0.863654" vif_scale2="0.932361" vif_scale3="0.963649" vmaf="97.475837" />
    <frame frameNum="140" adm2="1.000732" adm_scale0="0.971728" adm_scale1="0.977137" adm_scale2="1.011081" adm_scale3="1.009547" motion2="6.691042" vif_scale0="0.524240" vif_scale1="0.872686" vif_scale2="0.939526" vif_scale3="0.967809" vmaf="100.350978" />
    <frame frameNum="141" adm2="0.992033" adm_scale0="0.972389" adm_scale1="0.966367" adm_scale2="0.989969" adm_scale3="1.007343" motion2="7.202104" vif_scale0="0.534276" vif_scale1="0.871222" vif_scale2="0.935376" vif_scale3="0.963582" vmaf="98.541676" />
    <frame frameNum="142" adm2="0.994897" adm_scale0="0.974011" adm_scale1="0.963157" adm_scale2="0.999079" adm_scale3="1.008625" motion2="7.314528" vif_scale0="0.529035" vif_scale1="0.872271" vif_scale2="0.937620" vif_scale3="0.966843" vmaf="99.635254" />
    <frame frameNum="143" adm2="0.995243" adm_scale0="0.970709" adm_scale1="0.958676" adm_scale2="0.999913" adm_scale3="1.010363" motion2="7.495216" vif_scale0="0.545630" vif_scale1="0.876403" vif_scale2="0.937918" vif_scale3="0.965055" vmaf="99.792081" />
    <frame frameNum="144" adm2="1.009975" adm_scale0="0.977205" adm_scale1="0.989976" adm_scale2="1.025978" adm_scale3="1.015171" motion2="7.396393" vif_scale0="0.585933" vif_scale1="0.911128" vif_scale2="0.961148" vif_scale3="0.980116" vmaf="105.144658" />
    <frame frameNum="145" adm2="0.990884" adm_scale0="0.970535" adm_scale1="0.959342" adm_scale2="0.995854" adm_scale3="1.003243" motion2="7.396393" vif_scale0="0.549387" vif_scale1="0.878117" vif_scale2="0.938441" vif_scale3="0.965285" vmaf="98.784230" />
    <frame frameNum="146" adm2="0.996072" adm_scale0="0.972538" adm_scale1="0.984190" adm_scale2="0.998987" adm_scale3="1.004295" motion2="7.952742" vif_scale0="0.555559" vif_scale1="0.885077" vif_scale2="0.943372" vif_scale3="0.969177" vmaf="101.051769" />
    <frame frameNum="147" adm2="0.993297" adm_scale0="0.974656" adm_scale1="0.955168" adm_scale2="0.997326" adm_scale3="1.007483" motion2="8.263140" vif_scale0="0.560934" vif_scale1="0.878779" vif_scale2="0.937233" vif_scale3="0.964045" vmaf="100.126703" />
    <frame frameNum="148" adm2="0.993347" adm_scale0="0.970562" adm_scale1="0.956724" adm_scale2="1.001447" adm_scale3="1.006110" motion2="8.254028" vif_scale0="0.557098" vif_scale1="0.877763" vif_scale2="0.937403" vif_scale3="0.964418" vmaf="100.160290" />
    <frame frameNum="149" adm2="1.002933" adm_scale0="0.975618" adm_scale1="0.965469" adm_scale2="1.018109" adm_scale3="1.012693" motion2="8.254028" vif_scale0="0.563453" vif_scale1="0.892072" vif_scale2="0.948924" vif_scale3="0.972516" vmaf="103.387716" />
  </frames>
</VMAF>
